PARTE DIARIO PRODUCCIÓN;;;;;;;;;;;;;;;;;;;;;;;;;;;;;;;;;;;;;;
;;;;;;;;;;;;;;;;;;;;;;;;;;;;;;;;;;;;;;
COD_PROCESO_TINTO;DESCRIPCION;SECUENCIA;PARTIDA;MAQUINA;FECHA_INICIO;FECHA_FIN;COLOR;NOMBRE_COLOR;KGS_CRUDO;OBSERVACIONES;COD_MOTIVO_REPROCESO;KGS_PARTE;FLG_REPROCESO;SUB_PROCESO;COD_TELA;DES_TELA;ROLLOS_CRUDO;HORAS_MAQUINA;MOTIVO_REPROCESO;CLIENTE;GRUPO;STATUS;REPOSICION;TIEMPO;HORA;MINUTOS;HORAS_REPROC;MINUTOS_REPROCESO;HORAS_IMPRODUCTIVAS;HORAS_REPROCESO;NRO_CARGAS;RELACION_BANO;LOTE;FLG_ESREPOSICION;OBTIENE_IMP_DOLARES_QYC;PRECIO_COTIZADO_TINTORERIA;COD_ORDPRO;COD_USUARIO
10;TERMOFIJADO;2.00;Y3253;RAM-02;28/08/2026 12:00:34;28/08/2026 12:05:45;971428;CREME BRULEE 13-1006 TCX/CREME BRULEE 13-1006 TCX;5.26;;R05;5.26;N;;IN000125;INTERLOCK OXFORD SANFORIZADO C/CLAROS - TEÑIDO 2 F;1;0.08;NORMAL;HIALPESA;;E-EN PRODUCCION;N;5.00;0;5;0;0;00:05;00:00;11;15.000;JA PA48;FALSO;0.00;0.00;;RSIERRA
10;TERMOFIJADO;2.00;Y3657;RAM-02;30/08/2026 00:56:02;30/08/2026 00:56:20;L00B8T;H CAMELETTO/BONE VINCE MENS 17448 FALL26;22.76;;R05;22.76;N;;DE010447;DOBLE MINIJACQUARD 215GSM;1;0.00;NORMAL;HIALPESA;;D-DESPACHADA;N;0.00;0;0;0;0;00:00;00:00;11;10.000;10447;FALSO;0.00;0.00;;ANCVILLR
10;TERMOFIJADO;1.00;Y2998;RAM-02;31/08/2026 01:18:22;31/08/2026 01:18:41;6329VM;SAILL COFACO 8867;557.75;;R05;557.75;N;;SE004970;JERSEY 30/1 COP TANGUIS BCI 100% CRUDO;23;0.00;NORMAL;COFACO INDUSTRIES S.A.C.;;D-DESPACHADA;N;0.00;0;0;0;0;00:00;00:00;11;8.000;;FALSO;0.00;0.00;;ANCVILLR
10;TERMOFIJADO;1.00;Y3011;RAM-02;31/08/2026 01:18:59;31/08/2026 01:20:46;6329VM;SAILL COFACO 8867;28.20;;R05;28.20;N;;SE004971;BABY RIB 1X1 30/1 BCI SPANDEX FULL CRUDO;3;0.03;NORMAL;COFACO INDUSTRIES S.A.C.;;D-DESPACHADA;N;2.00;0;2;0;0;00:02;00:00;11;8.000;;FALSO;0.00;0.00;;ANCVILLR
10;TERMOFIJADO;2.00;Y5410;RAM-02;31/08/2026 13:11:52;31/08/2026 14:41:14;671367;BRISK BLUE VINCE MENS 17757 SP27;442.32;;R05;442.32;N;;PI000331;PIQUE CALADO MACRO HONEY SOLIDO/20/1X2CBS COTT/POLY/265AW/CLAROS;22;1.50;NORMAL;VINCE;VNC-821;E-EN PRODUCCION;N;90.00;1;30;0;0;01:30;00:00;11;6.000;TOG-1 PRO1;FALSO;0.00;0.00;I9610;ANCVILLR
10;TERMOFIJADO;2.00;Y5646;RAM-02;31/08/2026 14:41:14;31/08/2026 18:12:53;L00BAG;NAVY BLAZER STRIPE TRAVIS MATHEW 17683 SS27;321.71;;R05;315.59;N;;FT000413;FRENCH TERRY LIST ING C/SPANDEX - 30/1 PP + 40D C/OSCUROS;10;3.52;NORMAL;TRAVIS MATHEW;TMW-2306;E-EN PRODUCCION;N;211.00;3;31;0;0;03:31;00:00;11;10.000;46525;FALSO;0.00;0.00;I8835;ANCVILLR
10;TERMOFIJADO;1.00;Y4545;RAM-02;1/09/2026 15:38:23;1/09/2026 16:00:15;772214;ICEBERG GREEN / ICEBERG GREEN #  TRAVIS MATHEW 176;20.10;;R05;20.10;N;;PI000294;FALSO PIQUE C/SPAN/75/72+50/1P/CLAROS;1;0.37;NORMAL;HIALPESA;;E-EN PRODUCCION;N;22.00;0;22;0;0;00:22;00:00;11;10.000;D08214;FALSO;0.00;0.00;;ANCVILLR
10;TERMOFIJADO;2.00;Y4136;RAM-02;1/09/2026 15:38:23;1/09/2026 16:00:38;772214;ICEBERG GREEN / ICEBERG GREEN #  TRAVIS MATHEW 176;62.36;;R05;62.36;N;;DE009807;FALSO PIQUE C/SPANDEX ESTAMP SUBLIMADO 75/72 POLY + 40/1 PIMA/POLY;3;0.37;NORMAL;TRAVIS MATHEW;M0000562;E-EN PRODUCCION;N;22.00;0;22;0;0;00:22;00:00;11;10.000;PA54 GPB1;FALSO;0.00;4.41;O8922;ANCVILLR
10;TERMOFIJADO;2.00;Y5940;RAM-02;4/09/2026 05:58:44;4/09/2026 09:03:00;B00502;HEATHER SANDSHELL  TRAVIS MATHEW 17536  SS27;0.00;;R05;611.48;N;;FT000416;FRENCH TERRY C/SPANDEX A/W 30/1 PP HTR + 40D;0;3.07;NORMAL;TRAVIS MATHEW;TMW-2305;C-EN ALMACEN PRE-TENIDO;N;184.00;3;4;0;0;03:04;00:00;11;NO TIENE RECETA;H000589;FALSO;0.00;0.00;;RCASAN
10;TERMOFIJADO;2.00;Y5940;RAM-02;4/09/2026 05:58:44;4/09/2026 09:03:00;B00502;HEATHER SANDSHELL  TRAVIS MATHEW 17536  SS27;0.00;;R05;611.48;N;;RI003094;RIB 1X1 FULL SPANDEX - 30/1 PP HTR + 40D //HEATHER;0;3.07;NORMAL;TRAVIS MATHEW;TMW-2305;C-EN ALMACEN PRE-TENIDO;N;184.00;3;4;0;0;03:04;00:00;11;NO TIENE RECETA;H000589;FALSO;0.00;0.00;;RCASAN
10;TERMOFIJADO;2.00;Y5940;RAM-02;4/09/2026 05:58:44;4/09/2026 09:03:00;B00502;HEATHER SANDSHELL  TRAVIS MATHEW 17536  SS27;0.00;;R05;611.48;N;;JE005424;JERSEY 30/1 PP HTR A/W;0;3.07;NORMAL;TRAVIS MATHEW;TMW-2305;C-EN ALMACEN PRE-TENIDO;N;184.00;3;4;0;0;03:04;00:00;11;NO TIENE RECETA;;FALSO;0.00;0.00;;RCASAN
10;TERMOFIJADO;2.00;Y5941;RAM-02;4/09/2026 09:03:00;4/09/2026 10:42:39;B00502;HEATHER SANDSHELL  TRAVIS MATHEW 17536  SS27;0.00;;R05;447.62;N;;FT000416;FRENCH TERRY C/SPANDEX A/W 30/1 PP HTR + 40D;0;1.65;NORMAL;TRAVIS MATHEW;TMW-2305;C-EN ALMACEN PRE-TENIDO;N;99.00;1;39;0;0;01:39;00:00;11;NO TIENE RECETA;H000589;FALSO;0.00;0.00;;MEMESAN
10;TERMOFIJADO;2.00;Y5941;RAM-02;4/09/2026 09:03:00;4/09/2026 10:42:39;B00502;HEATHER SANDSHELL  TRAVIS MATHEW 17536  SS27;0.00;;R05;447.62;N;;RI003094;RIB 1X1 FULL SPANDEX - 30/1 PP HTR + 40D //HEATHER;0;1.65;NORMAL;TRAVIS MATHEW;TMW-2305;C-EN ALMACEN PRE-TENIDO;N;99.00;1;39;0;0;01:39;00:00;11;NO TIENE RECETA;H000589;FALSO;0.00;0.00;;MEMESAN
10;TERMOFIJADO;2.00;Y5941;RAM-02;4/09/2026 09:03:00;4/09/2026 10:42:39;B00502;HEATHER SANDSHELL  TRAVIS MATHEW 17536  SS27;0.00;;R05;447.62;N;;JE005424;JERSEY 30/1 PP HTR A/W;0;1.65;NORMAL;TRAVIS MATHEW;TMW-2305;C-EN ALMACEN PRE-TENIDO;N;99.00;1;39;0;0;01:39;00:00;11;NO TIENE RECETA;;FALSO;0.00;0.00;;MEMESAN
10;TERMOFIJADO;2.00;Y5942;RAM-02;4/09/2026 10:42:39;4/09/2026 11:59:07;B00502;HEATHER SANDSHELL  TRAVIS MATHEW 17536  SS27;0.00;;R05;438.68;N;;FT000416;FRENCH TERRY C/SPANDEX A/W 30/1 PP HTR + 40D;0;1.28;NORMAL;TRAVIS MATHEW;TMW-2305;C-EN ALMACEN PRE-TENIDO;N;77.00;1;17;0;0;01:17;00:00;11;NO TIENE RECETA;H000589;FALSO;0.00;0.00;;MEMESAN
10;TERMOFIJADO;2.00;Y5942;RAM-02;4/09/2026 10:42:39;4/09/2026 11:59:07;B00502;HEATHER SANDSHELL  TRAVIS MATHEW 17536  SS27;0.00;;R05;438.68;N;;RI003094;RIB 1X1 FULL SPANDEX - 30/1 PP HTR + 40D //HEATHER;0;1.28;NORMAL;TRAVIS MATHEW;TMW-2305;C-EN ALMACEN PRE-TENIDO;N;77.00;1;17;0;0;01:17;00:00;11;NO TIENE RECETA;H000589;FALSO;0.00;0.00;;MEMESAN
10;TERMOFIJADO;2.00;Y5942;RAM-02;4/09/2026 10:42:39;4/09/2026 11:59:07;B00502;HEATHER SANDSHELL  TRAVIS MATHEW 17536  SS27;0.00;;R05;438.68;N;;JE005424;JERSEY 30/1 PP HTR A/W;0;1.28;NORMAL;TRAVIS MATHEW;TMW-2305;C-EN ALMACEN PRE-TENIDO;N;77.00;1;17;0;0;01:17;00:00;11;NO TIENE RECETA;;FALSO;0.00;0.00;;MEMESAN
10;TERMOFIJADO;2.00;Y2059;RAM-02;4/09/2026 11:59:08;4/09/2026 12:58:04;L00B8Y;HEATHER LIGHT GREY  TRAVIS MATHEW 17536  SS27;0.00;;R05;174.80;N;;FT000416;FRENCH TERRY C/SPANDEX A/W 30/1 PP HTR + 40D;0;0.98;NORMAL;TRAVIS MATHEW;TMW-2305;C-EN ALMACEN PRE-TENIDO;N;59.00;0;59;0;0;00:59;00:00;11;NO TIENE RECETA;;FALSO;0.00;0.00;;MEMESAN
10;TERMOFIJADO;2.00;Y2059;RAM-02;4/09/2026 11:59:08;4/09/2026 12:58:04;L00B8Y;HEATHER LIGHT GREY  TRAVIS MATHEW 17536  SS27;0.00;;R05;174.80;N;;RI003094;RIB 1X1 FULL SPANDEX - 30/1 PP HTR + 40D //HEATHER;0;0.98;NORMAL;TRAVIS MATHEW;TMW-2305;C-EN ALMACEN PRE-TENIDO;N;59.00;0;59;0;0;00:59;00:00;11;NO TIENE RECETA;;FALSO;0.00;0.00;;MEMESAN
10;TERMOFIJADO;1.00;Y3425;RAM-03;28/08/2026 05:34:20;28/08/2026 09:09:22;6739BN;TOTAL ECLIPSE TRAVIS MATHEW 17469 SS27;665.06;TERMOFIJADO;R05;665.06;N;;PI000328;FALSO PIQUE C/SPANDEX C/OSCUROS - 75/72 POLY + 40/1 PP/POLY + 20D SPANDEX;33;3.58;NORMAL;TRAVIS MATHEW;TMW-2317;E-EN PRODUCCION;N;215.00;3;35;0;0;03:35;00:00;25;9.000;PIP27 GPB1;FALSO;0.00;0.00;I9307;MEMESAN
10;TERMOFIJADO;2.00;Y1949;RAM-03;28/08/2026 09:09:22;28/08/2026 11:40:12;931C4U;VINTAGE  BILLY DRADDY 17239  FALL26;551.88;;R05;551.88;N;;MS000169;DOBLE FACE ROMBO ACOLCHADO(CLAROS) 30/1POLYC 65/35+70/24 NYLON;12;2.52;NORMAL;BILLY  DRADDY;BDR-265B;T-EN ALMACEN TENIDO;N;151.00;2;31;0;0;02:31;00:00;25;6.000;TAU29 GPB1;FALSO;0.00;0.00;I8800;ANCVILLR
10;TERMOFIJADO;2.00;Y2761;RAM-03;28/08/2026 11:40:12;28/08/2026 12:37:06;671163;ALLURE/ OPTIC WHITE TMW 12818 SS20;137.12;;R05;137.12;N;;IN000125;INTERLOCK OXFORD SANFORIZADO C/CLAROS - TEÑIDO 2 F;7;0.95;NORMAL;TRAVIS MATHEW;TMW-2314;E-EN PRODUCCION;N;57.00;0;57;0;0;00:57;00:00;25;8.000;JA PA48;FALSO;0.00;5.21;I9225;ANCVILLR
10;TERMOFIJADO;2.00;Y5454;RAM-03;28/08/2026 12:37:06;28/08/2026 12:37:23;171185;OPTIC WHITE VINCE MENS 18062 PREFALL27;0.00;;R05;26.94;N;;DE010058;MINI PIQUE - SINGLE DYE 30/1 TP+30/1 POLYCOTT 50/50+1%LYCRA;0;0.00;NORMAL;VINCE;M0000550;C-EN ALMACEN PRE-TENIDO;N;0.00;0;0;0;0;00:00;00:00;25;NO TIENE RECETA;TAU18 PB34;FALSO;0.00;3.59;;ANCVILLR
10;TERMOFIJADO;2.00;Y5453;RAM-03;28/08/2026 12:37:23;28/08/2026 12:37:40;171185;OPTIC WHITE VINCE MENS 18062 PREFALL27;0.00;;R05;27.16;N;;DE010058;MINI PIQUE - SINGLE DYE 30/1 TP+30/1 POLYCOTT 50/50+1%LYCRA;0;0.00;NORMAL;VINCE;M0000550;C-EN ALMACEN PRE-TENIDO;N;0.00;0;0;0;0;00:00;00:00;25;NO TIENE RECETA;TAU18 PB34;FALSO;0.00;3.59;;ANCVILLR
10;TERMOFIJADO;2.00;Y5455;RAM-03;28/08/2026 12:37:40;28/08/2026 12:37:57;171185;OPTIC WHITE VINCE MENS 18062 PREFALL27;0.00;;R05;27.04;N;;DE010058;MINI PIQUE - SINGLE DYE 30/1 TP+30/1 POLYCOTT 50/50+1%LYCRA;0;0.00;NORMAL;VINCE;M0000550;C-EN ALMACEN PRE-TENIDO;N;0.00;0;0;0;0;00:00;00:00;25;NO TIENE RECETA;TAU18 PB34;FALSO;0.00;3.59;;ANCVILLR
10;TERMOFIJADO;2.00;Y5388;RAM-03;28/08/2026 12:37:57;28/08/2026 12:38:14;971428;CREME BRULEE 13-1006 TCX/CREME BRULEE 13-1006 TCX;11.42;;R05;11.42;N;;IN000125;INTERLOCK OXFORD SANFORIZADO C/CLAROS - TEÑIDO 2 F;1;0.02;NORMAL;HIALPESA;;E-EN PRODUCCION;N;1.00;0;1;0;0;00:01;00:00;25;15.000;;FALSO;0.00;0.00;;ANCVILLR
10;TERMOFIJADO;2.00;Y5456;RAM-03;28/08/2026 12:38:14;28/08/2026 13:38:17;V02001;COLOR MEDIO;0.00;;R05;17.66;N;;RI003017;DOBLE KNIT SOLIDO W/SPAN /30/1COTT/POLY+20D/270AW/CLAROS;0;1.00;NORMAL;HIALPESA;;C-EN ALMACEN PRE-TENIDO;N;60.00;1;0;0;0;01:00;00:00;25;NO TIENE RECETA;TAU13 PB33;FALSO;0.00;0.00;;ANCVILLR
10;TERMOFIJADO;2.00;Y2760;RAM-03;29/08/2026 16:31:23;29/08/2026 18:12:28;571032;PURPLE SAGE/WHITE TMW  12140  SS19;370.04;;R05;370.04;N;;IN000125;INTERLOCK OXFORD SANFORIZADO C/CLAROS - TEÑIDO 2 F;19;1.68;NORMAL;TRAVIS MATHEW;TMW-2314;E-EN PRODUCCION;N;101.00;1;41;0;0;01:41;00:00;25;6.500;JA PA48;FALSO;0.00;0.00;I9224;MALUJU
10;TERMOFIJADO;2.00;Y5134;RAM-03;29/08/2026 18:12:28;29/08/2026 19:47:53;67399U;NAVY BLAZER 19-3923 TCX SUNDAYRED 16974 SP26;505.58;;R05;505.58;N;;FR000227;FRANELA C/SPANDEX 30/1MODAL SIRO+24/1CO/POLY+40D- OSCUROS TEÑIDO 2F;25;1.58;NORMAL;SUN DAY RED;SDR-051;E-EN PRODUCCION;N;95.00;1;35;0;0;01:35;00:00;25;NO TIENE RECETA;JA M67;FALSO;0.00;0.00;I8916;MALUJU
10;TERMOFIJADO;2.00;Y4611;RAM-03;1/09/2026 05:18:15;1/09/2026 07:36:13;171148;WHITE 2  TRAVIS M 16431 F/H25;407.73;;R05;407.73;N;;PI000292;FALSO PIQUE C/SPAN ESTAMP FCSUBLIMADO 75/72+50/1PP/POLY - CLAROS;21;2.30;NORMAL;TRAVIS MATHEW;TMW-2325;E-EN PRODUCCION;N;138.00;2;18;0;0;02:18;00:00;25;10.000;H11D10011;FALSO;0.00;4.41;I9897;MALUJU
10;TERMOFIJADO;2.00;Y4612;RAM-03;1/09/2026 07:36:13;1/09/2026 10:11:14;171148;WHITE 2  TRAVIS M 16431 F/H25;216.14;TERMOFIJADO;R05;216.14;N;;PI000292;FALSO PIQUE C/SPAN ESTAMP FCSUBLIMADO 75/72+50/1PP/POLY - CLAROS;11;2.58;NORMAL;TRAVIS MATHEW;TMW-2325;E-EN PRODUCCION;N;155.00;2;35;0;0;02:35;00:00;25;10.000;H11D10011;FALSO;0.00;4.41;I9897;MEMESAN
10;TERMOFIJADO;2.00;Y5845;RAM-03;2/09/2026 17:05:40;2/09/2026 17:06:37;631B10;PALE SKY - NEW STD OUTERKNOW 17708 SP27;0.00;TERMOFIJADO;R05;20.64;N;;DE010480;SOJOURN RIBBED - 95% REGENERATIVE ORGANIC CERTIFIED PIMA COTTON, 5% ELASTANE;0;0.02;NORMAL;HIALPESA;;C-EN ALMACEN PRE-TENIDO;N;1.00;0;1;0;0;00:01;00:00;25;NO TIENE RECETA;;FALSO;0.00;0.00;;MEMESAN
10;TERMOFIJADO;2.00;Y5844;RAM-03;2/09/2026 17:06:37;2/09/2026 17:07:09;L00BEM;EGRET/ENGLISH MANOR FAHERTY 17935 SUMMER27;35.68;TERMOFIJADO;R05;35.68;N;;DE010413;RIB 2X2 FULL SPANDEX STRIPE (SHORE FADE);2;0.02;NORMAL;HIALPESA;;E-EN PRODUCCION;N;1.00;0;1;0;0;00:01;00:00;25;10.000;;FALSO;0.00;0.00;;MEMESAN
10;TERMOFIJADO;2.00;Y5874;RAM-03;2/09/2026 17:07:09;2/09/2026 17:20:21;633DNT;NAUTI-DISCHARGE  BILLY DRADY  17814 F27;31.72;TERMOFIJADO;R05;31.72;N;;DE010437;MUESTRA FISICA ENTREGADA - DESARROLLAR TAL CUAL LA TELA ENTREGADA;2;0.22;NORMAL;HIALPESA;;E-EN PRODUCCION;N;13.00;0;13;0;0;00:13;00:00;25;11.000;;FALSO;0.00;0.00;;MEMESAN
10;TERMOFIJADO;2.00;Y5884;RAM-03;2/09/2026 17:20:21;2/09/2026 18:49:37;171168;OPTIC WHITE TRAVIS MATHEW 17469 SS27;295.36;TERMOFIJADO;R05;295.36;N;;PI000326;FALSO PIQUE C/SPANDEX ESTAMP SUBLIMADO C/CLAROS - 75/72 POLY + 40/1 PP/POLY + 20D SPANDEX;15;1.48;NORMAL;TRAVIS MATHEW;TMW-2313;E-EN PRODUCCION;N;89.00;1;29;0;0;01:29;00:00;25;10.000;PIP27 GPB1;FALSO;0.00;0.00;I8875;MEMESAN
10;TERMOFIJADO;2.00;Y5885;RAM-03;2/09/2026 18:49:37;2/09/2026 20:17:57;171168;OPTIC WHITE TRAVIS MATHEW 17469 SS27;283.85;TERMOFIJADO;R05;283.85;N;;PI000326;FALSO PIQUE C/SPANDEX ESTAMP SUBLIMADO C/CLAROS - 75/72 POLY + 40/1 PP/POLY + 20D SPANDEX;14;1.47;NORMAL;TRAVIS MATHEW;TMW-2313;E-EN PRODUCCION;N;88.00;1;28;0;0;01:28;00:00;25;10.000;PIP27 GPB1;FALSO;0.00;0.00;I8875;MEMESAN
10;TERMOFIJADO;2.00;Y5886;RAM-03;3/09/2026 04:23:36;3/09/2026 04:37:13;171168;OPTIC WHITE TRAVIS MATHEW 17469 SS27;83.24;;R05;83.24;N;;PI000326;FALSO PIQUE C/SPANDEX ESTAMP SUBLIMADO C/CLAROS - 75/72 POLY + 40/1 PP/POLY + 20D SPANDEX;4;0.23;NORMAL;TRAVIS MATHEW;TMW-2313;E-EN PRODUCCION;N;14.00;0;14;0;0;00:14;00:00;25;10.000;PIP27 GPB1;FALSO;0.00;0.00;I8875;MALUJU
10;TERMOFIJADO;2.00;Y5893;RAM-03;3/09/2026 04:51:47;3/09/2026 05:47:00;L00B8Y;HEATHER LIGHT GREY  TRAVIS MATHEW 17536  SS27;0.00;;R05;376.93;N;;FT000416;FRENCH TERRY C/SPANDEX A/W 30/1 PP HTR + 40D;0;0.93;NORMAL;TRAVIS MATHEW;TMW-2309;C-EN ALMACEN PRE-TENIDO;N;56.00;0;56;0;0;00:56;00:00;25;NO TIENE RECETA;H000593;FALSO;0.00;0.00;;MALUJU
10;TERMOFIJADO;2.00;Y5894;RAM-03;3/09/2026 05:47:00;3/09/2026 07:22:31;L00B8Y;HEATHER LIGHT GREY  TRAVIS MATHEW 17536  SS27;0.00;;R05;376.02;N;;FT000416;FRENCH TERRY C/SPANDEX A/W 30/1 PP HTR + 40D;0;1.58;NORMAL;TRAVIS MATHEW;TMW-2309;C-EN ALMACEN PRE-TENIDO;N;95.00;1;35;0;0;01:35;00:00;25;NO TIENE RECETA;H000593;FALSO;0.00;0.00;;MALUJU
10;TERMOFIJADO;2.00;Y4622;RAM-03;3/09/2026 07:22:31;3/09/2026 07:45:46;6739C7;MOOD INDIGO 19-4025 TCX / MOOD INDIGO 19-4025 TCX;211.58;TERMOFIJADO;R05;211.58;N;;PI000293;FALSO PIQUE C/SPAN ESTAMP FCSUBLIMADO 75/72+50/1PP/POLYOSCUROS;11;0.38;NORMAL;TRAVIS MATHEW;TMW-2326;E-EN PRODUCCION;N;23.00;0;23;0;0;00:23;00:00;25;NO TIENE RECETA;H11D10011;FALSO;0.00;4.41;I9898;MEMESAN
10;TERMOFIJADO;2.00;Y4621;RAM-03;3/09/2026 08:29:42;3/09/2026 10:26:30;6739C7;MOOD INDIGO 19-4025 TCX / MOOD INDIGO 19-4025 TCX;298.94;TERMOFIJADO;R05;298.94;N;;PI000293;FALSO PIQUE C/SPAN ESTAMP FCSUBLIMADO 75/72+50/1PP/POLYOSCUROS;15;1.95;NORMAL;TRAVIS MATHEW;TMW-2326;E-EN PRODUCCION;N;117.00;1;57;0;0;01:57;00:00;25;NO TIENE RECETA;H11D10011;FALSO;0.00;0.00;I9899;MEMESAN
10;TERMOFIJADO;2.00;Y5405;RAM-03;3/09/2026 10:26:30;3/09/2026 13:04:31;931CAL;BONE VINCE MENS 17670 PRESRING26;0.00;TERMOFIJADO;R05;624.14;N;;PI000331;PIQUE CALADO MACRO HONEY SOLIDO/20/1X2CBS COTT/POLY/265AW/CLAROS;0;2.63;NORMAL;VINCE;VNC-821;C-EN ALMACEN PRE-TENIDO;N;158.00;2;38;0;0;02:38;00:00;25;NO TIENE RECETA;TOG-1 PRO1;FALSO;0.00;0.00;;MEMESAN
10;TERMOFIJADO;2.00;Y5406;RAM-03;3/09/2026 13:04:31;3/09/2026 13:58:18;931CAL;BONE VINCE MENS 17670 PRESRING26;0.00;TERMOFIJADO;R05;622.20;N;;PI000331;PIQUE CALADO MACRO HONEY SOLIDO/20/1X2CBS COTT/POLY/265AW/CLAROS;0;0.90;NORMAL;VINCE;VNC-821;C-EN ALMACEN PRE-TENIDO;N;54.00;0;54;0;0;00:54;00:00;25;NO TIENE RECETA;TOG-1 PRO1;FALSO;0.00;0.00;;MEMESAN
10;TERMOFIJADO;2.00;Y5982;RAM-03;3/09/2026 13:58:18;3/09/2026 15:03:16;L00BBT;GREED HTR BILLY DRADY  17776 SP27;0.00;TERMOFIJADO;R05;352.72;N;;MS000173;DOBLE FACE ROMBO ACOLCHADO MELANGE 30/1 POLYC 65/35+70/24 NYLON;0;1.08;NORMAL;BILLY  DRADDY;BDR-265B;C-EN ALMACEN PRE-TENIDO;N;65.00;1;5;0;0;01:05;00:00;25;NO TIENE RECETA;H000577;FALSO;0.00;4.00;;MEMESAN
10;TERMOFIJADO;2.00;Y5982;RAM-03;3/09/2026 13:58:18;3/09/2026 15:03:16;L00BBT;GREED HTR BILLY DRADY  17776 SP27;0.00;TERMOFIJADO;R05;352.72;N;;MS000175;DOBLE FACE 30/1 HTR MEL 65/35 + 20D NYLON (CLAROS);0;1.08;NORMAL;BILLY  DRADDY;BDR-265B;C-EN ALMACEN PRE-TENIDO;N;65.00;1;5;0;0;01:05;00:00;25;NO TIENE RECETA;H000577;FALSO;0.00;4.00;;MEMESAN
10;TERMOFIJADO;2.00;Y5982;RAM-03;3/09/2026 13:58:18;3/09/2026 15:03:16;L00BBT;GREED HTR BILLY DRADY  17776 SP27;0.00;TERMOFIJADO;R05;352.72;N;;RI002919;RIB HTR MELANGE 2X2 F/SPANDEX 30/1X2CBS+40DN(LYCRA TEJIDA)-COMPLEMENTO;0;1.08;NORMAL;BILLY  DRADDY;BDR-265B;C-EN ALMACEN PRE-TENIDO;N;65.00;1;5;0;0;01:05;00:00;25;NO TIENE RECETA;H000577;FALSO;0.00;4.00;;MEMESAN
10;TERMOFIJADO;2.00;Y5981;RAM-03;3/09/2026 15:03:16;3/09/2026 16:39:18;L00BBT;GREED HTR BILLY DRADY  17776 SP27;0.00;TERMOFIJADO;R05;350.92;N;;MS000173;DOBLE FACE ROMBO ACOLCHADO MELANGE 30/1 POLYC 65/35+70/24 NYLON;0;1.60;NORMAL;BILLY  DRADDY;BDR-265B;C-EN ALMACEN PRE-TENIDO;N;96.00;1;36;0;0;01:36;00:00;25;NO TIENE RECETA;H000577;FALSO;0.00;4.00;;MEMESAN
10;TERMOFIJADO;2.00;Y5981;RAM-03;3/09/2026 15:03:16;3/09/2026 16:39:18;L00BBT;GREED HTR BILLY DRADY  17776 SP27;0.00;TERMOFIJADO;R05;350.92;N;;MS000175;DOBLE FACE 30/1 HTR MEL 65/35 + 20D NYLON (CLAROS);0;1.60;NORMAL;BILLY  DRADDY;BDR-265B;C-EN ALMACEN PRE-TENIDO;N;96.00;1;36;0;0;01:36;00:00;25;NO TIENE RECETA;H000577;FALSO;0.00;4.00;;MEMESAN
10;TERMOFIJADO;2.00;Y5981;RAM-03;3/09/2026 15:03:16;3/09/2026 16:39:18;L00BBT;GREED HTR BILLY DRADY  17776 SP27;0.00;TERMOFIJADO;R05;350.92;N;;RI002919;RIB HTR MELANGE 2X2 F/SPANDEX 30/1X2CBS+40DN(LYCRA TEJIDA)-COMPLEMENTO;0;1.60;NORMAL;BILLY  DRADDY;BDR-265B;C-EN ALMACEN PRE-TENIDO;N;96.00;1;36;0;0;01:36;00:00;25;NO TIENE RECETA;H000577;FALSO;0.00;4.00;;MEMESAN
01;TEÑIDO;3.00;Y6040;MAQ-01;3/09/2026 14:24:03;3/09/2026 18:36:13;1119SV;WHITE J.JILL 9408 HOLLIDAY2014;5.12;;R05;5.12;N;;JE000455;JERSEY PARA PRUEBA DE HILADO 30/1 - 60/1;1;4.20;NORMAL;HIALPESA TEJEDURIA PRUEBA DE HILADOS;;E-EN PRODUCCION;N;252.00;4;12;0;0;04:12;00:00;1;15.000;;FALSO;0.00;0.00;;ROSAEDGA
01;TEÑIDO;3.50;Y5132;MAQ-03;28/08/2026 03:15:34;28/08/2026 12:50:26;67399U;NAVY BLAZER 19-3923 TCX SUNDAYRED 16974 SP26;536.30;;R05;536.30;N;;FR000227;FRANELA C/SPANDEX 30/1MODAL SIRO+24/1CO/POLY+40D- OSCUROS TEÑIDO 2F;27;9.58;NORMAL;SUN DAY RED;SDR-051;E-EN PRODUCCION;N;575.00;9;35;0;0;09:35;00:00;18;6.000;JA M66;FALSO;0.00;0.00;I8916;ROSAEDGA
01;TEÑIDO;3.00;Y4526;MAQ-03;28/08/2026 13:00:31;28/08/2026 20:50:50;631AZP;VISTA BLUE VINCE WOMENS 17842 SPRING27;499.80;;R05;499.80;N;;IN000242;INTERLOCK SOLIDO / 50/1PP / 185BW / CLAROS;23;7.83;NORMAL;VINCE WOMENS;VCW-663;E-EN PRODUCCION;N;470.00;7;50;0;0;07:50;00:00;18;6.000;02P-26;FALSO;0.00;3.82;I8967;ROSAEDGA
01;TEÑIDO;4.00;Y4068;MAQ-03;28/08/2026 21:06:17;29/08/2026 05:40:47;7319QP;SAGE 16-5808 TCX VARSITY 16086;466.02;JB.A.;R05;432.90;N;;FT000406;FRENCH TERRY 2 HILOS DIAGONAL CALADO 1-1 (X2 CABOS) - OSCUROS;22;8.57;NORMAL;VARSITY;VAR-299;T-EN ALMACEN TENIDO;N;514.00;8;34;0;0;08:34;00:00;18;6.000;LOTE  -  VS084  // J;FALSO;0.00;3.12;I9743;ROSAEDGA
01;TEÑIDO;3.00;Y4068;MAQ-03;28/08/2026 21:06:17;29/08/2026 05:40:48;7319QP;SAGE 16-5808 TCX VARSITY 16086;466.02;JB.A.;R05;33.12;N;;FT000406;FRENCH TERRY 2 HILOS DIAGONAL CALADO 1-1 (X2 CABOS) - OSCUROS;22;8.57;NORMAL;VARSITY;VAR-299;T-EN ALMACEN TENIDO;N;514.00;8;34;0;0;08:34;00:00;18;6.000;LOTE  -  VS084  // J;FALSO;0.00;3.12;I9743;ROSAEDGA
01;TEÑIDO;3.00;Y4407;MAQ-03;29/08/2026 05:51:05;29/08/2026 15:20:58;N33BBI;BLACK 19-0303 TCX FORTY SEVEN 17840;538.00;;R05;538.00;N;;JE005298;JERSEY 30/1 CT 100% ALGODON - OSCUROS Y MEDIOS;25;9.48;NORMAL;FORTY SEVEN;FSE-1228;T-EN ALMACEN TENIDO;N;569.00;9;29;0;0;09:29;00:00;18;6.000;TAU-31;FALSO;0.00;3.32;J1174;ROSAEDGA
01;TEÑIDO;2.00;Y4957;MAQ-03;29/08/2026 15:30:41;30/08/2026 05:00:22;9339O1;MARROM JAVA 19-1016 TCX  TEXT HEAWOOK 8851;471.45;MTZ B/N;R05;471.45;N;;SE005035;INTERLOCK 50/1 PEINADO;22;13.50;NORMAL;THT EXPORT SAC;;D-DESPACHADA;N;810.00;13;30;0;0;13:30;00:00;18;6.000;;FALSO;0.00;0.00;;ROSAEDGA
01;TEÑIDO;3.00;Y5312;MAQ-03;30/08/2026 07:29:48;30/08/2026 14:38:57;6329L4;MARINE BLUE-DISCHARGE VARSITY 15318 SP23;545.06;;R05;545.06;N;;JE005382;JERSEY FLAME (20/1 FLAME CO + 20/1 CO) - C/OSCUROS;24;7.15;NORMAL;VARSITY;VAR-298;T-EN ALMACEN TENIDO;N;429.00;7;9;0;0;07:09;00:00;18;6.000;JA AU107;FALSO;0.00;3.29;I9735;ROSAEDGA
01;TEÑIDO;3.00;Y5650;MAQ-03;31/08/2026 08:40:15;31/08/2026 17:40:26;6329NZ;MARINA BLUE STANDARD VARSITY 16086 SP23;302.18;;R05;87.94;N;;FT000406;FRENCH TERRY 2 HILOS DIAGONAL CALADO 1-1 (X2 CABOS) - OSCUROS;11;9.00;NORMAL;VARSITY;VAR-299;T-EN ALMACEN TENIDO;N;540.00;9;0;0;0;09:00;00:00;18;6.000;JA AU107;FALSO;0.00;2.59;I9741;RSIERRA
01;TEÑIDO;4.00;Y5649;MAQ-03;31/08/2026 08:40:22;31/08/2026 17:40:27;6329NZ;MARINA BLUE STANDARD VARSITY 16086 SP23;205.99;;R05;205.99;N;;FT000406;FRENCH TERRY 2 HILOS DIAGONAL CALADO 1-1 (X2 CABOS) - OSCUROS;11;9.00;NORMAL;VARSITY;VAR-299;T-EN ALMACEN TENIDO;N;540.00;9;0;0;0;09:00;00:00;18;6.000;LOTE  -  VS084  // J;FALSO;0.00;2.59;I9741;ROSAEDGA
01;TEÑIDO;4.00;Y5650;MAQ-03;31/08/2026 08:40:22;31/08/2026 17:40:27;6329NZ;MARINA BLUE STANDARD VARSITY 16086 SP23;302.18;;R05;214.24;N;;FT000406;FRENCH TERRY 2 HILOS DIAGONAL CALADO 1-1 (X2 CABOS) - OSCUROS;11;9.00;NORMAL;VARSITY;VAR-299;T-EN ALMACEN TENIDO;N;540.00;9;0;0;0;09:00;00:00;18;6.000;JA AU107;FALSO;0.00;2.59;I9741;ROSAEDGA
01;TEÑIDO;2.00;Y5220;MAQ-03;31/08/2026 08:40:22;31/08/2026 17:40:26;6329NZ;MARINA BLUE STANDARD VARSITY 16086 SP23;7.22;;R05;7.22;N;;CD000116;"CORDON TRENZADO TUBULAR 5/8"" 100% COTTON 24/1 COD:1909 ARACNE";1;9.00;NORMAL;VARSITY;VAR-299;E-EN PRODUCCION;N;540.00;9;0;0;0;09:00;00:00;18;6.000;LOTE  -  JA AU106;FALSO;0.00;0.00;I9741;ROSAEDGA
01;TEÑIDO;3.00;Y4408;MAQ-03;31/08/2026 17:50:11;1/09/2026 02:50:13;N33BBI;BLACK 19-0303 TCX FORTY SEVEN 17840;537.14;;R05;537.14;N;;JE005298;JERSEY 30/1 CT 100% ALGODON - OSCUROS Y MEDIOS;25;9.00;NORMAL;FORTY SEVEN;FSE-1228;T-EN ALMACEN TENIDO;N;540.00;9;0;0;0;09:00;00:00;18;6.000;TAU-31;FALSO;0.00;3.32;J1174;ROSAEDGA
01;TEÑIDO;3.00;Y4411;MAQ-03;1/09/2026 03:04:16;1/09/2026 12:15:48;N33BBI;BLACK 19-0303 TCX FORTY SEVEN 17840;536.80;;R05;536.80;N;;JE005298;JERSEY 30/1 CT 100% ALGODON - OSCUROS Y MEDIOS;26;9.18;NORMAL;FORTY SEVEN;FSE-1228;E-EN PRODUCCION;N;551.00;9;11;0;0;09:11;00:00;18;6.000;TAU-31;FALSO;0.00;3.32;J1169;CAZAOS
01;TEÑIDO;3.00;Y4412;MAQ-03;1/09/2026 12:25:48;1/09/2026 21:05:48;N33BBI;BLACK 19-0303 TCX FORTY SEVEN 17840;524.42;;R05;524.42;N;;JE005298;JERSEY 30/1 CT 100% ALGODON - OSCUROS Y MEDIOS;25;8.67;NORMAL;FORTY SEVEN;FSE-1228;E-EN PRODUCCION;N;520.00;8;40;0;0;08:40;00:00;18;6.000;TAU-31;FALSO;0.00;3.32;J1168;IZALANDRE
01;TEÑIDO;3.00;Y5756;MAQ-03;1/09/2026 21:05:03;2/09/2026 06:20:04;N33BBI;BLACK 19-0303 TCX FORTY SEVEN 17840;538.12;;R05;538.12;N;;JE005298;JERSEY 30/1 CT 100% ALGODON - OSCUROS Y MEDIOS;25;9.25;NORMAL;FORTY SEVEN;FSE-1228;E-EN PRODUCCION;N;555.00;9;15;0;0;09:15;00:00;18;6.000;TAU-31;FALSO;0.00;3.32;J1171;ROSAEDGA
01;TEÑIDO;3.00;Y5378;MAQ-03;2/09/2026 06:32:45;2/09/2026 15:00:53;N33BBI;BLACK 19-0303 TCX FORTY SEVEN 17840;541.66;;R05;541.66;N;;JE005298;JERSEY 30/1 CT 100% ALGODON - OSCUROS Y MEDIOS;25;8.47;NORMAL;FORTY SEVEN;FSE-1228;E-EN PRODUCCION;N;508.00;8;28;0;0;08:28;00:00;18;6.000;TAU-31;FALSO;0.00;3.32;J1170;ROSAEDGA
01;TEÑIDO;3.00;Y5889;MAQ-03;2/09/2026 15:15:33;2/09/2026 23:50:13;N33BBI;BLACK 19-0303 TCX FORTY SEVEN 17840;534.96;;R05;534.96;N;;JE005298;JERSEY 30/1 CT 100% ALGODON - OSCUROS Y MEDIOS;25;8.58;NORMAL;FORTY SEVEN;FSE-1252;E-EN PRODUCCION;N;515.00;8;35;0;0;08:35;00:00;18;6.000;TAU-31;FALSO;0.00;4.00;J1661;CAZAOS
01;TEÑIDO;3.00;Y5133;MAQ-03;3/09/2026 00:00:52;3/09/2026 05:50:33;67399U;NAVY BLAZER 19-3923 TCX SUNDAYRED 16974 SP26;551.14;;R05;551.14;N;;FR000227;FRANELA C/SPANDEX 30/1MODAL SIRO+24/1CO/POLY+40D- OSCUROS TEÑIDO 2F;27;5.83;NORMAL;SUN DAY RED;SDR-051;E-EN PRODUCCION;N;350.00;5;50;0;0;05:50;00:00;18;6.000;JA M66;FALSO;0.00;0.00;I8916;CAPAALEX
01;TEÑIDO;3.00;Y5890;MAQ-03;3/09/2026 06:04:41;3/09/2026 14:40:31;N33BBI;BLACK 19-0303 TCX FORTY SEVEN 17840;534.72;;R05;534.72;N;;JE005298;JERSEY 30/1 CT 100% ALGODON - OSCUROS Y MEDIOS;25;8.60;NORMAL;FORTY SEVEN;FSE-1252;E-EN PRODUCCION;N;516.00;8;36;0;0;08:36;00:00;18;6.000;TAU-31;FALSO;0.00;4.00;J1661;CAPAALEX
01;TEÑIDO;3.00;Y5972;MAQ-03;3/09/2026 14:50:05;3/09/2026 23:30:26;N33BBI;BLACK 19-0303 TCX FORTY SEVEN 17840;59.62;;R05;59.62;N;;JE005298;JERSEY 30/1 CT 100% ALGODON - OSCUROS Y MEDIOS;2;8.67;NORMAL;FORTY SEVEN;FSE-1252;E-EN PRODUCCION;N;520.00;8;40;0;0;08:40;00:00;18;6.000;TAU-31;FALSO;0.00;4.00;J1661;RSIERRA
01;TEÑIDO;3.00;Y5971;MAQ-03;3/09/2026 14:50:40;3/09/2026 23:30:06;N33BBI;BLACK 19-0303 TCX FORTY SEVEN 17840;477.46;;R05;477.46;N;;JE005298;JERSEY 30/1 CT 100% ALGODON - OSCUROS Y MEDIOS;23;8.67;NORMAL;FORTY SEVEN;FSE-1252;E-EN PRODUCCION;N;520.00;8;40;0;0;08:40;00:00;18;6.000;TAU-31;FALSO;0.00;4.00;J1661;ROSAEDGA
01;TEÑIDO;3.00;Y5943;MAQ-03;3/09/2026 23:44:23;4/09/2026 08:09:17;633DNI;NAVY 19-4010 TCX FORTY SEVEN 17840;543.36;;R05;543.36;N;;JE005298;JERSEY 30/1 CT 100% ALGODON - OSCUROS Y MEDIOS;26;8.42;NORMAL;FORTY SEVEN;FSE-1228;E-EN PRODUCCION;N;505.00;8;25;0;0;08:25;00:00;18;6.000;JA AU107;FALSO;0.00;3.32;J1171;BRARAZOSI
01;TEÑIDO;3.00;Y5461;MAQ-04;28/08/2026 06:01:31;28/08/2026 13:40:50;931BJM;VINTAGE WHITE STANDARD VARSITY 16086 SP23;257.59;;R05;95.09;N;;FT000407;FRENCH TERRY 2 HILOS DIAGONAL CALADO 1-1 (X2 CABOS) - CLAROS;8;7.65;NORMAL;VARSITY;VAR-299;T-EN ALMACEN TENIDO;N;459.00;7;39;0;0;07:39;00:00;27;6.000;LOTE -  VS084  //  J;FALSO;0.00;0.00;I9743;RSIERRA
01;TEÑIDO;4.00;Y5460;MAQ-04;28/08/2026 06:21:40;28/08/2026 13:40:16;931BJM;VINTAGE WHITE STANDARD VARSITY 16086 SP23;223.43;;R05;223.43;N;;FT000407;FRENCH TERRY 2 HILOS DIAGONAL CALADO 1-1 (X2 CABOS) - CLAROS;11;7.32;NORMAL;VARSITY;VAR-299;T-EN ALMACEN TENIDO;N;439.00;7;19;0;0;07:19;00:00;27;6.000;LOTE  -  JA AU106  /;FALSO;0.00;0.00;I9743;ROSAEDGA
01;TEÑIDO;4.00;Y5461;MAQ-04;28/08/2026 06:21:40;28/08/2026 13:40:16;931BJM;VINTAGE WHITE STANDARD VARSITY 16086 SP23;257.59;;R05;162.50;N;;FT000407;FRENCH TERRY 2 HILOS DIAGONAL CALADO 1-1 (X2 CABOS) - CLAROS;8;7.32;NORMAL;VARSITY;VAR-299;T-EN ALMACEN TENIDO;N;439.00;7;19;0;0;07:19;00:00;27;6.000;LOTE -  VS084  //  J;FALSO;0.00;0.00;I9743;ROSAEDGA
01;TEÑIDO;4.00;Y4484;MAQ-04;28/08/2026 13:50:20;28/08/2026 20:50:23;671367;BRISK BLUE VINCE MENS 17757 SP27;475.70;;R05;475.70;N;;PI000331;PIQUE CALADO MACRO HONEY SOLIDO/20/1X2CBS COTT/POLY/265AW/CLAROS;24;7.00;NORMAL;VINCE;VNC-821;E-EN PRODUCCION;N;420.00;7;0;0;0;07:00;00:00;27;6.000;TOG-1 PRO1;FALSO;0.00;0.00;I9610;ROSAEDGA
01;TEÑIDO;2.00;Y5390;MAQ-04;28/08/2026 23:20:27;29/08/2026 04:30:32;111B6N;WHITE  ROLLER RABBIT 1722;489.94;;R05;489.94;N;;IN000229;INTERLOCK ESTAMPADO PIGMENTO FULL COBERTURA 50/1 NE;25;5.17;NORMAL;ROLLER RABBIT;RRT-012F;E-EN PRODUCCION;N;310.00;5;10;0;0;05:10;00:00;27;8.000;02P-26;FALSO;0.00;2.10;J1568;ROSAEDGA
01;TEÑIDO;2.00;Y5391;MAQ-04;29/08/2026 04:48:58;29/08/2026 10:50:32;111B6N;WHITE  ROLLER RABBIT 1722;525.58;;R05;525.58;N;;IN000229;INTERLOCK ESTAMPADO PIGMENTO FULL COBERTURA 50/1 NE;26;6.03;NORMAL;ROLLER RABBIT;RRT-012F;E-EN PRODUCCION;N;362.00;6;2;0;0;06:02;00:00;27;8.000;02P-26;FALSO;0.00;2.10;J1569;ROSAEDGA
01;TEÑIDO;2.00;Y5080;MAQ-04;29/08/2026 11:00:58;29/08/2026 16:10:17;111B6N;WHITE  ROLLER RABBIT 1722;447.78;;R05;447.78;N;;IN000229;INTERLOCK ESTAMPADO PIGMENTO FULL COBERTURA 50/1 NE;22;5.17;NORMAL;ROLLER RABBIT;RRT-012G;T-EN ALMACEN TENIDO;N;310.00;5;10;0;0;05:10;00:00;27;8.000;02P-26;FALSO;0.00;3.32;J1555;ROSAEDGA
01;TEÑIDO;3.00;Y3202;MAQ-04;29/08/2026 16:20:02;29/08/2026 21:00:05;111688;BLANCO T.SUR;443.81;;R05;443.81;N;;JE004456;JERSEY 30/1-100% ALGODON ACABADO ABIERTO /CLAROS;23;4.67;NORMAL;TEXTILES DEL SUR S.A.;;E-EN PRODUCCION;N;280.00;4;40;0;0;04:40;00:00;27;8.000;JA AU106;FALSO;0.00;0.00;;ROSAEDGA
01;TEÑIDO;3.00;Y3203;MAQ-04;29/08/2026 21:10:26;30/08/2026 01:40:31;111688;BLANCO T.SUR;443.17;;R05;443.17;N;;JE004456;JERSEY 30/1-100% ALGODON ACABADO ABIERTO /CLAROS;23;4.50;NORMAL;TEXTILES DEL SUR S.A.;;E-EN PRODUCCION;N;270.00;4;30;0;0;04:30;00:00;27;8.000;JA AU106;FALSO;0.00;0.00;;ROSAEDGA
01;TEÑIDO;2.00;Y5754;MAQ-04;30/08/2026 01:50:31;30/08/2026 10:20:40;111B6N;WHITE  ROLLER RABBIT 1722;511.94;;R05;511.94;N;;IN000229;INTERLOCK ESTAMPADO PIGMENTO FULL COBERTURA 50/1 NE;26;8.50;NORMAL;ROLLER RABBIT;RRT-012F;E-EN PRODUCCION;N;510.00;8;30;0;0;08:30;00:00;27;8.000;02P-26;FALSO;0.00;2.15;J1567;ROSAEDGA
01;TEÑIDO;3.00;Y5394;MAQ-04;30/08/2026 10:30:55;30/08/2026 14:34:56;111B6N;WHITE  ROLLER RABBIT 1722;5.42;;R05;5.42;N;;IN000232;INTERLOCK SOLIDO 50/1 PP - COMPLEMENTO;1;4.07;NORMAL;ROLLER RABBIT;RRT-012F;E-EN PRODUCCION;N;244.00;4;4;0;0;04:04;00:00;27;8.000;02P-26;FALSO;0.00;3.62;J1572;ROSAEDGA
01;TEÑIDO;2.00;Y5395;MAQ-04;30/08/2026 10:30:55;30/08/2026 14:34:56;111B6N;WHITE  ROLLER RABBIT 1722;28.10;;R05;28.10;N;;RI002964;RIB 1X1 40/1 PP - COMPLEMENTO;2;4.07;NORMAL;ROLLER RABBIT;RRT-012F;E-EN PRODUCCION;N;244.00;4;4;0;0;04:04;00:00;27;8.000;JA PA48;FALSO;0.00;3.42;J1572;ROSAEDGA
01;TEÑIDO;2.00;Y5755;MAQ-04;30/08/2026 10:30:55;30/08/2026 14:34:57;111B6N;WHITE  ROLLER RABBIT 1722;168.64;;R05;168.64;N;;IN000229;INTERLOCK ESTAMPADO PIGMENTO FULL COBERTURA 50/1 NE;9;4.07;NORMAL;ROLLER RABBIT;RRT-012F;E-EN PRODUCCION;N;244.00;4;4;0;0;04:04;00:00;27;8.000;02P-26;FALSO;0.00;2.15;J1567;ROSAEDGA
01;TEÑIDO;2.00;Y5393;MAQ-04;30/08/2026 10:30:56;30/08/2026 14:34:58;111B6N;WHITE  ROLLER RABBIT 1722;311.26;;R05;311.26;N;;IN000229;INTERLOCK ESTAMPADO PIGMENTO FULL COBERTURA 50/1 NE;16;4.07;NORMAL;ROLLER RABBIT;RRT-012F;E-EN PRODUCCION;N;244.00;4;4;0;0;04:04;00:00;27;8.000;02P-26;FALSO;0.00;3.32;J1572;ROSAEDGA
01;TEÑIDO;3.00;Y1949;MAQ-04;31/08/2026 09:14:45;31/08/2026 15:50:54;931C4U;VINTAGE  BILLY DRADDY 17239  FALL26;551.88;;R05;437.54;N;;MS000169;DOBLE FACE ROMBO ACOLCHADO(CLAROS) 30/1POLYC 65/35+70/24 NYLON;12;6.60;NORMAL;BILLY  DRADDY;BDR-265B;T-EN ALMACEN TENIDO;N;396.00;6;36;0;0;06:36;00:00;27;6.000;TAU29 GPB1;FALSO;0.00;0.00;I8800;ROSAEDGA
01;TEÑIDO;4.00;Y1949;MAQ-04;31/08/2026 09:14:45;31/08/2026 15:50:55;931C4U;VINTAGE  BILLY DRADDY 17239  FALL26;551.88;;R05;114.34;N;;MS000169;DOBLE FACE ROMBO ACOLCHADO(CLAROS) 30/1POLYC 65/35+70/24 NYLON;12;6.60;NORMAL;BILLY  DRADDY;BDR-265B;T-EN ALMACEN TENIDO;N;396.00;6;36;0;0;06:36;00:00;27;6.000;TAU29 GPB1;FALSO;0.00;0.00;I8800;ROSAEDGA
01;TEÑIDO;3.00;Y5780;MAQ-04;31/08/2026 16:00:02;31/08/2026 19:25:16;B00004;BLANQUEO PARA PIGMENTAR;467.76;;R05;467.76;N;;JE002855;JERSEY SOLIDO 30/1 BLANQUEO;23;3.42;NORMAL;BILLY  DRADDY;BDR-280;T-EN ALMACEN TENIDO;N;205.00;3;25;0;0;03:25;00:00;27;10.000;JA PIP-27;FALSO;0.00;2.40;I9764;ROSAEDGA
01;TEÑIDO;3.00;Y5781;MAQ-04;31/08/2026 19:35:50;31/08/2026 23:00:17;B00004;BLANQUEO PARA PIGMENTAR;413.92;;R05;413.92;N;;JE002855;JERSEY SOLIDO 30/1 BLANQUEO;20;3.42;NORMAL;BILLY  DRADDY;BDR-280;T-EN ALMACEN TENIDO;N;205.00;3;25;0;0;03:25;00:00;27;10.000;JA PIP-27;FALSO;0.00;2.40;I9765;CAZAOS
01;TEÑIDO;3.00;Y4077;MAQ-04;1/09/2026 00:20:58;1/09/2026 08:00:04;931BJM;VINTAGE WHITE STANDARD VARSITY 16086 SP23;505.76;;R05;141.44;N;;FT000407;FRENCH TERRY 2 HILOS DIAGONAL CALADO 1-1 (X2 CABOS) - CLAROS;18;7.67;NORMAL;VARSITY;VAR-299;T-EN ALMACEN TENIDO;N;460.00;7;40;0;0;07:40;00:00;27;6.000;LOTE -  VS084  //  J;FALSO;0.00;0.00;I9742;CAZAOS
01;TEÑIDO;5.00;Y4077;MAQ-04;1/09/2026 00:20:58;1/09/2026 08:00:54;931BJM;VINTAGE WHITE STANDARD VARSITY 16086 SP23;505.76;;R05;364.32;N;;FT000407;FRENCH TERRY 2 HILOS DIAGONAL CALADO 1-1 (X2 CABOS) - CLAROS;18;7.67;NORMAL;VARSITY;VAR-299;T-EN ALMACEN TENIDO;N;460.00;7;40;0;0;07:40;00:00;27;6.000;LOTE -  VS084  //  J;FALSO;0.00;0.00;I9742;CAZAOS
01;TEÑIDO;4.00;Y4078;MAQ-04;1/09/2026 08:14:53;1/09/2026 14:50:45;931BJM;VINTAGE WHITE STANDARD VARSITY 16086 SP23;508.26;;R05;365.32;N;;FT000407;FRENCH TERRY 2 HILOS DIAGONAL CALADO 1-1 (X2 CABOS) - CLAROS;18;6.60;NORMAL;VARSITY;VAR-299;T-EN ALMACEN TENIDO;N;396.00;6;36;0;0;06:36;00:00;27;6.000;LOTE -  VS084  //  J;FALSO;0.00;0.00;I9742;CAZAOS
01;TEÑIDO;3.00;Y4078;MAQ-04;1/09/2026 08:14:54;1/09/2026 14:50:46;931BJM;VINTAGE WHITE STANDARD VARSITY 16086 SP23;508.26;;R05;142.94;N;;FT000407;FRENCH TERRY 2 HILOS DIAGONAL CALADO 1-1 (X2 CABOS) - CLAROS;18;6.60;NORMAL;VARSITY;VAR-299;T-EN ALMACEN TENIDO;N;396.00;6;36;0;0;06:36;00:00;27;6.000;LOTE -  VS084  //  J;FALSO;0.00;0.00;I9742;CAZAOS
01;TEÑIDO;4.50;Y4484;MAQ-04;1/09/2026 15:00:46;1/09/2026 23:00:33;671367;BRISK BLUE VINCE MENS 17757 SP27;475.70;JB.A.;R05;475.70;N;;PI000331;PIQUE CALADO MACRO HONEY SOLIDO/20/1X2CBS COTT/POLY/265AW/CLAROS;24;8.00;NORMAL;VINCE;VNC-821;E-EN PRODUCCION;N;480.00;8;0;0;0;08:00;00:00;27;6.000;TOG-1 PRO1;FALSO;0.00;0.00;I9610;IZALANDRE
01;TEÑIDO;4.00;Y5764;MAQ-04;1/09/2026 23:10:03;2/09/2026 05:50:37;931BJM;VINTAGE WHITE STANDARD VARSITY 16086 SP23;253.34;;R05;201.06;N;;FT000407;FRENCH TERRY 2 HILOS DIAGONAL CALADO 1-1 (X2 CABOS) - CLAROS;10;6.67;NORMAL;VARSITY;VAR-299;T-EN ALMACEN TENIDO;N;400.00;6;40;0;0;06:40;00:00;27;6.000;LOTE  -  JA AU105  /;FALSO;0.00;3.12;I9744;ROSAEDGA
01;TEÑIDO;3.00;Y5764;MAQ-04;1/09/2026 23:10:03;2/09/2026 05:50:38;931BJM;VINTAGE WHITE STANDARD VARSITY 16086 SP23;253.34;;R05;52.28;N;;FT000407;FRENCH TERRY 2 HILOS DIAGONAL CALADO 1-1 (X2 CABOS) - CLAROS;10;6.67;NORMAL;VARSITY;VAR-299;T-EN ALMACEN TENIDO;N;400.00;6;40;0;0;06:40;00:00;27;6.000;LOTE  -  JA AU105  /;FALSO;0.00;3.12;I9744;ROSAEDGA
01;TEÑIDO;4.00;Y5765;MAQ-04;1/09/2026 23:10:51;2/09/2026 05:50:37;931BJM;VINTAGE WHITE STANDARD VARSITY 16086 SP23;243.50;;R05;182.84;N;;FT000407;FRENCH TERRY 2 HILOS DIAGONAL CALADO 1-1 (X2 CABOS) - CLAROS;9;6.67;NORMAL;VARSITY;VAR-299;T-EN ALMACEN TENIDO;N;400.00;6;40;0;0;06:40;00:00;27;6.000;LOTE -  VS084  //  J;FALSO;0.00;3.12;I9742;RSIERRA
01;TEÑIDO;3.00;Y5765;MAQ-04;1/09/2026 23:10:51;2/09/2026 05:50:13;931BJM;VINTAGE WHITE STANDARD VARSITY 16086 SP23;243.50;;R05;60.66;N;;FT000407;FRENCH TERRY 2 HILOS DIAGONAL CALADO 1-1 (X2 CABOS) - CLAROS;9;6.67;NORMAL;VARSITY;VAR-299;T-EN ALMACEN TENIDO;N;400.00;6;40;0;0;06:40;00:00;27;6.000;LOTE -  VS084  //  J;FALSO;0.00;3.12;I9742;RSIERRA
01;TEÑIDO;4.00;Y4062;MAQ-04;2/09/2026 06:03:02;2/09/2026 13:45:28;6329V6;JETTY VARSITY 1779;424.98;;R05;337.70;N;;FT000406;FRENCH TERRY 2 HILOS DIAGONAL CALADO 1-1 (X2 CABOS) - OSCUROS;18;7.70;NORMAL;VARSITY;VAR-299;E-EN PRODUCCION;N;462.00;7;42;0;0;07:42;00:00;27;6.000;JA AU107;FALSO;0.00;0.00;I9744;ROSAEDGA
01;TEÑIDO;3.00;Y4062;MAQ-04;2/09/2026 06:03:02;2/09/2026 13:45:29;6329V6;JETTY VARSITY 1779;424.98;;R05;87.28;N;;FT000406;FRENCH TERRY 2 HILOS DIAGONAL CALADO 1-1 (X2 CABOS) - OSCUROS;18;7.70;NORMAL;VARSITY;VAR-299;E-EN PRODUCCION;N;462.00;7;42;0;0;07:42;00:00;27;6.000;JA AU107;FALSO;0.00;0.00;I9744;ROSAEDGA
01;TEÑIDO;3.00;Y4527;MAQ-04;2/09/2026 13:55:45;2/09/2026 20:30:55;631AZP;VISTA BLUE VINCE WOMENS 17842 SPRING27;501.52;;R05;501.52;N;;IN000242;INTERLOCK SOLIDO / 50/1PP / 185BW / CLAROS;25;6.58;NORMAL;VINCE WOMENS;VCW-663;E-EN PRODUCCION;N;395.00;6;35;0;0;06:35;00:00;27;6.000;02P-26;FALSO;0.00;0.00;I8967;CAZAOS
01;TEÑIDO;3.00;Y5750;MAQ-04;2/09/2026 20:34:40;3/09/2026 01:00:55;111B2F;WHITE ( ESTANDAR) FAHERTY 16651 SUMM15;431.04;;R05;431.04;N;;JE005117;JERSEY SLUB END ON END 24/1 FLAMÉ ORG+24/1 TC ORG - CLAROS;20;4.43;NORMAL;FAHERTY BRAND;FHB-112;E-EN PRODUCCION;N;266.00;4;26;0;0;04:26;00:00;27;8.000;JA AU107;FALSO;0.00;3.48;J0225;LOREAJUL
01;TEÑIDO;2.00;Y5850;MAQ-04;3/09/2026 01:10:50;3/09/2026 05:23:09;111BAV;BLANCO   TEXTILES HEAWOOK 8757;441.10;;R05;441.10;N;;SE005028;JERSEY 20/1 100% COTTON;21;4.22;NORMAL;TEXTILES THT PERU S.A.C;;E-EN PRODUCCION;N;253.00;4;13;0;0;04:13;00:00;27;8.000;;FALSO;0.00;0.00;;CAPAALEX
01;TEÑIDO;2.00;Y5851;MAQ-04;3/09/2026 05:39:35;3/09/2026 09:50:32;111BAV;BLANCO   TEXTILES HEAWOOK 8757;425.00;;R05;425.00;N;;SE005028;JERSEY 20/1 100% COTTON;20;4.18;NORMAL;TEXTILES THT PERU S.A.C;;E-EN PRODUCCION;N;251.00;4;11;0;0;04:11;00:00;27;8.000;;FALSO;0.00;0.00;;CAPAALEX
01;TEÑIDO;3.00;Y5763;MAQ-04;3/09/2026 10:08:18;3/09/2026 16:20:42;1119TW;WHITE OPTICO LLP  9524  SUMMER 15;455.76;;R05;455.76;N;;JE004420;JERSEY 30/1 PP - PPE FULL COBERTURA - 165 A/W CLAROS;23;6.20;NORMAL;LILLY PULITZER;LLP-759;E-EN PRODUCCION;N;372.00;6;12;0;0;06:12;00:00;27;8.000;JA PIP-27;FALSO;0.00;2.10;J1902;CAPAALEX
01;TEÑIDO;3.00;Y4571;MAQ-04;3/09/2026 18:01:13;4/09/2026 04:30:18;2319A3;AWAKEN-DISCHARGE  TOMMY BAHAMAS 17685 SP27;521.13;MTZ B/N;R05;521.13;N;;JE004902;JERSEY 30/1 TP(DISCHARGE) - CLARO Y MEDIO(BCI);23;10.48;NORMAL;TOMMY BAHAMA;TBH-444;E-EN PRODUCCION;N;629.00;10;29;0;0;10:29;00:00;27;6.000;JA AU106;FALSO;0.00;2.70;J0007;ROSAEDGA
01;TEÑIDO;3.00;Y5751;MAQ-04;4/09/2026 04:39:48;4/09/2026 10:27:27;431APB;PEACH BLUSH PANTONE 13-1504  FAHERTY 1778;441.78;;R05;441.78;N;;JE005117;JERSEY SLUB END ON END 24/1 FLAMÉ ORG+24/1 TC ORG - CLAROS;21;5.80;NORMAL;FAHERTY BRAND;FHB-112;E-EN PRODUCCION;N;348.00;5;48;0;0;05:48;00:00;27;6.000;JA AU107;FALSO;0.00;3.48;J0225;PAHANSERG
01;TEÑIDO;3.00;Y5145;MAQ-05;28/08/2026 17:30:12;29/08/2026 02:13:39;931C8X;OFF WHITE VINCE WOMENS 17561 F26;681.20;;R05;681.20;N;;FT000313;FRENCH TERRY 3 HILOS -30/1 PP + 10/1 TC - CLAROS;30;8.72;NORMAL;VINCE WOMENS;VCW-662;T-EN ALMACEN TENIDO;N;523.00;8;43;0;0;08:43;00:00;22;8.000;JA PA53;FALSO;0.00;3.97;I8961;ROSAEDGA
01;TEÑIDO;1.50;Y5174;MAQ-05;29/08/2026 05:17:02;29/08/2026 15:30:19;931C8A;SANDSTONE FORTY SEVEN 17472;690.19;TÑ;R05;690.19;N;;JE005296;JERSEYSOLIDO 18/1 - OPEN END / SOLO PARA BLANCO;31;10.22;NORMAL;FORTY SEVEN;FSE-1256;T-EN ALMACEN TENIDO;N;613.00;10;13;0;0;10:13;00:00;22;10.000;VS050;FALSO;0.00;0.00;J1537;RSIERRA
01;TEÑIDO;3.00;Y5141;MAQ-05;29/08/2026 15:33:19;30/08/2026 01:07:09;931C8X;OFF WHITE VINCE WOMENS 17561 F26;675.26;;R05;675.26;N;;FT000313;FRENCH TERRY 3 HILOS -30/1 PP + 10/1 TC - CLAROS;26;9.57;NORMAL;VINCE WOMENS;VCW-662;T-EN ALMACEN TENIDO;N;574.00;9;34;0;0;09:34;00:00;22;8.000;JA PA53;FALSO;0.00;3.97;I8959;ROSAEDGA
01;TEÑIDO;2.00;Y5426;MAQ-05;29/08/2026 15:33:20;30/08/2026 01:07:10;931C8X;OFF WHITE VINCE WOMENS 17561 F26;1.24;;R05;1.24;N;;CT000061;"CINTA BORLON 3/8"" - 100% COTTON / COD.P-13#8 / PROV:ARACNE";1;9.57;NORMAL;VINCE WOMENS;VCW-662;T-EN ALMACEN TENIDO;N;574.00;9;34;0;0;09:34;00:00;22;8.000;CT000061;FALSO;0.00;0.00;I8959;ROSAEDGA
01;TEÑIDO;3.00;Y5637;MAQ-05;30/08/2026 01:20:19;30/08/2026 09:10:21;931CEE;SANDSTONE 12-4302 TCX  FORTY SEVEN 17840;464.30;;R05;464.30;N;;JE005309;JERSEY 30/1 CT 100% ALGODON - COLORES CLAROS Y BLANCO;24;7.83;NORMAL;FORTY SEVEN;FSE-1228;D-DESPACHADA;N;470.00;7;50;0;0;07:50;00:00;22;8.000;JA AU107;FALSO;0.00;0.00;J1174;ROSAEDGA
01;TEÑIDO;3.00;Y5638;MAQ-05;30/08/2026 01:20:19;30/08/2026 09:10:22;931CEE;SANDSTONE 12-4302 TCX  FORTY SEVEN 17840;229.00;;R05;207.00;N;;JE005309;JERSEY 30/1 CT 100% ALGODON - COLORES CLAROS Y BLANCO;11;7.83;NORMAL;FORTY SEVEN;FSE-1228;T-EN ALMACEN TENIDO;N;470.00;7;50;0;0;07:50;00:00;22;8.000;JA AU107;FALSO;0.00;0.00;J1171;ROSAEDGA
01;TEÑIDO;3.00;Y5758;MAQ-05;30/08/2026 09:17:34;30/08/2026 16:26:22;931CEE;SANDSTONE 12-4302 TCX  FORTY SEVEN 17840;643.22;;R05;643.22;N;;JE005309;JERSEY 30/1 CT 100% ALGODON - COLORES CLAROS Y BLANCO;32;7.15;NORMAL;FORTY SEVEN;FSE-1252;T-EN ALMACEN TENIDO;N;429.00;7;9;0;0;07:09;00:00;22;8.000;JA AU107;FALSO;0.00;4.00;J1663;ROSAEDGA
01;TEÑIDO;3.00;Y5759;MAQ-05;30/08/2026 09:17:35;30/08/2026 16:26:23;931CEE;SANDSTONE 12-4302 TCX  FORTY SEVEN 17840;87.96;;R05;66.40;N;;JE005309;JERSEY 30/1 CT 100% ALGODON - COLORES CLAROS Y BLANCO;4;7.15;NORMAL;FORTY SEVEN;FSE-1252;T-EN ALMACEN TENIDO;N;429.00;7;9;0;0;07:09;00:00;22;8.000;JA AU107;FALSO;0.00;4.00;J1663;ROSAEDGA
01;TEÑIDO;3.00;Y5760;MAQ-05;31/08/2026 07:20:06;31/08/2026 15:41:02;931AWO;WHITE WASH MISMO DE LA CARTA 14186 FORTY SEVEN 141;372.90;;R05;372.90;N;;JE004635;JERSEY 36/1 TC 135GR/M2 A/W C/CLAROS;19;8.35;NORMAL;FORTY SEVEN;FSE-1233;D-DESPACHADA;N;501.00;8;21;0;0;08:21;00:00;22;10.000;;FALSO;0.00;3.72;I9873;ROSAEDGA
01;TEÑIDO;3.00;Y5761;MAQ-05;31/08/2026 07:20:06;31/08/2026 15:41:02;931AWO;WHITE WASH MISMO DE LA CARTA 14186 FORTY SEVEN 141;204.68;;R05;204.68;N;;JE004635;JERSEY 36/1 TC 135GR/M2 A/W C/CLAROS;10;8.35;NORMAL;FORTY SEVEN;FSE-1233;D-DESPACHADA;N;501.00;8;21;0;0;08:21;00:00;22;10.000;JA AU107;FALSO;0.00;3.72;I9873;ROSAEDGA
01;TEÑIDO;2.00;Y5427;MAQ-05;31/08/2026 15:50:18;31/08/2026 23:30:10;931C8X;OFF WHITE VINCE WOMENS 17561 F26;0.38;;R05;0.38;N;;CT000061;"CINTA BORLON 3/8"" - 100% COTTON / COD.P-13#8 / PROV:ARACNE";1;7.67;NORMAL;VINCE WOMENS;VCW-662;E-EN PRODUCCION;N;460.00;7;40;0;0;07:40;00:00;22;8.000;CT000061;FALSO;0.00;0.00;I8959;ROSAEDGA
01;TEÑIDO;3.00;Y5143;MAQ-05;31/08/2026 15:50:18;31/08/2026 23:30:31;931C8X;OFF WHITE VINCE WOMENS 17561 F26;680.74;;R05;680.74;N;;FT000313;FRENCH TERRY 3 HILOS -30/1 PP + 10/1 TC - CLAROS;30;7.67;NORMAL;VINCE WOMENS;VCW-662;T-EN ALMACEN TENIDO;N;460.00;7;40;0;0;07:40;00:00;22;8.000;JA PA53;FALSO;0.00;3.97;I8959;ROSAEDGA
01;TEÑIDO;3.00;Y4832;MAQ-05;31/08/2026 23:40:27;1/09/2026 06:50:41;931CEE;SANDSTONE 12-4302 TCX  FORTY SEVEN 17840;688.30;;R05;688.30;N;;JE005309;JERSEY 30/1 CT 100% ALGODON - COLORES CLAROS Y BLANCO;33;7.17;NORMAL;FORTY SEVEN;FSE-1228;T-EN ALMACEN TENIDO;N;430.00;7;10;0;0;07:10;00:00;22;8.000;JA AU107;FALSO;0.00;0.00;J1169;CAZAOS
01;TEÑIDO;2.00;Y4769;MAQ-05;1/09/2026 10:00:35;1/09/2026 21:10:28;931CFN;CARAMELO 16-1336TCX   TEXT HEAWOOK 8851;593.00;;R05;593.00;N;;SE005035;INTERLOCK 50/1 PEINADO;28;11.17;NORMAL;THT EXPORT SAC;;D-DESPACHADA;N;670.00;11;10;0;0;11:10;00:00;22;9.000;;FALSO;0.00;0.00;;IZALANDRE
01;TEÑIDO;3.00;Y4907;MAQ-05;1/09/2026 21:20:12;2/09/2026 04:55:11;931CEE;SANDSTONE 12-4302 TCX  FORTY SEVEN 17840;732.74;;R05;732.74;N;;JE005309;JERSEY 30/1 CT 100% ALGODON - COLORES CLAROS Y BLANCO;36;7.58;NORMAL;FORTY SEVEN;FSE-1252;T-EN ALMACEN TENIDO;N;455.00;7;35;0;0;07:35;00:00;22;8.000;JA AU107;FALSO;0.00;4.00;J1663;ROSAEDGA
01;TEÑIDO;3.00;Y4908;MAQ-05;2/09/2026 05:38:13;2/09/2026 12:33:06;931CEE;SANDSTONE 12-4302 TCX  FORTY SEVEN 17840;732.58;;R05;732.58;N;;JE005309;JERSEY 30/1 CT 100% ALGODON - COLORES CLAROS Y BLANCO;36;6.92;NORMAL;FORTY SEVEN;FSE-1252;T-EN ALMACEN TENIDO;N;415.00;6;55;0;0;06:55;00:00;22;8.000;JA AU107;FALSO;0.00;4.00;J1663;ROSAEDGA
01;TEÑIDO;3.00;Y4146;MAQ-05;2/09/2026 12:45:21;2/09/2026 20:30:45;931AWO;WHITE WASH MISMO DE LA CARTA 14186 FORTY SEVEN 141;576.56;;R05;576.56;N;;JE004635;JERSEY 36/1 TC 135GR/M2 A/W C/CLAROS;29;7.75;NORMAL;FORTY SEVEN;FSE-1233;E-EN PRODUCCION;N;465.00;7;45;0;0;07:45;00:00;22;10.000;JA AU107;FALSO;0.00;3.72;I9873;CAZAOS
01;TEÑIDO;3.00;Y5887;MAQ-05;2/09/2026 22:30:09;3/09/2026 06:30:57;931CEE;SANDSTONE 12-4302 TCX  FORTY SEVEN 17840;609.70;;R05;609.70;N;;JE005309;JERSEY 30/1 CT 100% ALGODON - COLORES CLAROS Y BLANCO;30;8.00;NORMAL;FORTY SEVEN;FSE-1252;T-EN ALMACEN TENIDO;N;480.00;8;0;0;0;08:00;00:00;22;8.000;JA AU107;FALSO;0.00;4.00;J1663;LOREAJUL
01;TEÑIDO;3.00;Y5888;MAQ-05;2/09/2026 22:30:41;3/09/2026 06:30:01;931CEE;SANDSTONE 12-4302 TCX  FORTY SEVEN 17840;124.04;;R05;124.04;N;;JE005309;JERSEY 30/1 CT 100% ALGODON - COLORES CLAROS Y BLANCO;5;8.00;NORMAL;FORTY SEVEN;FSE-1252;T-EN ALMACEN TENIDO;N;480.00;8;0;0;0;08:00;00:00;22;8.000;JA AU107;FALSO;0.00;4.00;J1663;RSIERRA
01;TEÑIDO;3.00;Y4910;MAQ-05;3/09/2026 06:43:57;3/09/2026 14:24:39;931CEE;SANDSTONE 12-4302 TCX  FORTY SEVEN 17840;733.60;;R05;733.60;N;;JE005309;JERSEY 30/1 CT 100% ALGODON - COLORES CLAROS Y BLANCO;36;7.68;NORMAL;FORTY SEVEN;FSE-1252;E-EN PRODUCCION;N;461.00;7;41;0;0;07:41;00:00;22;8.000;JA AU107;FALSO;0.00;4.00;J1663;CAPAALEX
01;TEÑIDO;3.00;Y5969;MAQ-05;3/09/2026 14:36:06;3/09/2026 21:20:02;931CEE;SANDSTONE 12-4302 TCX  FORTY SEVEN 17840;257.70;;R05;257.70;N;;JE005309;JERSEY 30/1 CT 100% ALGODON - COLORES CLAROS Y BLANCO;14;6.73;NORMAL;FORTY SEVEN;FSE-1252;E-EN PRODUCCION;N;404.00;6;44;0;0;06:44;00:00;22;8.000;JA AU107;FALSO;0.00;4.00;J1663;ROSAEDGA
01;TEÑIDO;3.00;Y5970;MAQ-05;3/09/2026 14:36:16;3/09/2026 21:20:33;931CEE;SANDSTONE 12-4302 TCX  FORTY SEVEN 17840;475.92;;R05;475.92;N;;JE005309;JERSEY 30/1 CT 100% ALGODON - COLORES CLAROS Y BLANCO;23;6.73;NORMAL;FORTY SEVEN;FSE-1252;E-EN PRODUCCION;N;404.00;6;44;0;0;06:44;00:00;22;8.000;JA AU107;FALSO;0.00;4.00;J1663;RSIERRA
01;TEÑIDO;3.00;Y6030;MAQ-05;3/09/2026 21:30:23;4/09/2026 06:20:22;931CEE;SANDSTONE 12-4302 TCX  FORTY SEVEN 17840;605.74;;R05;605.74;N;;JE005309;JERSEY 30/1 CT 100% ALGODON - COLORES CLAROS Y BLANCO;30;8.83;NORMAL;FORTY SEVEN;FSE-1252;E-EN PRODUCCION;N;530.00;8;50;0;0;08:50;00:00;22;8.000;JA AU107;FALSO;0.00;4.00;J1663;ROSAEDGA
01;TEÑIDO;3.00;Y6031;MAQ-05;3/09/2026 21:30:38;4/09/2026 06:20:49;931CEE;SANDSTONE 12-4302 TCX  FORTY SEVEN 17840;125.22;;R05;125.22;N;;JE005309;JERSEY 30/1 CT 100% ALGODON - COLORES CLAROS Y BLANCO;5;8.83;NORMAL;FORTY SEVEN;FSE-1252;E-EN PRODUCCION;N;530.00;8;50;0;0;08:50;00:00;22;8.000;JA AU107;FALSO;0.00;4.00;J1663;RSIERRA
01;TEÑIDO;3.00;Y5990;MAQ-05;4/09/2026 06:06:30;4/09/2026 13:45:22;931CHX;WHITE FALABELLA 18034;633.30;;R05;633.30;N;;JE005473;JERSEY SOLIDO / 30/1PA /170AW / CLAROS;29;7.65;NORMAL;FALABELLA;FBL-001;E-EN PRODUCCION;N;459.00;7;39;0;0;07:39;00:00;22;8.000;JA AU107;FALSO;0.00;0.00;J1946;PAHANSERG
01;TEÑIDO;3.00;Y4114;MAQ-06;28/08/2026 00:38:29;28/08/2026 13:32:41;7319UZ;WASHED MOUNT DUME VINCE MENS 17861 SPRING27;158.34;MTZ B/N;R05;158.34;N;;JE005408;JERSEY SOLIDO / 20/1COTTON/ CLAROS (DESGASTEPRENDA);9;12.90;NORMAL;VINCE;VNC-814;T-EN ALMACEN TENIDO;N;774.00;12;54;0;0;12:54;00:00;16;10.000;;FALSO;0.00;0.00;I9221;RSIERRA
01;TEÑIDO;3.00;Y4112;MAQ-06;28/08/2026 13:50:20;29/08/2026 03:20:23;431APQ;WASHED POWDER PUFF VINCE MENS 17861 SPRING27;126.52;MTZ B/N;R05;126.52;N;;JE005408;JERSEY SOLIDO / 20/1COTTON/ CLAROS (DESGASTEPRENDA);7;13.50;NORMAL;VINCE;VNC-814;T-EN ALMACEN TENIDO;N;810.00;13;30;0;0;13:30;00:00;16;10.000;;FALSO;0.00;0.00;I9220;ROSAEDGA
01;TEÑIDO;4.00;Y2762;MAQ-06;29/08/2026 03:30:35;29/08/2026 09:10:44;673334;BLUE NIGHTS 19-4023 TCX / WHITE  T.M 11267 SS18;128.14;;R05;128.14;N;;IN000126;INTERLOCK OXFORD SANFORIZADO C/OSCUROS - TEÑIDO 2 F;7;5.67;NORMAL;TRAVIS MATHEW;TMW-2314;E-EN PRODUCCION;N;340.00;5;40;0;0;05:40;00:00;16;8.000;JA PA48;FALSO;0.00;0.00;I9225;RSIERRA
01;TEÑIDO;3.00;Y4743;MAQ-06;29/08/2026 10:20:24;29/08/2026 20:15:02;631B00;TIDE WATER VINCE MENS 17864 SP27;135.24;;R05;135.24;N;;JE003190;JERSEY 40/1 P. PIMA  C/CLARO 1% ANTIP 135 A/W;6;9.92;NORMAL;VINCE;VNC-813;E-EN PRODUCCION;N;595.00;9;55;0;0;09:55;00:00;16;10.000;;FALSO;0.00;0.00;I9203;ROSAEDGA
01;TEÑIDO;5.10;Y2406;MAQ-06;29/08/2026 21:35:37;30/08/2026 03:20:40;631AZ5;ATOMIZER 14-4514 TPG ROLLER RABBIT 17228;110.76;;R01;110.76;S;;IN000252;INTERLOCK SOLIDO 40/1 PIMA MODAL 50/50 - 225 AW;6;5.75;MATIZADO;ROLLER RABBIT;RRT-017;T-EN ALMACEN TENIDO;N;345.00;5;45;5;45;05:45;05:45;16;10.000;PA54 M65;FALSO;0.00;0.00;I9053;ROSAEDGA
01;TEÑIDO;3.00;Y4744;MAQ-06;30/08/2026 03:39:13;30/08/2026 13:46:55;6329VA;STONEWASH VINCE MENS 17864 SP27;124.34;;R05;124.34;N;;JE003190;JERSEY 40/1 P. PIMA  C/CLARO 1% ANTIP 135 A/W;5;10.12;NORMAL;VINCE;VNC-813;E-EN PRODUCCION;N;607.00;10;7;0;0;10:07;00:00;16;10.000;;FALSO;0.00;0.00;I9204;ROSAEDGA
01;TEÑIDO;3.00;Y4745;MAQ-06;31/08/2026 08:49:59;31/08/2026 16:00:45;7319V0;MOUNT DUME VINCE MENS 17864 SP27;125.04;;R05;125.04;N;;JE003190;JERSEY 40/1 P. PIMA  C/CLARO 1% ANTIP 135 A/W;5;7.18;NORMAL;VINCE;VNC-813;E-EN PRODUCCION;N;431.00;7;11;0;0;07:11;00:00;16;10.000;;FALSO;0.00;0.00;I9203;ROSAEDGA
01;TEÑIDO;3.00;Y4746;MAQ-06;31/08/2026 18:20:31;1/09/2026 02:42:35;N319N7;VAPOR VINCE MENS 17864 SP27;113.82;;R05;113.82;N;;JE003190;JERSEY 40/1 P. PIMA  C/CLARO 1% ANTIP 135 A/W;5;8.37;NORMAL;VINCE;VNC-813;E-EN PRODUCCION;N;502.00;8;22;0;0;08:22;00:00;16;10.000;;FALSO;0.00;0.00;I9202;CAZAOS
01;TEÑIDO;4.00;Y2761;MAQ-06;1/09/2026 03:05:06;1/09/2026 06:35:14;671163;ALLURE/ OPTIC WHITE TMW 12818 SS20;137.12;;R05;137.12;N;;IN000125;INTERLOCK OXFORD SANFORIZADO C/CLAROS - TEÑIDO 2 F;7;3.50;NORMAL;TRAVIS MATHEW;TMW-2314;E-EN PRODUCCION;N;210.00;3;30;0;0;03:30;00:00;16;8.000;JA PA48;FALSO;0.00;5.21;I9225;CAZAOS
01;TEÑIDO;3.00;Y5020;MAQ-06;1/09/2026 08:20:16;1/09/2026 21:10:09;431APR;POWDER PUFF  VINCE MENS 17870 SP27;164.36;MTZ B/N;R05;164.36;N;;PI000281;PIQUE SIMPLE / 32/1COTT / 185AW / CLAROS;8;12.83;NORMAL;VINCE;VNC-817;E-EN PRODUCCION;N;770.00;12;50;0;0;12:50;00:00;16;9.000;JA AU107;FALSO;0.00;0.00;I9222;CAZAOS
01;TEÑIDO;3.00;Y4273;MAQ-06;1/09/2026 21:27:31;2/09/2026 04:55:51;931BAG;DUNE FORTY SEVEN 15305 F23;116.34;;R05;116.34;N;;JE004852;JERSEY FLAMÉ 24/1 TC - CLAROS;5;7.47;NORMAL;FORTY SEVEN;FSE-1223;E-EN PRODUCCION;N;448.00;7;28;0;0;07:28;00:00;16;8.000;JA AU107;FALSO;0.00;0.00;J0417;ROSAEDGA
01;TEÑIDO;1.00;Y5150;MAQ-06;2/09/2026 06:01:24;2/09/2026 13:30:40;631AXP;POWDER BLUE FORTY SEVEN 17472;124.06;;R05;18.00;N;;JE005296;JERSEYSOLIDO 18/1 - OPEN END / SOLO PARA BLANCO;6;7.48;NORMAL;FORTY SEVEN;FSE-1229;T-EN ALMACEN TENIDO;N;449.00;7;29;0;0;07:29;00:00;16;10.000;VS043;FALSO;0.00;0.00;J1594;ROSAEDGA
01;TEÑIDO;2.00;Y5150;MAQ-06;2/09/2026 06:01:24;2/09/2026 13:30:40;631AXP;POWDER BLUE FORTY SEVEN 17472;124.06;;R05;106.06;N;;JE005296;JERSEYSOLIDO 18/1 - OPEN END / SOLO PARA BLANCO;6;7.48;NORMAL;FORTY SEVEN;FSE-1229;T-EN ALMACEN TENIDO;N;449.00;7;29;0;0;07:29;00:00;16;10.000;VS043;FALSO;0.00;0.00;J1594;ROSAEDGA
01;TEÑIDO;3.00;Y4628;MAQ-06;2/09/2026 13:46:14;3/09/2026 00:20:15;531942;PURPLE ROSE15-3716 TCX  ROLLER RABBIT 17225 H25;163.00;;R05;163.00;N;;IN000232;INTERLOCK SOLIDO 50/1 PP - COMPLEMENTO;8;10.57;NORMAL;ROLLER RABBIT;RRT-012F;E-EN PRODUCCION;N;634.00;10;34;0;0;10:34;00:00;16;9.000;02P-26;FALSO;0.00;3.19;J1567;CAZAOS
01;TEÑIDO;4.50;Y2762;MAQ-06;3/09/2026 00:30:40;3/09/2026 14:16:37;673334;BLUE NIGHTS 19-4023 TCX / WHITE  T.M 11267 SS18;128.14;MTZ B/N;R05;128.14;N;;IN000126;INTERLOCK OXFORD SANFORIZADO C/OSCUROS - TEÑIDO 2 F;7;13.77;NORMAL;TRAVIS MATHEW;TMW-2314;E-EN PRODUCCION;N;826.00;13;46;0;0;13:46;00:00;16;8.000;JA PA48;FALSO;0.00;0.00;I9225;CAPAALEX
01;TEÑIDO;4.50;Y2761;MAQ-06;3/09/2026 14:26:09;3/09/2026 22:08:43;671163;ALLURE/ OPTIC WHITE TMW 12818 SS20;137.12;;R05;137.12;N;;IN000125;INTERLOCK OXFORD SANFORIZADO C/CLAROS - TEÑIDO 2 F;7;7.70;NORMAL;TRAVIS MATHEW;TMW-2314;E-EN PRODUCCION;N;462.00;7;42;0;0;07:42;00:00;16;8.000;JA PA48;FALSO;0.00;5.21;I9225;ROSAEDGA
01;TEÑIDO;2.00;Y5048;MAQ-06;3/09/2026 22:26:41;4/09/2026 07:34:03;232870;GALLEY GOLD FORTY SEVEN 17472;111.78;;R05;92.46;N;;JE005296;JERSEYSOLIDO 18/1 - OPEN END / SOLO PARA BLANCO;5;9.13;NORMAL;FORTY SEVEN;FSE-1256;E-EN PRODUCCION;N;548.00;9;8;0;0;09:08;00:00;16;10.000;VS043;FALSO;0.00;0.00;J1537;BRARAZOSI
01;TEÑIDO;1.00;Y5048;MAQ-06;3/09/2026 22:26:42;4/09/2026 07:34:06;232870;GALLEY GOLD FORTY SEVEN 17472;111.78;;R05;19.32;N;;JE005296;JERSEYSOLIDO 18/1 - OPEN END / SOLO PARA BLANCO;5;9.13;NORMAL;FORTY SEVEN;FSE-1256;E-EN PRODUCCION;N;548.00;9;8;0;0;09:08;00:00;16;10.000;VS043;FALSO;0.00;0.00;J1537;BRARAZOSI
01;TEÑIDO;3.00;Y3935;MAQ-07;28/08/2026 00:52:30;28/08/2026 11:20:52;431ACE;ACK RED  VARSITY 15318 SP23;250.52;;R05;250.52;N;;JE005381;JERSEY FLAME (20/1 FLAME CO + 20/1 CO) - C/BLANCO Y CLAROS;11;10.47;NORMAL;VARSITY;VAR-298;T-EN ALMACEN TENIDO;N;628.00;10;28;0;0;10:28;00:00;20;8.000;LOTE- JA AU107 / JA;FALSO;0.00;0.00;I9735;ROSAEDGA
01;TEÑIDO;4.50;Y4960;MAQ-07;28/08/2026 02:40:22;28/08/2026 09:40:19;971394;ITALIAN SAND TRAVIS MAHTHEW 17469 SS27;467.63;;R05;467.63;N;;PI000326;FALSO PIQUE C/SPANDEX ESTAMP SUBLIMADO C/CLAROS - 75/72 POLY + 40/1 PP/POLY + 20D SPANDEX;24;7.00;NORMAL;TRAVIS MATHEW;TMW-2311;T-EN ALMACEN TENIDO;N;420.00;7;0;0;0;07:00;00:00;20;8.000;PIP27 GPB1;FALSO;0.00;0.00;I8816;ROSAEDGA
01;TEÑIDO;3.50;Y4961;MAQ-07;28/08/2026 02:40:22;28/08/2026 09:40:19;971394;ITALIAN SAND TRAVIS MAHTHEW 17469 SS27;60.96;;R05;60.96;N;;PI000327;FALSO PIQUE C/SPANDEX C/CLAROS - 75/72 POLY + 40/1 PP/POLY + 20D SPANDEX;3;7.00;NORMAL;TRAVIS MATHEW;TMW-2311;E-EN PRODUCCION;N;420.00;7;0;0;0;07:00;00:00;20;8.000;PIP27 GPB1;FALSO;0.00;0.00;I8816;ROSAEDGA
01;TEÑIDO;3.00;Y5183;MAQ-07;28/08/2026 09:50:31;28/08/2026 13:10:14;B00389;ARTIC WHITE VARISTY 15318 SP23;715.11;;R05;715.11;N;;JE005381;JERSEY FLAME (20/1 FLAME CO + 20/1 CO) - C/BLANCO Y CLAROS;32;3.33;NORMAL;VARSITY;VAR-298;T-EN ALMACEN TENIDO;N;200.00;3;20;0;0;03:20;00:00;20;8.000;LOTE- JA AU107 / JA;FALSO;0.00;0.00;I9735;ROSAEDGA
01;TEÑIDO;4.00;Y5136;MAQ-07;28/08/2026 11:30:08;28/08/2026 22:30:21;6739BN;TOTAL ECLIPSE TRAVIS MATHEW 17469 SS27;133.92;;R05;133.92;N;;PI000329;FALSO PIQUE C/SPANDEX ESTAMP DISCHARGE OSCURO- 75/72 POLY + 40/1 PP/POLY + 20D SPANDEX;7;11.00;NORMAL;TRAVIS MATHEW;TMW-2307;E-EN PRODUCCION;N;660.00;11;0;0;0;11:00;00:00;20;9.000;TPA13 GPB1;FALSO;0.00;0.00;I8876;ROSAEDGA
01;TEÑIDO;4.00;Y5137;MAQ-07;28/08/2026 11:30:08;28/08/2026 22:30:21;6739BN;TOTAL ECLIPSE TRAVIS MATHEW 17469 SS27;153.59;;R05;153.59;N;;PI000329;FALSO PIQUE C/SPANDEX ESTAMP DISCHARGE OSCURO- 75/72 POLY + 40/1 PP/POLY + 20D SPANDEX;9;11.00;NORMAL;TRAVIS MATHEW;TMW-2307;E-EN PRODUCCION;N;660.00;11;0;0;0;11:00;00:00;20;9.000;TPA13 GPB1;FALSO;0.00;0.00;I8876;ROSAEDGA
01;TEÑIDO;3.00;Y5184;MAQ-07;28/08/2026 13:20:39;28/08/2026 17:20:11;B00389;ARTIC WHITE VARISTY 15318 SP23;714.07;;R05;714.07;N;;JE005381;JERSEY FLAME (20/1 FLAME CO + 20/1 CO) - C/BLANCO Y CLAROS;32;4.00;NORMAL;VARSITY;VAR-298;T-EN ALMACEN TENIDO;N;240.00;4;0;0;0;04:00;00:00;20;8.000;LOTE- JA AU107 / JA;FALSO;0.00;0.00;I9735;ROSAEDGA
01;TEÑIDO;2.00;Y4768;MAQ-07;28/08/2026 22:40:01;29/08/2026 06:00:09;631AYU;AZUL 15-4415TCX   TEXT HEAWOOK 8778;281.20;;R05;281.20;N;;SE004776;RIB 2X1 LYCRADO 30/1 20 ALGODON 95%SPANDEX 5%DENSI;14;7.33;NORMAL;THT EXPORT SAC;;D-DESPACHADA;N;440.00;7;20;0;0;07:20;00:00;20;8.000;;FALSO;0.00;0.00;;ROSAEDGA
01;TEÑIDO;4.50;Y5137;MAQ-07;29/08/2026 09:27:42;29/08/2026 18:29:18;6739BN;TOTAL ECLIPSE TRAVIS MATHEW 17469 SS27;153.59;;R05;153.59;N;;PI000329;FALSO PIQUE C/SPANDEX ESTAMP DISCHARGE OSCURO- 75/72 POLY + 40/1 PP/POLY + 20D SPANDEX;9;9.03;NORMAL;TRAVIS MATHEW;TMW-2307;E-EN PRODUCCION;N;542.00;9;2;0;0;09:02;00:00;20;9.000;TPA13 GPB1;FALSO;0.00;0.00;I8876;ROSAEDGA
01;TEÑIDO;4.50;Y5136;MAQ-07;29/08/2026 09:27:42;29/08/2026 18:29:19;6739BN;TOTAL ECLIPSE TRAVIS MATHEW 17469 SS27;133.92;;R05;133.92;N;;PI000329;FALSO PIQUE C/SPANDEX ESTAMP DISCHARGE OSCURO- 75/72 POLY + 40/1 PP/POLY + 20D SPANDEX;7;9.03;NORMAL;TRAVIS MATHEW;TMW-2307;E-EN PRODUCCION;N;542.00;9;2;0;0;09:02;00:00;20;9.000;TPA13 GPB1;FALSO;0.00;0.00;I8876;ROSAEDGA
01;TEÑIDO;3.00;Y4862;MAQ-07;29/08/2026 20:30:34;30/08/2026 06:00:48;6329VB;STONEWASH  VINCE MENS 17870 SP27;225.68;;R05;225.68;N;;PI000280;PIQUE SIMPLE / 32/1COTT / 185AW / OSCUROS;11;9.50;NORMAL;VINCE;VNC-817;E-EN PRODUCCION;N;570.00;9;30;0;0;09:30;00:00;20;9.000;JA AU107;FALSO;0.00;3.97;I9219;ROSAEDGA
01;TEÑIDO;4.00;Y3767;MAQ-07;30/08/2026 08:30:49;30/08/2026 16:31:01;373077;ORANGE DAWN VINCE MENS 17757 SPRING27;323.01;;R05;323.01;N;;PI000332;PIQUE CALADO MACRO HONEY SOLIDO/20/1X2CBS COTT/POLY/265AW/OSCUROS;16;8.02;NORMAL;VINCE;VNC-821;E-EN PRODUCCION;N;481.00;8;1;0;0;08:01;00:00;20;8.000;TOG-1 PRO1;FALSO;0.00;0.00;I9611;ROSAEDGA
01;TEÑIDO;3.00;Y4037;MAQ-07;31/08/2026 14:38:18;31/08/2026 17:20:29;B00399;OYSTER  80/20 VARSITY 15493;304.98;;R05;304.98;N;;JE005383;JERSEY FLAME 20/1 GREY MELANGE 80/20;12;2.70;NORMAL;VARSITY;VAR-298;T-EN ALMACEN TENIDO;N;162.00;2;42;0;0;02:42;00:00;20;9.000;H000573;FALSO;0.00;3.72;I9740;ROSAEDGA
01;TEÑIDO;3.00;Y5082;MAQ-07;31/08/2026 17:30:41;31/08/2026 23:10:17;111B6N;WHITE  ROLLER RABBIT 1722;20.26;;R05;20.26;N;;IN000232;INTERLOCK SOLIDO 50/1 PP - COMPLEMENTO;1;5.67;NORMAL;ROLLER RABBIT;RRT-012G;E-EN PRODUCCION;N;340.00;5;40;0;0;05:40;00:00;20;8.000;02P-26;FALSO;0.00;3.62;J1559;CAZAOS
01;TEÑIDO;2.00;Y5083;MAQ-07;31/08/2026 17:30:42;31/08/2026 23:10:31;111B6N;WHITE  ROLLER RABBIT 1722;22.85;;R05;22.85;N;;RI002964;RIB 1X1 40/1 PP - COMPLEMENTO;2;5.67;NORMAL;ROLLER RABBIT;RRT-012G;E-EN PRODUCCION;N;340.00;5;40;0;0;05:40;00:00;20;8.000;JA PA48;FALSO;0.00;3.42;J1559;CAZAOS
01;TEÑIDO;2.00;Y5081;MAQ-07;31/08/2026 17:30:42;31/08/2026 23:10:02;111B6N;WHITE  ROLLER RABBIT 1722;247.54;;R05;247.54;N;;IN000229;INTERLOCK ESTAMPADO PIGMENTO FULL COBERTURA 50/1 NE;13;5.67;NORMAL;ROLLER RABBIT;RRT-012G;E-EN PRODUCCION;N;340.00;5;40;0;0;05:40;00:00;20;8.000;02P-26;FALSO;0.00;3.32;J1558;CAZAOS
01;TEÑIDO;4.00;Y3199;MAQ-07;31/08/2026 23:20:57;1/09/2026 06:47:07;931BD5;JAZMIN  TEXT SUR 7977;280.10;;R05;280.10;N;;PI000300;PIQUE LICRADO NE 30/1 ACABADO ABIERTO, COLORES CLAROS;14;7.45;NORMAL;TEXTILES DEL SUR S.A.;;E-EN PRODUCCION;N;447.00;7;27;0;0;07:27;00:00;20;10.000;JA AU106;FALSO;0.00;0.00;;CAZAOS
01;TEÑIDO;2.00;Y5068;MAQ-07;1/09/2026 08:25:43;1/09/2026 17:50:27;733BPR;MIAMI GREEN 19-0230 TCX TEXT HEAWOOK8816;295.90;;R05;295.90;N;;SE005028;JERSEY 20/1 100% COTTON;14;9.42;NORMAL;TEXTILES THT PERU S.A.C;;D-DESPACHADA;N;565.00;9;25;0;0;09:25;00:00;20;10.000;;FALSO;0.00;0.00;;CAZAOS
01;TEÑIDO;5.20;Y4113;MAQ-07;1/09/2026 18:05:21;2/09/2026 00:45:32;633DO2;WASHED COASTAL VINCE MENS 17861 SPRING27;193.82;MTZ B/N;R01;193.82;S;;JE005267;JERSEY SOLIDO / 20/1COTTON/ OSCUROS(DESGASTEPRENDA);10;6.67;MATIZADO;VINCE;VNC-814;E-EN PRODUCCION;N;400.00;6;40;6;40;06:40;06:40;20;10.000;;FALSO;0.00;3.97;I9221;ROSAEDGA
01;TEÑIDO;5.20;Y4862;MAQ-07;2/09/2026 05:35:11;2/09/2026 11:20:47;6329VB;STONEWASH  VINCE MENS 17870 SP27;225.68;;R01;225.68;S;;PI000280;PIQUE SIMPLE / 32/1COTT / 185AW / OSCUROS;11;5.75;MATIZADO;VINCE;VNC-817;E-EN PRODUCCION;N;345.00;5;45;5;45;05:45;05:45;20;9.000;JA AU107;FALSO;0.00;3.97;I9219;RSIERRA
01;TEÑIDO;1.00;Y5379;MAQ-07;2/09/2026 11:35:56;2/09/2026 23:38:44;931CFE;BEIGE CARMELITA 8845;229.45;MTZ B/N;R05;229.45;N;;SE004894;INTERLOCK 50/1 PP;8;12.05;NORMAL;TEXTIL CARMELITA SAC;;E-EN PRODUCCION;N;723.00;12;3;0;0;12:03;00:00;20;9.000;;FALSO;0.00;0.00;;CAZAOS
01;TEÑIDO;4.50;Y3767;MAQ-07;3/09/2026 00:12:58;3/09/2026 09:30:24;373077;ORANGE DAWN VINCE MENS 17757 SPRING27;323.01;;R05;323.01;N;;PI000332;PIQUE CALADO MACRO HONEY SOLIDO/20/1X2CBS COTT/POLY/265AW/OSCUROS;16;9.30;NORMAL;VINCE;VNC-821;E-EN PRODUCCION;N;558.00;9;18;0;0;09:18;00:00;20;8.000;TOG-1 PRO1;FALSO;0.00;0.00;I9611;CAPAALEX
01;TEÑIDO;2.00;Y5431;MAQ-07;3/09/2026 09:40:53;3/09/2026 20:25:28;433BKM;OXBLOOD RED 19-1524 TCX TEXT HEAWOOK8816;294.80;;R05;294.80;N;;SE005028;JERSEY 20/1 100% COTTON;14;10.75;NORMAL;TEXTILES THT PERU S.A.C;;E-EN PRODUCCION;N;645.00;10;45;0;0;10:45;00:00;20;10.000;;FALSO;0.00;0.00;;CAPAALEX
01;TEÑIDO;2.00;Y4955;MAQ-07;4/09/2026 01:35:51;4/09/2026 08:21:06;931B6F;TAPIOCA12-1403TPX  DISCHARGE TEXTILES HEAWOOK 7859;251.70;;R05;251.70;N;;SE003321;JERSEY 30/1 ALGODON;11;6.77;NORMAL;TEXTILES THT PERU S.A.C;;E-EN PRODUCCION;N;406.00;6;46;0;0;06:46;00:00;20;8.000;;FALSO;0.00;0.00;;BRARAZOSI
01;TEÑIDO;2.00;Y5434;MAQ-07;4/09/2026 10:15:53;4/09/2026 17:08:44;7319U5;DUSTY GREEN 13-6007TPX TEXTILES HEAWOOK 8659;295.00;;R05;295.00;N;;SE005028;JERSEY 20/1 100% COTTON;14;6.88;NORMAL;TEXTILES THT PERU S.A.C;;E-EN PRODUCCION;N;413.00;6;53;0;0;06:53;00:00;20;10.000;;FALSO;0.00;0.00;;PAHANSERG
01;TEÑIDO;4.00;Y4380;MAQ-08;28/08/2026 04:48:18;28/08/2026 16:16:48;633DGC;NAVY BLAZER #19-3923 TCX TRAVIS MATHEW 17410 SS27;344.74;;R05;260.05;N;;FT000368;FRENCH TERRY W/SPANDEX 30/1 PP+40DN 290AW/OSCUROS;13;11.47;NORMAL;TRAVIS MATHEW;TMW-2320;T-EN ALMACEN TENIDO;N;688.00;11;28;0;0;11:28;00:00;15;7.000;JA PIP-27;FALSO;0.00;4.17;I9310;RSIERRA
01;TEÑIDO;3.00;Y4380;MAQ-08;28/08/2026 04:48:19;28/08/2026 16:16:49;633DGC;NAVY BLAZER #19-3923 TCX TRAVIS MATHEW 17410 SS27;344.74;;R05;84.69;N;;FT000368;FRENCH TERRY W/SPANDEX 30/1 PP+40DN 290AW/OSCUROS;13;11.47;NORMAL;TRAVIS MATHEW;TMW-2320;T-EN ALMACEN TENIDO;N;688.00;11;28;0;0;11:28;00:00;15;7.000;JA PIP-27;FALSO;0.00;4.17;I9310;RSIERRA
01;TEÑIDO;3.00;Y4512;MAQ-08;28/08/2026 16:26:45;29/08/2026 04:15:07;N33AFF;FLINT BLACK MISMO DE LA CARTA 14186  FORTY SEVEN 1;355.82;;R05;355.82;N;;JE004634;JERSEY 36/1 TC 135GR/M2 A/W C/OSCUROS;18;11.82;NORMAL;FORTY SEVEN;FSE-1233;D-DESPACHADA;N;709.00;11;49;0;0;11:49;00:00;15;7.000;JA AU107;FALSO;0.00;3.72;I9857;ROSAEDGA
01;TEÑIDO;4.50;Y2763;MAQ-08;29/08/2026 07:55:18;29/08/2026 17:00:31;N72106;QUIETSHADE/ WHITE  TRAVIS MATHEW 10795 F/H2017;380.74;;R05;380.74;N;;IN000125;INTERLOCK OXFORD SANFORIZADO C/CLAROS - TEÑIDO 2 F;19;9.08;NORMAL;TRAVIS MATHEW;TMW-2314;E-EN PRODUCCION;N;545.00;9;5;0;0;09:05;00:00;15;7.000;JA PA48;FALSO;0.00;0.00;I9224;RSIERRA
01;TEÑIDO;4.00;Y4059;MAQ-08;29/08/2026 17:56:33;30/08/2026 01:50:57;431APD;SEA SALT VARSITY 17779;415.70;;R05;325.74;N;;FT000407;FRENCH TERRY 2 HILOS DIAGONAL CALADO 1-1 (X2 CABOS) - CLAROS;16;7.90;NORMAL;VARSITY;VAR-299;T-EN ALMACEN TENIDO;N;474.00;7;54;0;0;07:54;00:00;15;6.000;LOTE -  VS084  //  J;FALSO;0.00;3.12;I9744;ROSAEDGA
01;TEÑIDO;3.00;Y4059;MAQ-08;29/08/2026 17:56:33;30/08/2026 01:50:58;431APD;SEA SALT VARSITY 17779;415.70;;R05;89.96;N;;FT000407;FRENCH TERRY 2 HILOS DIAGONAL CALADO 1-1 (X2 CABOS) - CLAROS;16;7.90;NORMAL;VARSITY;VAR-299;T-EN ALMACEN TENIDO;N;474.00;7;54;0;0;07:54;00:00;15;6.000;LOTE -  VS084  //  J;FALSO;0.00;3.12;I9744;ROSAEDGA
01;TEÑIDO;3.00;Y1947;MAQ-08;30/08/2026 08:20:29;30/08/2026 14:54:50;7319US;DOUGH HTR BILLY DRADY  17835;401.10;;R05;318.92;N;;MS000169;DOBLE FACE ROMBO ACOLCHADO(CLAROS) 30/1POLYC 65/35+70/24 NYLON;9;6.57;NORMAL;BILLY  DRADDY;BDR-265B;E-EN PRODUCCION;N;394.00;6;34;0;0;06:34;00:00;15;7.000;TAU29 GPB1;FALSO;0.00;0.00;I8799;ROSAEDGA
01;TEÑIDO;4.00;Y1947;MAQ-08;30/08/2026 08:20:30;30/08/2026 14:54:51;7319US;DOUGH HTR BILLY DRADY  17835;401.10;;R05;82.18;N;;MS000169;DOBLE FACE ROMBO ACOLCHADO(CLAROS) 30/1POLYC 65/35+70/24 NYLON;9;6.57;NORMAL;BILLY  DRADDY;BDR-265B;E-EN PRODUCCION;N;394.00;6;34;0;0;06:34;00:00;15;7.000;TAU29 GPB1;FALSO;0.00;0.00;I8799;ROSAEDGA
01;TEÑIDO;2.00;Y4334;MAQ-08;31/08/2026 08:10:35;31/08/2026 17:52:26;633DML;PARISIAN   TEXTILES HEAWOOK 8802;315.10;;R05;315.10;N;;SE003379;JERSEY 20/1 100% ALGODON;15;9.70;NORMAL;TEXTILES THT PERU S.A.C;;D-DESPACHADA;N;582.00;9;42;0;0;09:42;00:00;15;10.000;;FALSO;0.00;0.00;;ROSAEDGA
01;TEÑIDO;2.00;Y4232;MAQ-08;31/08/2026 18:07:54;1/09/2026 04:25:05;6329V0;LAKE TEXTILES HEAWOOK 8802;328.40;;R05;328.40;N;;SE003379;JERSEY 20/1 100% ALGODON;15;10.30;NORMAL;TEXTILES THT PERU S.A.C;;D-DESPACHADA;N;618.00;10;18;0;0;10:18;00:00;15;10.000;;FALSO;0.00;0.00;;CAZAOS
01;TEÑIDO;2.00;Y5435;MAQ-08;1/09/2026 05:14:55;1/09/2026 17:28:23;N33BCT;NEGRO  TEXT HEAWOOK 8890;378.75;;R05;378.75;N;;SE005028;JERSEY 20/1 100% COTTON;18;12.23;NORMAL;TEXTILES THT PERU S.A.C;;E-EN PRODUCCION;N;734.00;12;14;0;0;12:14;00:00;15;10.000;;FALSO;0.00;0.00;;CAZAOS
01;TEÑIDO;2.00;Y4329;MAQ-08;1/09/2026 20:00:51;2/09/2026 08:10:47;433BK8;CARDINAL  TEXTILES HEAWOOK 8802;352.50;;R05;352.50;N;;SE003379;JERSEY 20/1 100% ALGODON;17;12.17;NORMAL;TEXTILES THT PERU S.A.C;;D-DESPACHADA;N;730.00;12;10;0;0;12:10;00:00;15;9.000;;FALSO;0.00;0.00;;ROSAEDGA
01;TEÑIDO;4.00;Y2760;MAQ-08;2/09/2026 10:20:37;2/09/2026 14:30:39;571032;PURPLE SAGE/WHITE TMW  12140  SS19;370.04;;R05;370.04;N;;IN000125;INTERLOCK OXFORD SANFORIZADO C/CLAROS - TEÑIDO 2 F;19;4.17;NORMAL;TRAVIS MATHEW;TMW-2314;E-EN PRODUCCION;N;250.00;4;10;0;0;04:10;00:00;15;6.500;JA PA48;FALSO;0.00;0.00;I9224;CAZAOS
01;TEÑIDO;2.00;Y5057;MAQ-08;2/09/2026 15:49:54;3/09/2026 10:10:30;633DBE;INSIGNIA TEXT HEAWOOK 8444;377.90;2MTZ B/N;R05;377.90;N;;SE005028;JERSEY 20/1 100% COTTON;18;18.35;NORMAL;TEXTILES THT PERU S.A.C;;E-EN PRODUCCION;N;1,101.00;18;21;0;0;18:21;00:00;15;9.000;;FALSO;0.00;0.00;;CAZAOS
01;TEÑIDO;2.00;Y5436;MAQ-08;3/09/2026 10:16:27;3/09/2026 22:10:11;N33BCT;NEGRO  TEXT HEAWOOK 8890;358.55;;R05;358.55;N;;SE005028;JERSEY 20/1 100% COTTON;17;11.90;NORMAL;TEXTILES THT PERU S.A.C;;E-EN PRODUCCION;N;714.00;11;54;0;0;11:54;00:00;15;10.000;;FALSO;0.00;0.00;;CAPAALEX
01;TEÑIDO;1.00;Y5589;MAQ-08;4/09/2026 00:38:59;4/09/2026 04:00:14;111BDG;MELANGE 10 %  TEXT HEAWOOK 8940;311.75;;R05;311.75;N;;SE005048;JERSEY 24/1 MELANGE 1%;15;3.37;NORMAL;TEXTILES THT PERU S.A.C;;E-EN PRODUCCION;N;202.00;3;22;0;0;03:22;00:00;15;8.000;;FALSO;0.00;0.00;;PAHANSERG
01;TEÑIDO;1.00;Y5804;MAQ-08;4/09/2026 07:08:20;4/09/2026 08:41:34;111BDG;MELANGE 10 %  TEXT HEAWOOK 8940;291.85;;R05;291.85;N;;SE005048;JERSEY 24/1 MELANGE 1%;14;1.55;NORMAL;TEXTILES THT PERU S.A.C;;E-EN PRODUCCION;N;93.00;1;33;0;0;01:33;00:00;15;8.000;;FALSO;0.00;0.00;;PAHANSERG
01;TEÑIDO;4.50;Y2760;MAQ-08;4/09/2026 09:47:03;4/09/2026 16:22:30;571032;PURPLE SAGE/WHITE TMW  12140  SS19;370.04;;R05;370.04;N;;IN000125;INTERLOCK OXFORD SANFORIZADO C/CLAROS - TEÑIDO 2 F;19;6.58;NORMAL;TRAVIS MATHEW;TMW-2314;E-EN PRODUCCION;N;395.00;6;35;0;0;06:35;00:00;15;6.500;JA PA48;FALSO;0.00;0.00;I9224;PAHANSERG
01;TEÑIDO;2.00;Y5385;MAQ-09;28/08/2026 15:03:52;29/08/2026 02:48:21;433BHY;RED FORTY SEVEN 17472;125.30;;R05;125.30;N;;JE005304;JERSEYSOLIDO 20/1 - OPEN END / COLORES: MEDIOS Y OSCUROS/ALT GG20;6;11.75;NORMAL;FORTY SEVEN;FSE-1256;T-EN ALMACEN TENIDO;N;705.00;11;45;0;0;11:45;00:00;16;10.000;VS083;FALSO;0.00;2.42;J1533;ROSAEDGA
01;TEÑIDO;2.00;Y4460;MAQ-09;28/08/2026 15:03:53;29/08/2026 02:48:22;433BHY;RED FORTY SEVEN 17472;365.29;;R05;365.29;N;;JE005304;JERSEYSOLIDO 20/1 - OPEN END / COLORES: MEDIOS Y OSCUROS/ALT GG20;15;11.75;NORMAL;FORTY SEVEN;FSE-1219;T-EN ALMACEN TENIDO;N;705.00;11;45;0;0;11:45;00:00;16;10.000;VS083;FALSO;0.00;2.42;J1536;ROSAEDGA
01;TEÑIDO;3.00;Y5458;MAQ-09;29/08/2026 07:59:20;29/08/2026 10:58:56;B00389;ARTIC WHITE VARISTY 15318 SP23;467.48;;R05;467.48;N;;JE005381;JERSEY FLAME (20/1 FLAME CO + 20/1 CO) - C/BLANCO Y CLAROS;19;2.98;NORMAL;VARSITY;VAR-298;T-EN ALMACEN TENIDO;N;179.00;2;59;0;0;02:59;00:00;16;8.000;LOTE- JA AU107 / JA;FALSO;0.00;3.42;I9735;ROSAEDGA
01;TEÑIDO;2.00;Y5459;MAQ-09;29/08/2026 07:59:20;29/08/2026 10:58:57;B00389;ARTIC WHITE VARISTY 15318 SP23;6.80;;R05;6.80;N;;CD000112;"CORDON TRENZADO PLANO 1/2"" 30/1 TP X 7 CABOS";1;2.98;NORMAL;VARSITY;VAR-298;T-EN ALMACEN TENIDO;N;179.00;2;59;0;0;02:59;00:00;16;8.000;LOTE -  JA AU106 //;FALSO;0.00;0.00;I9737;ROSAEDGA
01;TEÑIDO;3.00;Y5457;MAQ-09;29/08/2026 07:59:21;29/08/2026 10:58:57;B00389;ARTIC WHITE VARISTY 15318 SP23;72.86;;R05;72.86;N;;JE005381;JERSEY FLAME (20/1 FLAME CO + 20/1 CO) - C/BLANCO Y CLAROS;3;2.98;NORMAL;VARSITY;VAR-298;T-EN ALMACEN TENIDO;N;179.00;2;59;0;0;02:59;00:00;16;8.000;LOTE-  JA AU107 /  J;FALSO;0.00;0.00;I9735;ROSAEDGA
01;TEÑIDO;3.00;Y4842;MAQ-09;29/08/2026 16:13:18;29/08/2026 21:10:14;111BAD;POLAR WHITE FORTY SEVEN 13694;446.60;;R05;446.60;N;;JE005309;JERSEY 30/1 CT 100% ALGODON - COLORES CLAROS Y BLANCO;21;4.95;NORMAL;FORTY SEVEN;FSE-1228;T-EN ALMACEN TENIDO;N;297.00;4;57;0;0;04:57;00:00;16;9.000;JA AU107;FALSO;0.00;4.00;J1169;ROSAEDGA
01;TEÑIDO;4.00;Y5400;MAQ-09;29/08/2026 22:33:37;30/08/2026 03:50:03;111B0Z;WHITE VINCE WOMENS 16463 PREFALL25;202.84;;R05;202.84;N;;JE002933;JERSEY 40/1 PIMA/MODAL 50/50 - CLAROS;11;5.28;NORMAL;VINCE WOMENS;VCW-665;E-EN PRODUCCION;N;317.00;5;17;0;0;05:17;00:00;16;9.000;PIP27 M67;FALSO;0.00;3.37;I8970;ROSAEDGA
01;TEÑIDO;4.00;Y5404;MAQ-09;29/08/2026 22:33:38;30/08/2026 03:50:03;111B0Z;WHITE VINCE WOMENS 16463 PREFALL25;91.42;;R05;91.42;N;;JE002933;JERSEY 40/1 PIMA/MODAL 50/50 - CLAROS;5;5.28;NORMAL;VINCE WOMENS;VCW-665;E-EN PRODUCCION;N;317.00;5;17;0;0;05:17;00:00;16;9.000;PA48-M64;FALSO;0.00;3.37;I8970;ROSAEDGA
01;TEÑIDO;4.00;Y5403;MAQ-09;29/08/2026 22:33:38;30/08/2026 03:50:02;111B0Z;WHITE VINCE WOMENS 16463 PREFALL25;104.88;;R05;104.88;N;;JE002933;JERSEY 40/1 PIMA/MODAL 50/50 - CLAROS;6;5.28;NORMAL;VINCE WOMENS;VCW-665;E-EN PRODUCCION;N;317.00;5;17;0;0;05:17;00:00;16;9.000;PA48 M64;FALSO;0.00;3.37;I8970;ROSAEDGA
01;TEÑIDO;3.00;Y4525;MAQ-09;31/08/2026 11:30:37;31/08/2026 18:33:46;111B92;OPTIC WHITE   VINCE WOMENS 17401 PREFALL26;522.22;MTZ;R05;522.22;N;;IN000242;INTERLOCK SOLIDO / 50/1PP / 185BW / CLAROS;24;7.05;NORMAL;VINCE WOMENS;VCW-663;E-EN PRODUCCION;N;423.00;7;3;0;0;07:03;00:00;16;8.000;02P-26;FALSO;0.00;3.82;I8967;CAZAOS
01;TEÑIDO;4.00;Y3196;MAQ-09;1/09/2026 01:06:31;1/09/2026 06:47:17;111AW3;BLANCO  TEXT SUR 7977;561.24;;R05;561.24;N;;PI000300;PIQUE LICRADO NE 30/1 ACABADO ABIERTO, COLORES CLAROS;28;5.68;NORMAL;TEXTILES DEL SUR S.A.;;E-EN PRODUCCION;N;341.00;5;41;0;0;05:41;00:00;16;8.000;JA AU106;FALSO;0.00;0.00;;CAZAOS
01;TEÑIDO;1.00;Y4638;MAQ-09;1/09/2026 16:26:39;1/09/2026 22:10:57;111B63;BLANCO TEXT HEAWOOK 8410;396.87;;R05;396.87;N;;SE004542;PIQUE LACOST 24/1 100% COTTON;17;5.73;NORMAL;TEXTILES THT PERU S.A.C;;E-EN PRODUCCION;N;344.00;5;44;0;0;05:44;00:00;16;10.000;;FALSO;0.00;0.00;;RSIERRA
01;TEÑIDO;3.00;Y5789;MAQ-09;1/09/2026 22:18:50;2/09/2026 08:30:02;111B92;OPTIC WHITE   VINCE WOMENS 17401 PREFALL26;508.14;MTZ B/N;R05;508.14;N;;IN000242;INTERLOCK SOLIDO / 50/1PP / 185BW / CLAROS;23;10.20;NORMAL;VINCE WOMENS;VCW-672;E-EN PRODUCCION;N;612.00;10;12;0;0;10:12;00:00;16;8.000;02P-26;FALSO;0.00;3.82;I9330;ROSAEDGA
01;TEÑIDO;3.00;Y5790;MAQ-09;2/09/2026 08:45:25;2/09/2026 15:00:52;111B92;OPTIC WHITE   VINCE WOMENS 17401 PREFALL26;509.89;;R05;509.89;N;;IN000242;INTERLOCK SOLIDO / 50/1PP / 185BW / CLAROS;23;6.25;NORMAL;VINCE WOMENS;VCW-672;E-EN PRODUCCION;N;375.00;6;15;0;0;06:15;00:00;16;8.000;02P-26;FALSO;0.00;3.82;I9330;CAZAOS
01;TEÑIDO;4.00;Y1683;MAQ-09;2/09/2026 16:15:01;3/09/2026 02:35:38;931BSX;VINTAGE B-022 BILLY DRADY 16682 F25;443.95;;R05;403.11;N;;FT000274;FRENCH TERRY C/SPANDEX 30/1 TP +30DN - CLAROS;17;10.33;NORMAL;BILLY  DRADDY;BDR-268A;E-EN PRODUCCION;N;620.00;10;20;0;0;10:20;00:00;16;10.000;LOTE- JA AU106//Z320;FALSO;0.00;0.00;I8808;RSIERRA
01;TEÑIDO;3.00;Y1683;MAQ-09;2/09/2026 16:15:02;3/09/2026 02:35:16;931BSX;VINTAGE B-022 BILLY DRADY 16682 F25;443.95;;R05;40.84;N;;FT000274;FRENCH TERRY C/SPANDEX 30/1 TP +30DN - CLAROS;17;10.33;NORMAL;BILLY  DRADDY;BDR-268A;E-EN PRODUCCION;N;620.00;10;20;0;0;10:20;00:00;16;10.000;LOTE- JA AU106//Z320;FALSO;0.00;0.00;I8808;RSIERRA
01;TEÑIDO;2.00;Y5031;MAQ-09;3/09/2026 02:43:48;3/09/2026 10:45:38;931C92;CERAMIC 12-0105 TPX  TEXTIL ESHEAWOOK 8659;486.00;;R05;486.00;N;;SE005028;JERSEY 20/1 100% COTTON;23;8.03;NORMAL;TEXTILES THT PERU S.A.C;;E-EN PRODUCCION;N;482.00;8;2;0;0;08:02;00:00;16;10.000;;FALSO;0.00;0.00;;CAPAALEX
01;TEÑIDO;2.00;Y4653;MAQ-10;31/08/2026 10:14:49;31/08/2026 23:55:29;633DOZ;NAVY  CARMELITA 8845;204.85;;R05;186.00;N;;SE004894;INTERLOCK 50/1 PP;8;13.68;NORMAL;TEXTIL CARMELITA SAC;;E-EN PRODUCCION;N;821.00;13;41;0;0;13:41;00:00;9;10.000;;FALSO;0.00;0.00;;ROSAEDGA
01;TEÑIDO;1.00;Y4653;MAQ-10;31/08/2026 10:14:50;31/08/2026 23:55:13;633DOZ;NAVY  CARMELITA 8845;204.85;;R05;18.85;N;;SE004894;INTERLOCK 50/1 PP;8;13.68;NORMAL;TEXTIL CARMELITA SAC;;E-EN PRODUCCION;N;821.00;13;41;0;0;13:41;00:00;9;10.000;;FALSO;0.00;0.00;;ROSAEDGA
01;TEÑIDO;2.00;Y5762;MAQ-10;1/09/2026 09:40:16;1/09/2026 15:30:26;111B56;BLANCO TEXTIL  SALAS;247.00;;R05;247.00;N;;SE004618;TOALLA DE BAÑO TANGUIS ANILLO 12/1;6;5.83;NORMAL;CORPORACION TEXTIL SALAS SAC;;D-DESPACHADA;N;350.00;5;50;0;0;05:50;00:00;9;10.000;;FALSO;0.00;0.00;;CAZAOS
01;TEÑIDO;3.00;Y4268;MAQ-10;2/09/2026 02:29:55;2/09/2026 22:12:52;733BME;EDEN 19 - 6050 TCX FORTY SEVEN 15305;43.46;;R05;43.46;N;;JE004848;JERSEY FLAMÉ 24/1 TC - OSCUROS;2;19.72;NORMAL;FORTY SEVEN;FSE-1223;E-EN PRODUCCION;N;1,183.00;19;43;0;0;19:43;00:00;9;10.000;JA AU107;FALSO;0.00;3.72;J0417;ROSAEDGA
01;TEÑIDO;5.20;Y3013;MAQ-10;2/09/2026 02:46:10;2/09/2026 16:23:46;633D7D;COASTAL (STANDAR PF25)  VINCE WOMENS 16649 PREFALL;190.70;;R01;190.70;S;;JE004442;JERSEY SOLIDO // 24/1 PP - OSCUROS;9;13.62;MATIZADO;VINCE WOMENS;VCW-673;E-EN PRODUCCION;N;817.00;13;37;13;37;13:37;13:37;9;10.000;;FALSO;0.00;0.00;I9317;ROSAEDGA
01;TEÑIDO;3.00;Y4320;MAQ-10;3/09/2026 08:20:36;3/09/2026 15:38:47;111B1U;WHITE TRAVIS M 16585 SS25;176.60;;R05;176.60;N;;JE005085;JERSEY 30/1 AP - CLAROS;8;7.30;NORMAL;TRAVIS MATHEW;TMW-2324;E-EN PRODUCCION;N;438.00;7;18;0;0;07:18;00:00;9;10.000;JA-AU106;FALSO;0.00;3.72;I9876;ROSAEDGA
01;TEÑIDO;3.00;Y5190;MAQ-10;3/09/2026 17:48:34;4/09/2026 03:05:31;931CDH;OFF WHITE VINCE WOMENS 17798 SP27;196.40;;R05;196.40;N;;RI002704;RIB 1X1 SOLIDO LUXURY / 28/1 PP / 210BW /CLAROS;10;9.28;NORMAL;VINCE WOMENS;VCW-670;E-EN PRODUCCION;N;557.00;9;17;0;0;09:17;00:00;9;10.000;JA PIP 27;FALSO;0.00;0.00;I8920;ROSAEDGA
01;TEÑIDO;3.00;Y5776;MAQ-10;3/09/2026 23:18:52;4/09/2026 06:43:41;431AP5;SEA SALT  VARSITY 17739;23.34;;R05;23.34;N;;JE005381;JERSEY FLAME (20/1 FLAME CO + 20/1 CO) - C/BLANCO Y CLAROS;1;7.42;NORMAL;VARSITY;VAR-298;E-EN PRODUCCION;ST;445.00;7;25;0;0;07:25;00:00;9;10.000;LOTE-  JA AU106 / JA;VERDADERO;0.00;0.00;I9735;BRARAZOSI
01;TEÑIDO;3.00;Y5775;MAQ-10;3/09/2026 23:18:53;4/09/2026 06:43:42;431AP5;SEA SALT  VARSITY 17739;27.44;;R05;27.44;N;;JE005381;JERSEY FLAME (20/1 FLAME CO + 20/1 CO) - C/BLANCO Y CLAROS;1;7.42;NORMAL;VARSITY;VAR-277;E-EN PRODUCCION;ST;445.00;7;25;0;0;07:25;00:00;9;10.000;LOTE-  JA AU106 / JA;VERDADERO;0.00;0.00;I9227;BRARAZOSI
01;TEÑIDO;2.00;Y4331;MAQ-11;28/08/2026 14:47:13;29/08/2026 02:30:26;633DMK;SEAPORT TEXTILES HEAWOOK 8802;191.00;;R05;191.00;N;;SE003379;JERSEY 20/1 100% ALGODON;9;11.72;NORMAL;TEXTILES THT PERU S.A.C;;D-DESPACHADA;N;703.00;11;43;0;0;11:43;00:00;6;10.000;;FALSO;0.00;0.00;;ROSAEDGA
01;TEÑIDO;3.00;Y4948;MAQ-11;29/08/2026 02:40:58;29/08/2026 14:44:24;633DRR;GLACIER BLUE FORTY SEVEN 18305;184.88;;R05;184.88;N;;JE004848;JERSEY FLAMÉ 24/1 TC - OSCUROS;8;12.07;NORMAL;FORTY SEVEN;FSE-1223;E-EN PRODUCCION;N;724.00;12;4;0;0;12:04;00:00;6;10.000;JA AU107;FALSO;0.00;3.72;J0417;ROSAEDGA
01;TEÑIDO;3.00;Y4841;MAQ-11;29/08/2026 11:15:13;29/08/2026 16:00:28;111BAD;POLAR WHITE FORTY SEVEN 13694;446.75;;R05;446.75;N;;JE005309;JERSEY 30/1 CT 100% ALGODON - COLORES CLAROS Y BLANCO;21;4.75;NORMAL;FORTY SEVEN;FSE-1228;T-EN ALMACEN TENIDO;N;285.00;4;45;0;0;04:45;00:00;6;9.000;JA AU107;FALSO;0.00;0.00;J1169;ROSAEDGA
01;TEÑIDO;1.00;Y4652;MAQ-11;1/09/2026 01:30:54;1/09/2026 06:55:19;111BC1;WHITE CARMELITA 8845;167.95;;R05;25.95;N;;SE004894;INTERLOCK 50/1 PP;6;5.42;NORMAL;TEXTIL CARMELITA SAC;;E-EN PRODUCCION;N;325.00;5;25;0;0;05:25;00:00;6;10.000;;FALSO;0.00;0.00;;CAZAOS
01;TEÑIDO;2.00;Y4652;MAQ-11;1/09/2026 06:18:54;1/09/2026 07:55:18;111BC1;WHITE CARMELITA 8845;167.95;;R05;142.00;N;;SE004894;INTERLOCK 50/1 PP;6;1.62;NORMAL;TEXTIL CARMELITA SAC;;E-EN PRODUCCION;N;97.00;1;37;0;0;01:37;00:00;6;10.000;;FALSO;0.00;0.00;;CAZAOS
01;TEÑIDO;3.00;Y3182;MAQ-11;1/09/2026 15:55:42;1/09/2026 21:38:26;111B45;WHITE BILLY DRADY 16961 SP26;141.32;;R05;141.32;N;;JE004874;JERSEY FLAME 32/1 PP C/ CLAROS Y MEDIOS;8;5.72;NORMAL;BILLY  DRADDY;BDR-277;E-EN PRODUCCION;N;343.00;5;43;0;0;05:43;00:00;6;10.000;;FALSO;0.00;3.62;I9343;IZALANDRE
01;TEÑIDO;3.00;Y4506;MAQ-12;28/08/2026 06:09:11;28/08/2026 16:20:34;93299T;ALMOND  VINCE WOMENS 17841 SPRING27;691.19;;R05;691.19;N;;FT000313;FRENCH TERRY 3 HILOS -30/1 PP + 10/1 TC - CLAROS;32;10.18;NORMAL;VINCE WOMENS;VCW-662;E-EN PRODUCCION;N;611.00;10;11;0;0;10:11;00:00;19;8.000;JA PA53;FALSO;0.00;3.97;I8964;ROSAEDGA
01;TEÑIDO;3.00;Y5430;MAQ-12;28/08/2026 16:30:00;29/08/2026 03:01:10;633DNK;ROYAL 19-3953 TCX  FORTY SEVEN 17840;104.28;;R05;104.28;N;;JE005298;JERSEY 30/1 CT 100% ALGODON - OSCUROS Y MEDIOS;5;10.52;NORMAL;FORTY SEVEN;FSE-1234;T-EN ALMACEN TENIDO;N;631.00;10;31;0;0;10:31;00:00;19;8.000;TTC TAU24;FALSO;0.00;3.32;I9865;ROSAEDGA
01;TEÑIDO;3.00;Y4229;MAQ-12;28/08/2026 16:30:00;29/08/2026 03:01:11;633DNK;ROYAL 19-3953 TCX  FORTY SEVEN 17840;624.42;;R05;624.42;N;;JE005298;JERSEY 30/1 CT 100% ALGODON - OSCUROS Y MEDIOS;29;10.52;NORMAL;FORTY SEVEN;FSE-1221;T-EN ALMACEN TENIDO;N;631.00;10;31;0;0;10:31;00:00;19;8.000;TTC TAU24;FALSO;0.00;3.32;J0208;ROSAEDGA
01;TEÑIDO;3.00;Y4266;MAQ-12;28/08/2026 23:49:20;29/08/2026 10:03:39;633DLW;DARK NAVY FORTY SEVEN 15305;42.26;;R05;42.26;N;;JE004848;JERSEY FLAMÉ 24/1 TC - OSCUROS;2;10.23;NORMAL;FORTY SEVEN;FSE-1223;T-EN ALMACEN TENIDO;N;614.00;10;14;0;0;10:14;00:00;19;10.000;JA AU107;FALSO;0.00;3.72;J0417;ROSAEDGA
01;TEÑIDO;3.00;Y4236;MAQ-12;29/08/2026 03:11:25;29/08/2026 11:40:26;N33BBI;BLACK 19-0303 TCX FORTY SEVEN 17840;703.23;;R05;703.23;N;;JE005298;JERSEY 30/1 CT 100% ALGODON - OSCUROS Y MEDIOS;32;8.48;NORMAL;FORTY SEVEN;FSE-1221;T-EN ALMACEN TENIDO;N;509.00;8;29;0;0;08:29;00:00;19;8.000;JA AU107;FALSO;0.00;3.32;J0208;RSIERRA
01;TEÑIDO;3.50;Y3423;MAQ-12;29/08/2026 11:50:41;29/08/2026 21:17:13;6739BN;TOTAL ECLIPSE TRAVIS MATHEW 17469 SS27;666.93;;R05;666.93;N;;PI000328;FALSO PIQUE C/SPANDEX C/OSCUROS - 75/72 POLY + 40/1 PP/POLY + 20D SPANDEX;33;9.45;NORMAL;TRAVIS MATHEW;TMW-2317;E-EN PRODUCCION;N;567.00;9;27;0;0;09:27;00:00;19;9.000;PIP27 GPB1;FALSO;0.00;0.00;I9307;ROSAEDGA
01;TEÑIDO;3.00;Y4493;MAQ-12;29/08/2026 21:27:22;30/08/2026 07:40:56;633D10;COASTAL  VINCE WOMENS FT313 PREFALL25;655.80;;R05;655.80;N;;FT000314;FRENCH TERRY 3 HILOS -30/1 PP + 10/1 TC - OSCUROS;29;10.22;NORMAL;VINCE WOMENS;VCW-662;E-EN PRODUCCION;N;613.00;10;13;0;0;10:13;00:00;19;9.000;R-JA PA53;FALSO;0.00;0.00;I8961;ROSAEDGA
01;TEÑIDO;4.00;Y4975;MAQ-12;30/08/2026 07:58:31;30/08/2026 16:23:43;633D1B;COUNTRY BLUE 18-3912 TCX VARSITY 16086;630.56;;R05;511.48;N;;FT000406;FRENCH TERRY 2 HILOS DIAGONAL CALADO 1-1 (X2 CABOS) - OSCUROS;25;8.42;NORMAL;VARSITY;VAR-299;T-EN ALMACEN TENIDO;N;505.00;8;25;0;0;08:25;00:00;19;8.000;LOTE  -  VS084  // J;FALSO;0.00;3.12;I9743;ROSAEDGA
01;TEÑIDO;3.00;Y4975;MAQ-12;30/08/2026 07:58:31;30/08/2026 16:23:44;633D1B;COUNTRY BLUE 18-3912 TCX VARSITY 16086;630.56;;R05;119.08;N;;FT000406;FRENCH TERRY 2 HILOS DIAGONAL CALADO 1-1 (X2 CABOS) - OSCUROS;25;8.42;NORMAL;VARSITY;VAR-299;T-EN ALMACEN TENIDO;N;505.00;8;25;0;0;08:25;00:00;19;8.000;LOTE  -  VS084  // J;FALSO;0.00;3.12;I9743;ROSAEDGA
01;TEÑIDO;3.00;Y4589;MAQ-12;31/08/2026 11:12:17;31/08/2026 22:50:17;633DNO;DEEP LAGOON VINCE WOMENS 17844 SPRING27;621.30;;R05;621.30;N;;JE004986;JERSEY SOLIDO F/SPAN / 30/1MODAL+40D / 235BW / OSCUROS;31;11.63;NORMAL;VINCE WOMENS;VCW-667;E-EN PRODUCCION;N;698.00;11;38;0;0;11:38;00:00;19;10.000;JA M66;FALSO;0.00;3.77;I8960;ROSAEDGA
01;TEÑIDO;3.00;Y3425;MAQ-12;31/08/2026 23:00:01;1/09/2026 06:50:27;6739BN;TOTAL ECLIPSE TRAVIS MATHEW 17469 SS27;665.06;;R05;665.06;N;;PI000328;FALSO PIQUE C/SPANDEX C/OSCUROS - 75/72 POLY + 40/1 PP/POLY + 20D SPANDEX;33;7.83;NORMAL;TRAVIS MATHEW;TMW-2317;E-EN PRODUCCION;N;470.00;7;50;0;0;07:50;00:00;19;9.000;PIP27 GPB1;FALSO;0.00;0.00;I9307;CAZAOS
01;TEÑIDO;3.00;Y4507;MAQ-12;1/09/2026 08:50:15;1/09/2026 17:12:36;93299T;ALMOND  VINCE WOMENS 17841 SPRING27;691.40;;R05;691.40;N;;FT000313;FRENCH TERRY 3 HILOS -30/1 PP + 10/1 TC - CLAROS;32;8.37;NORMAL;VINCE WOMENS;VCW-662;E-EN PRODUCCION;N;502.00;8;22;0;0;08:22;00:00;19;8.000;JA PA53;FALSO;0.00;3.97;I8964;IZALANDRE
01;TEÑIDO;3.00;Y4532;MAQ-12;1/09/2026 17:27:22;2/09/2026 03:10:16;93299V;ALMOND VINCE WOMENS 17842 SPRING27;619.92;;R05;619.92;N;;IN000242;INTERLOCK SOLIDO / 50/1PP / 185BW / CLAROS;28;9.72;NORMAL;VINCE WOMENS;VCW-663;E-EN PRODUCCION;N;583.00;9;43;0;0;09:43;00:00;19;9.000;02P-26;FALSO;0.00;3.82;I8967;IZALANDRE
01;TEÑIDO;2.00;Y5387;MAQ-12;2/09/2026 07:53:49;2/09/2026 17:44:56;433BHY;RED FORTY SEVEN 17472;658.47;;R05;658.47;N;;JE005304;JERSEYSOLIDO 20/1 - OPEN END / COLORES: MEDIOS Y OSCUROS/ALT GG20;28;9.85;NORMAL;FORTY SEVEN;FSE-1256;E-EN PRODUCCION;N;591.00;9;51;0;0;09:51;00:00;19;10.000;VS083;FALSO;0.00;2.42;J1537;CAZAOS
01;TEÑIDO;2.00;Y4495;MAQ-12;2/09/2026 17:59:31;3/09/2026 03:30:52;633D10;COASTAL  VINCE WOMENS FT313 PREFALL25;1.06;;R05;1.06;N;;CT000061;"CINTA BORLON 3/8"" - 100% COTTON / COD.P-13#8 / PROV:ARACNE";1;9.52;NORMAL;VINCE WOMENS;VCW-662;E-EN PRODUCCION;N;571.00;9;31;0;0;09:31;00:00;19;9.000;CT000061;FALSO;0.00;0.00;I8959;LOREAJUL
01;TEÑIDO;3.00;Y4494;MAQ-12;2/09/2026 17:59:32;3/09/2026 03:30:52;633D10;COASTAL  VINCE WOMENS FT313 PREFALL25;581.44;;R05;581.44;N;;FT000314;FRENCH TERRY 3 HILOS -30/1 PP + 10/1 TC - OSCUROS;23;9.52;NORMAL;VINCE WOMENS;VCW-662;E-EN PRODUCCION;N;571.00;9;31;0;0;09:31;00:00;19;9.000;R-JA PA53;FALSO;0.00;0.00;I8959;LOREAJUL
01;TEÑIDO;3.50;Y3425;MAQ-12;3/09/2026 11:09:49;3/09/2026 18:15:12;6739BN;TOTAL ECLIPSE TRAVIS MATHEW 17469 SS27;665.06;;R05;665.06;N;;PI000328;FALSO PIQUE C/SPANDEX C/OSCUROS - 75/72 POLY + 40/1 PP/POLY + 20D SPANDEX;33;7.10;NORMAL;TRAVIS MATHEW;TMW-2317;E-EN PRODUCCION;N;426.00;7;6;0;0;07:06;00:00;19;9.000;PIP27 GPB1;FALSO;0.00;0.00;I9307;CAPAALEX
01;TEÑIDO;4.00;Y4279;MAQ-12;3/09/2026 18:25:16;4/09/2026 00:30:04;6739CG;COASTAL VINCE MENS 17757 SP27;657.57;;R05;657.57;N;;PI000332;PIQUE CALADO MACRO HONEY SOLIDO/20/1X2CBS COTT/POLY/265AW/OSCUROS;33;6.08;NORMAL;VINCE;VNC-821;E-EN PRODUCCION;N;365.00;6;5;0;0;06:05;00:00;19;9.000;TOG1 PRO2;FALSO;0.00;0.00;I9610;ROSAEDGA
01;TEÑIDO;2.00;Y6008;MAQ-12;4/09/2026 00:42:16;4/09/2026 10:29:49;633CWA;INDIGO STANDARD VARSITY 16086 SP23;9.08;;R05;9.08;N;;CD000116;"CORDON TRENZADO TUBULAR 5/8"" 100% COTTON 24/1 COD:1909 ARACNE";1;9.78;NORMAL;VARSITY;VAR-299;E-EN PRODUCCION;N;587.00;9;47;0;0;09:47;00:00;19;8.000;LOTE  -  JA AU106;FALSO;0.00;0.00;I9741;BRARAZOSI
01;TEÑIDO;5.00;Y6007;MAQ-12;4/09/2026 00:42:16;4/09/2026 10:29:50;633CWA;INDIGO STANDARD VARSITY 16086 SP23;657.10;;R05;544.76;N;;FT000406;FRENCH TERRY 2 HILOS DIAGONAL CALADO 1-1 (X2 CABOS) - OSCUROS;27;9.78;NORMAL;VARSITY;VAR-299;E-EN PRODUCCION;N;587.00;9;47;0;0;09:47;00:00;19;8.000;JA AU107;FALSO;0.00;2.59;I9741;BRARAZOSI
01;TEÑIDO;3.00;Y6007;MAQ-12;4/09/2026 00:42:16;4/09/2026 10:29:50;633CWA;INDIGO STANDARD VARSITY 16086 SP23;657.10;;R05;112.34;N;;FT000406;FRENCH TERRY 2 HILOS DIAGONAL CALADO 1-1 (X2 CABOS) - OSCUROS;27;9.78;NORMAL;VARSITY;VAR-299;E-EN PRODUCCION;N;587.00;9;47;0;0;09:47;00:00;19;8.000;JA AU107;FALSO;0.00;2.59;I9741;BRARAZOSI
01;TEÑIDO;2.00;Y5420;MAQ-13;28/08/2026 10:14:38;28/08/2026 18:59:05;6739CS;TRUE NAVY  COFACO 8897;639.35;;R05;639.35;N;;SE004986;JERSEY 40/1 VORTEX ORG PIMA/LYOCELL;25;8.75;NORMAL;COFACO INDUSTRIES S.A.C.;;D-DESPACHADA;N;525.00;8;45;0;0;08:45;00:00;18;10.000;;FALSO;0.00;0.00;;ROSAEDGA
01;TEÑIDO;2.50;Y5420;MAQ-13;28/08/2026 19:00:15;28/08/2026 23:45:21;6739CS;TRUE NAVY  COFACO 8897;639.35;;R05;639.35;N;;SE004986;JERSEY 40/1 VORTEX ORG PIMA/LYOCELL;25;4.75;NORMAL;COFACO INDUSTRIES S.A.C.;;D-DESPACHADA;N;285.00;4;45;0;0;04:45;00:00;18;10.000;;FALSO;0.00;0.00;;ROSAEDGA
01;TEÑIDO;2.00;Y5421;MAQ-13;29/08/2026 00:03:16;29/08/2026 12:29:24;6739CS;TRUE NAVY  COFACO 8897;633.60;;R05;633.60;N;;SE004986;JERSEY 40/1 VORTEX ORG PIMA/LYOCELL;25;12.43;NORMAL;COFACO INDUSTRIES S.A.C.;;D-DESPACHADA;N;746.00;12;26;0;0;12:26;00:00;18;10.000;;FALSO;0.00;0.00;;ROSAEDGA
01;TEÑIDO;2.50;Y5421;MAQ-13;29/08/2026 12:29:41;29/08/2026 13:50:27;6739CS;TRUE NAVY  COFACO 8897;633.60;;R05;633.60;N;;SE004986;JERSEY 40/1 VORTEX ORG PIMA/LYOCELL;25;1.35;NORMAL;COFACO INDUSTRIES S.A.C.;;D-DESPACHADA;N;81.00;1;21;0;0;01:21;00:00;18;10.000;;FALSO;0.00;0.00;;ROSAEDGA
01;TEÑIDO;3.00;Y4116;MAQ-13;29/08/2026 14:10:56;30/08/2026 01:25:40;N33BBV;WASHED BLACK VINCE MENS 17861 SPRING27;577.62;JB.A.;R05;577.62;N;;JE005267;JERSEY SOLIDO / 20/1COTTON/ OSCUROS(DESGASTEPRENDA);29;11.25;NORMAL;VINCE;VNC-814;T-EN ALMACEN TENIDO;N;675.00;11;15;0;0;11:15;00:00;18;10.000;JA AU107;FALSO;0.00;3.97;I9221;ROSAEDGA
01;TEÑIDO;3.00;Y4117;MAQ-13;30/08/2026 01:35:37;30/08/2026 14:39:17;N33BBV;WASHED BLACK VINCE MENS 17861 SPRING27;574.69;;R05;574.69;N;;JE005267;JERSEY SOLIDO / 20/1COTTON/ OSCUROS(DESGASTEPRENDA);28;13.07;NORMAL;VINCE;VNC-814;E-EN PRODUCCION;N;784.00;13;4;0;0;13:04;00:00;18;10.000;JA AU107;FALSO;0.00;3.97;I9220;ROSAEDGA
01;TEÑIDO;2.00;Y5422;MAQ-13;31/08/2026 08:32:50;31/08/2026 15:13:09;6739CS;TRUE NAVY  COFACO 8897;631.50;;R05;631.50;N;;SE004986;JERSEY 40/1 VORTEX ORG PIMA/LYOCELL;26;6.68;NORMAL;COFACO INDUSTRIES S.A.C.;;T-EN ALMACEN TENIDO;N;401.00;6;41;0;0;06:41;00:00;18;10.000;;FALSO;0.00;0.00;;ROSAEDGA
01;TEÑIDO;2.50;Y5422;MAQ-13;31/08/2026 15:14:07;31/08/2026 22:40:20;6739CS;TRUE NAVY  COFACO 8897;631.50;;R05;631.50;N;;SE004986;JERSEY 40/1 VORTEX ORG PIMA/LYOCELL;26;7.43;NORMAL;COFACO INDUSTRIES S.A.C.;;T-EN ALMACEN TENIDO;N;446.00;7;26;0;0;07:26;00:00;18;10.000;;FALSO;0.00;0.00;;ROSAEDGA
01;TEÑIDO;2.00;Y5424;MAQ-13;31/08/2026 22:50:52;1/09/2026 05:50:19;6739CS;TRUE NAVY  COFACO 8897;646.40;;R05;646.40;N;;SE004986;JERSEY 40/1 VORTEX ORG PIMA/LYOCELL;25;7.00;NORMAL;COFACO INDUSTRIES S.A.C.;;T-EN ALMACEN TENIDO;N;420.00;7;0;0;0;07:00;00:00;18;10.000;;FALSO;0.00;0.00;;CAZAOS
01;TEÑIDO;2.50;Y5424;MAQ-13;1/09/2026 05:51:55;1/09/2026 11:40:12;6739CS;TRUE NAVY  COFACO 8897;646.40;;R05;646.40;N;;SE004986;JERSEY 40/1 VORTEX ORG PIMA/LYOCELL;25;5.82;NORMAL;COFACO INDUSTRIES S.A.C.;;T-EN ALMACEN TENIDO;N;349.00;5;49;0;0;05:49;00:00;18;10.000;;FALSO;0.00;0.00;;IZALANDRE
01;TEÑIDO;2.00;Y5425;MAQ-13;1/09/2026 13:01:50;1/09/2026 18:32:24;6739CS;TRUE NAVY  COFACO 8897;634.85;;R05;634.85;N;;SE004986;JERSEY 40/1 VORTEX ORG PIMA/LYOCELL;25;5.52;NORMAL;COFACO INDUSTRIES S.A.C.;;E-EN PRODUCCION;N;331.00;5;31;0;0;05:31;00:00;18;10.000;;FALSO;0.00;0.00;;IZALANDRE
01;TEÑIDO;2.50;Y5425;MAQ-13;1/09/2026 18:33:32;2/09/2026 03:22:15;6739CS;TRUE NAVY  COFACO 8897;634.85;;R05;634.85;N;;SE004986;JERSEY 40/1 VORTEX ORG PIMA/LYOCELL;25;8.82;NORMAL;COFACO INDUSTRIES S.A.C.;;E-EN PRODUCCION;N;529.00;8;49;0;0;08:49;00:00;18;10.000;;FALSO;0.00;0.00;;ROSAEDGA
01;TEÑIDO;3.00;Y4143;MAQ-13;2/09/2026 10:15:16;2/09/2026 18:50:16;633C3M;CADET BLUE MISMO DE LA CARTA14186 FORTY SEVEN 141;625.08;;R05;625.08;N;;JE004634;JERSEY 36/1 TC 135GR/M2 A/W C/OSCUROS;32;8.58;NORMAL;FORTY SEVEN;FSE-1233;E-EN PRODUCCION;N;515.00;8;35;0;0;08:35;00:00;18;10.000;JA AU107;FALSO;0.00;3.72;I9858;CAZAOS
01;TEÑIDO;8.20;Y4106;MAQ-13;2/09/2026 19:20:08;3/09/2026 03:05:12;672380;STONEWASH VINCE MENS 17866 SP27;701.29;;R01;701.29;S;;RI002861;DOBLE KNIT CALADO / 30/1PT+20/1X2CAPT+50/36POLY / OSCUROS;35;7.75;MATIZADO;VINCE;VNC-818;E-EN PRODUCCION;N;465.00;7;45;7;45;07:45;07:45;18;8.000;JA AU107;FALSO;0.00;0.00;I9215;LOREAJUL
01;TEÑIDO;3.00;Y5744;MAQ-13;3/09/2026 03:25:22;3/09/2026 13:22:14;N33AAD;FLINT BLACK FORTY SEVEN 13694 F20;660.32;;R05;660.32;N;;JE005298;JERSEY 30/1 CT 100% ALGODON - OSCUROS Y MEDIOS;31;9.95;NORMAL;FORTY SEVEN;FSE-1252;E-EN PRODUCCION;N;597.00;9;57;0;0;09:57;00:00;18;8.000;JA AU107;FALSO;0.00;4.00;J1671;CAPAALEX
01;TEÑIDO;5.10;Y1013;MAQ-13;3/09/2026 13:32:50;4/09/2026 01:00:37;N33BBP;BLACK  TEXT HEAWOOK 8827;486.74;DESMONTD+RTÑ;R01;486.74;S;;SE003379;JERSEY 20/1 100% ALGODON;23;11.47;MATIZADO;TEXTILES THT PERU S.A.C;;E-EN PRODUCCION;N;688.00;11;28;11;28;11:28;11:28;18;6.000;;FALSO;0.00;0.00;;BRARAZOSI
01;TEÑIDO;2.00;Y4499;MAQ-13;4/09/2026 04:22:59;4/09/2026 11:45:09;N33AZQ;BLACK VINCE WOMENS 16487 PREFALL25;0.96;;R05;0.96;N;;CT000061;"CINTA BORLON 3/8"" - 100% COTTON / COD.P-13#8 / PROV:ARACNE";1;7.38;NORMAL;VINCE WOMENS;VCW-662;E-EN PRODUCCION;N;443.00;7;23;0;0;07:23;00:00;18;9.000;CT000061;FALSO;0.00;0.00;I8959;PAHANSERG
01;TEÑIDO;3.00;Y4498;MAQ-13;4/09/2026 04:22:59;4/09/2026 11:45:10;N33AZQ;BLACK VINCE WOMENS 16487 PREFALL25;584.29;;R05;584.29;N;;FT000314;FRENCH TERRY 3 HILOS -30/1 PP + 10/1 TC - OSCUROS;22;7.38;NORMAL;VINCE WOMENS;VCW-662;E-EN PRODUCCION;N;443.00;7;23;0;0;07:23;00:00;18;9.000;R-JA PA53;FALSO;0.00;0.00;I8959;PAHANSERG
01;TEÑIDO;3.00;Y4269;MAQ-14;28/08/2026 05:50:32;28/08/2026 16:50:44;931B9Y;WHITE WASH FORTY SEVEN 15305 F23;61.00;;R05;61.00;N;;JE004852;JERSEY FLAMÉ 24/1 TC - CLAROS;3;11.00;NORMAL;FORTY SEVEN;FSE-1223;T-EN ALMACEN TENIDO;N;660.00;11;0;0;0;11:00;00:00;17;10.000;JA AU107;FALSO;0.00;0.00;J0417;RSIERRA
01;TEÑIDO;3.00;Y5178;MAQ-14;28/08/2026 18:21:05;29/08/2026 09:40:08;631AX9;SPLISH SPLASH 16-4520 TCX ROLLER 17225;93.04;;R05;93.04;N;;IN000232;INTERLOCK SOLIDO 50/1 PP - COMPLEMENTO;5;15.32;NORMAL;ROLLER RABBIT;RRT-012G;E-EN PRODUCCION;N;919.00;15;19;0;0;15:19;00:00;17;9.000;02P-26;FALSO;0.00;3.62;J1553;ROSAEDGA
01;TEÑIDO;3.00;Y4127;MAQ-14;30/08/2026 07:53:35;30/08/2026 16:28:34;433BLM;HIBISCUS 18-1762 TCX ROLLER RABBIT 17225;92.14;;R05;92.14;N;;IN000232;INTERLOCK SOLIDO 50/1 PP - COMPLEMENTO;5;8.58;NORMAL;ROLLER RABBIT;RRT-012E;E-EN PRODUCCION;N;515.00;8;35;0;0;08:35;00:00;17;9.000;JA PIP-27;FALSO;0.00;3.62;I9756;ROSAEDGA
01;TEÑIDO;3.00;Y4386;MAQ-14;31/08/2026 10:10:25;31/08/2026 20:20:31;332754;VIBRANT ORANGE 15-1264 TCX FORTY SEVEN 17840;100.19;;R05;100.19;N;;JE005309;JERSEY 30/1 CT 100% ALGODON - COLORES CLAROS Y BLANCO;5;10.17;NORMAL;FORTY SEVEN;FSE-1228;T-EN ALMACEN TENIDO;N;610.00;10;10;0;0;10:10;00:00;17;9.000;JA AU107;FALSO;0.00;0.00;J1171;CAZAOS
01;TEÑIDO;4.00;Y4457;MAQ-14;31/08/2026 20:30:56;1/09/2026 05:00:53;N73717;EBONY # TRAVIS MATHEW 17741 F/H27;60.82;;R05;60.82;N;;DE010001;DOBLE FACE MESH PIMA + 50/36 POLY;3;8.50;NORMAL;TRAVIS MATHEW;M0000562;E-EN PRODUCCION;N;510.00;8;30;0;0;08:30;00:00;17;10.000;HF61005;FALSO;0.00;4.71;O8975;RSIERRA
01;TEÑIDO;4.50;Y4457;MAQ-14;1/09/2026 10:57:32;1/09/2026 11:40:47;N73717;EBONY # TRAVIS MATHEW 17741 F/H27;60.82;;R05;60.82;N;;DE010001;DOBLE FACE MESH PIMA + 50/36 POLY;3;0.72;NORMAL;TRAVIS MATHEW;M0000562;E-EN PRODUCCION;N;43.00;0;43;0;0;00:43;00:00;17;10.000;HF61005;FALSO;0.00;4.71;O8975;CAZAOS
01;TEÑIDO;3.00;Y5639;MAQ-14;1/09/2026 15:15:26;1/09/2026 19:25:36;B00004;BLANQUEO PARA PIGMENTAR;72.34;;R05;72.34;N;;DE010417;JERSEY 24/1 100% COTTON;3;4.17;NORMAL;HIALPESA;;E-EN PRODUCCION;N;250.00;4;10;0;0;04:10;00:00;17;10.000;JA AU106;FALSO;0.00;0.00;;IZALANDRE
01;TEÑIDO;2.00;Y5049;MAQ-14;1/09/2026 19:40:19;2/09/2026 02:45:34;232871;ATHLETIC GOLD  FORTY SEVEN 17472;69.64;;R05;54.74;N;;JE005296;JERSEYSOLIDO 18/1 - OPEN END / SOLO PARA BLANCO;4;7.08;NORMAL;FORTY SEVEN;FSE-1256;E-EN PRODUCCION;N;425.00;7;5;0;0;07:05;00:00;17;10.000;VS043;FALSO;0.00;0.00;J1537;ROSAEDGA
01;TEÑIDO;1.00;Y5049;MAQ-14;1/09/2026 19:40:20;2/09/2026 02:45:35;232871;ATHLETIC GOLD  FORTY SEVEN 17472;69.64;;R05;14.90;N;;JE005296;JERSEYSOLIDO 18/1 - OPEN END / SOLO PARA BLANCO;4;7.08;NORMAL;FORTY SEVEN;FSE-1256;E-EN PRODUCCION;N;425.00;7;5;0;0;07:05;00:00;17;10.000;VS043;FALSO;0.00;0.00;J1537;ROSAEDGA
01;TEÑIDO;3.00;Y4545;MAQ-14;2/09/2026 07:40:54;2/09/2026 13:10:28;772214;ICEBERG GREEN / ICEBERG GREEN #  TRAVIS MATHEW 176;20.10;;R05;20.10;N;;PI000294;FALSO PIQUE C/SPAN/75/72+50/1P/CLAROS;1;5.50;NORMAL;HIALPESA;;E-EN PRODUCCION;N;330.00;5;30;0;0;05:30;00:00;17;10.000;D08214;FALSO;0.00;0.00;;CAZAOS
01;TEÑIDO;4.00;Y4136;MAQ-14;2/09/2026 07:40:55;2/09/2026 13:10:44;772214;ICEBERG GREEN / ICEBERG GREEN #  TRAVIS MATHEW 176;62.36;;R05;62.36;N;;DE009807;FALSO PIQUE C/SPANDEX ESTAMP SUBLIMADO 75/72 POLY + 40/1 PIMA/POLY;3;5.50;NORMAL;TRAVIS MATHEW;M0000562;E-EN PRODUCCION;N;330.00;5;30;0;0;05:30;00:00;17;10.000;PA54 GPB1;FALSO;0.00;4.41;O8922;CAZAOS
01;TEÑIDO;4.50;Y4136;MAQ-14;2/09/2026 13:11:09;2/09/2026 13:50:36;772214;ICEBERG GREEN / ICEBERG GREEN #  TRAVIS MATHEW 176;62.36;;R05;62.36;N;;DE009807;FALSO PIQUE C/SPANDEX ESTAMP SUBLIMADO 75/72 POLY + 40/1 PIMA/POLY;3;0.65;NORMAL;TRAVIS MATHEW;M0000562;E-EN PRODUCCION;N;39.00;0;39;0;0;00:39;00:00;17;10.000;PA54 GPB1;FALSO;0.00;4.41;O8922;CAZAOS
01;TEÑIDO;3.50;Y4545;MAQ-14;2/09/2026 13:11:09;2/09/2026 13:50:36;772214;ICEBERG GREEN / ICEBERG GREEN #  TRAVIS MATHEW 176;20.10;;R05;20.10;N;;PI000294;FALSO PIQUE C/SPAN/75/72+50/1P/CLAROS;1;0.65;NORMAL;HIALPESA;;E-EN PRODUCCION;N;39.00;0;39;0;0;00:39;00:00;17;10.000;D08214;FALSO;0.00;0.00;;CAZAOS
01;TEÑIDO;3.00;Y4133;MAQ-14;3/09/2026 03:25:37;3/09/2026 12:07:10;6739BN;TOTAL ECLIPSE TRAVIS MATHEW 17469 SS27;42.40;;R05;42.40;N;;DE009807;FALSO PIQUE C/SPANDEX ESTAMP SUBLIMADO 75/72 POLY + 40/1 PIMA/POLY;2;8.70;NORMAL;TRAVIS MATHEW;M0000562;E-EN PRODUCCION;N;522.00;8;42;0;0;08:42;00:00;17;10.000;;FALSO;0.00;4.00;O8921;CAPAALEX
01;TEÑIDO;3.00;Y4986;MAQ-14;3/09/2026 03:25:37;3/09/2026 12:07:10;6739BN;TOTAL ECLIPSE TRAVIS MATHEW 17469 SS27;53.32;;R05;53.32;N;;PI000328;FALSO PIQUE C/SPANDEX C/OSCUROS - 75/72 POLY + 40/1 PP/POLY + 20D SPANDEX;3;8.70;NORMAL;TRAVIS MATHEW;M0000562;E-EN PRODUCCION;N;522.00;8;42;0;0;08:42;00:00;17;10.000;;FALSO;0.00;4.41;O8979;CAPAALEX
01;TEÑIDO;3.50;Y4133;MAQ-14;3/09/2026 16:45:51;3/09/2026 17:50:17;6739BN;TOTAL ECLIPSE TRAVIS MATHEW 17469 SS27;42.40;;R05;42.40;N;;DE009807;FALSO PIQUE C/SPANDEX ESTAMP SUBLIMADO 75/72 POLY + 40/1 PIMA/POLY;2;1.08;NORMAL;TRAVIS MATHEW;M0000562;E-EN PRODUCCION;N;65.00;1;5;0;0;01:05;00:00;17;10.000;;FALSO;0.00;4.00;O8921;ROSAEDGA
01;TEÑIDO;3.50;Y4986;MAQ-14;3/09/2026 16:45:51;3/09/2026 17:50:17;6739BN;TOTAL ECLIPSE TRAVIS MATHEW 17469 SS27;53.32;;R05;53.32;N;;PI000328;FALSO PIQUE C/SPANDEX C/OSCUROS - 75/72 POLY + 40/1 PP/POLY + 20D SPANDEX;3;1.08;NORMAL;TRAVIS MATHEW;M0000562;E-EN PRODUCCION;N;65.00;1;5;0;0;01:05;00:00;17;10.000;;FALSO;0.00;4.41;O8979;ROSAEDGA
01;TEÑIDO;3.00;Y5451;MAQ-14;3/09/2026 21:15:48;4/09/2026 04:35:59;931CGA;ANTIQUE WHITE 11-0105 TCX FAHERTY 17931 SUMMER27;56.94;;R05;56.94;N;;FP000014;FELPA PRINTED REVÉS (RIZO)/FCREACT/ 40/1TPORGÁNICO/250AW/ BLANQUEO;3;7.33;NORMAL;HIALPESA;;E-EN PRODUCCION;N;440.00;7;20;0;0;07:20;00:00;17;10.000;JA AU100;FALSO;0.00;0.00;;ROSAEDGA
01;TEÑIDO;3.00;Y5470;MAQ-14;4/09/2026 04:51:31;4/09/2026 12:27:52;111AJ6;WHITE TOMMY B 13336 SP20;50.36;;R05;50.36;N;;JE004902;JERSEY 30/1 TP(DISCHARGE) - CLARO Y MEDIO(BCI);2;7.60;NORMAL;TOMMY BAHAMA;M0000564;E-EN PRODUCCION;N;456.00;7;36;0;0;07:36;00:00;17;10.000;;FALSO;0.00;0.00;O9010;PAHANSERG
01;TEÑIDO;2.50;Y5238;MAQ-16;28/08/2026 02:56:11;28/08/2026 10:02:22;6739CS;TRUE NAVY  COFACO 8897;640.15;;R05;640.15;N;;SE004986;JERSEY 40/1 VORTEX ORG PIMA/LYOCELL;24;7.10;NORMAL;COFACO INDUSTRIES S.A.C.;;E-EN PRODUCCION;N;426.00;7;6;0;0;07:06;00:00;0;10.000;;FALSO;0.00;0.00;;ROSAEDGA
01;TEÑIDO;3.00;Y6041;MAQ-17;3/09/2026 14:23:54;4/09/2026 01:07:55;N33ARS;BLACK VINCE MENS 15593 PRESPRING23;5.12;;R05;5.12;N;;JE000455;JERSEY PARA PRUEBA DE HILADO 30/1 - 60/1;1;10.73;NORMAL;HIALPESA TEJEDURIA PRUEBA DE HILADOS;;E-EN PRODUCCION;N;644.00;10;44;0;0;10:44;00:00;1;10.000;;FALSO;0.00;0.00;;ROSAEDGA
01;TEÑIDO;4.00;Y5225;MAQ-18;28/08/2026 17:14:39;29/08/2026 02:50:56;6739CG;COASTAL VINCE MENS 17757 SP27;21.08;;R05;21.08;N;;DE010265;MACRO HONEYCOMB 230GSM 50%COTTON 50%POLY;1;9.60;NORMAL;VINCE;M0000550;D-DESPACHADA;N;576.00;9;36;0;0;09:36;00:00;17;10.000;AU102 PB32;FALSO;0.00;0.00;O8956;ROSAEDGA
01;TEÑIDO;3.00;Y5471;MAQ-18;29/08/2026 15:12:51;29/08/2026 23:39:08;531917;FRAGRANT LILAC  14-3204 TCX  FAHERTY 17153 FALL25;10.28;;R05;10.28;N;;JE005389;JERSEY SOLIDO ESMERILADO 30/1 PP - 150 AW - COMPLEMENTO/CLAROS;1;8.45;NORMAL;HIALPESA;;E-EN PRODUCCION;N;507.00;8;27;0;0;08:27;00:00;17;20.000;JA PIP-27;FALSO;0.00;0.00;;ROSAEDGA
01;TEÑIDO;3.00;Y5732;MAQ-18;30/08/2026 08:19:40;30/08/2026 08:19:49;633A6G;AZULINO COTELASA  5752;28.20;;R05;28.20;N;;JE000455;JERSEY PARA PRUEBA DE HILADO 30/1 - 60/1;5;0.00;NORMAL;HIALPESA TEJEDURIA PRUEBA DE HILADOS;;D-DESPACHADA;N;0.00;0;0;0;0;00:00;00:00;17;10.000;;FALSO;0.00;0.00;;ROSAEDGA
01;TEÑIDO;3.00;Y5777;MAQ-18;31/08/2026 14:05:44;31/08/2026 19:44:09;1119SV;WHITE J.JILL 9408 HOLLIDAY2014;7.94;;R05;7.94;N;;JE000455;JERSEY PARA PRUEBA DE HILADO 30/1 - 60/1;2;5.65;NORMAL;HIALPESA TEJEDURIA PRUEBA DE HILADOS;;D-DESPACHADA;N;339.00;5;39;0;0;05:39;00:00;17;15.000;;FALSO;0.00;0.00;;ROSAEDGA
01;TEÑIDO;3.00;Y4377;MAQ-18;1/09/2026 01:36:23;1/09/2026 09:35:45;633C5S;NAVY HEATHER TOMMY BAHAMAS 14316 SP22;19.00;;R05;19.00;N;;JE004894;JERSEY OSC - 30/1 POLYCOTT 60%CO/40%POLY TEÑIDO 1F(COTTON)(BCI);1;7.98;NORMAL;TOMMY BAHAMA;M0000564;E-EN PRODUCCION;N;479.00;7;59;0;0;07:59;00:00;17;12.000;;FALSO;0.00;0.00;O8992;CAZAOS
01;TEÑIDO;5.00;Y5472;MAQ-18;1/09/2026 18:31:51;1/09/2026 18:57:19;633DSD;NAVY(IGUAL AL COD.633DNI DE LA CARTA 17840 FORTY S;10.03;;R05;10.03;N;;DE010417;JERSEY 24/1 100% COTTON;1;0.43;NORMAL;HIALPESA;;E-EN PRODUCCION;N;26.00;0;26;0;0;00:26;00:00;17;20.000;JA AU106;FALSO;0.00;0.00;;ROSAEDGA
01;TEÑIDO;4.00;Y4454;MAQ-18;1/09/2026 22:28:56;2/09/2026 09:31:03;473524;GOTH RED # TRAVIS 17741 F/H27;20.36;;R05;20.36;N;;DE010001;DOBLE FACE MESH PIMA + 50/36 POLY;1;11.05;NORMAL;TRAVIS MATHEW;M0000562;E-EN PRODUCCION;N;663.00;11;3;0;0;11:03;00:00;17;15.000;HF61005;FALSO;0.00;4.71;O8975;ROSAEDGA
01;TEÑIDO;5.00;Y5473;MAQ-18;2/09/2026 12:11:14;2/09/2026 19:29:00;232883;GALLEY GOLD(IGUAL AL COD. 232876 DELA CARTA 17840;10.03;;R05;10.03;N;;DE010417;JERSEY 24/1 100% COTTON;1;7.30;NORMAL;HIALPESA;;E-EN PRODUCCION;N;438.00;7;18;0;0;07:18;00:00;17;20.000;JA AU106;FALSO;0.00;0.00;;CAZAOS
01;TEÑIDO;3.00;Y5478;MAQ-18;2/09/2026 19:55:22;3/09/2026 04:11:45;931CEE;SANDSTONE 12-4302 TCX  FORTY SEVEN 17840;21.84;;R05;21.84;N;;JE005309;JERSEY 30/1 CT 100% ALGODON - COLORES CLAROS Y BLANCO;2;8.27;NORMAL;HIALPESA;;E-EN PRODUCCION;N;496.00;8;16;0;0;08:16;00:00;17;10.000;JA AU104;FALSO;0.00;0.00;;LOREAJUL
01;TEÑIDO;3.00;Y4004;MAQ-18;3/09/2026 04:14:46;3/09/2026 12:11:30;7319VC;GREEN HARBOR 14-4908 TCX  NORDSTROM 17936 SUMMER27;4.24;;R05;4.24;N;;DE010371;RIB 2X2 C/SPANDEX;1;7.95;NORMAL;HIALPESA;;E-EN PRODUCCION;N;477.00;7;57;0;0;07:57;00:00;17;20.000;;FALSO;0.00;0.00;;CAPAALEX
01;TEÑIDO;1.00;Y5630;MAQ-18;3/09/2026 04:14:46;3/09/2026 12:11:31;7319VC;GREEN HARBOR 14-4908 TCX  NORDSTROM 17936 SUMMER27;4.06;;R05;0.86;N;;RC000462;CUELLO RECTILINEO 28/1PP X4 CABOS C/MEDIOS;1;7.95;NORMAL;HIALPESA;;E-EN PRODUCCION;N;477.00;7;57;0;0;07:57;00:00;17;20.000;JA PIP-27;FALSO;0.00;0.00;;CAPAALEX
01;TEÑIDO;3.00;Y5465;MAQ-18;3/09/2026 12:52:43;3/09/2026 19:15:44;631B1V;RAINDROP BLUE TOMMY 17986 FALL27;25.52;;R05;25.52;N;;JE004902;JERSEY 30/1 TP(DISCHARGE) - CLARO Y MEDIO(BCI);1;6.38;NORMAL;TOMMY BAHAMA;M0000564;E-EN PRODUCCION;N;383.00;6;23;0;0;06:23;00:00;17;10.000;;FALSO;0.00;0.00;O9002;ROSAEDGA
01;TEÑIDO;3.00;Y5975;MAQ-18;3/09/2026 20:02:34;4/09/2026 03:02:33;931CDO;WHITE 11-0608 TCX TUCKERNUCK 17668;19.72;;R05;19.72;N;;DE010455;PIQUE LACOSTE 24/1 X 2 YARNS;1;7.00;NORMAL;HIALPESA;;E-EN PRODUCCION;N;420.00;7;0;0;0;07:00;00:00;17;12.000;JA AU106;FALSO;0.00;0.00;;ROSAEDGA
01;TEÑIDO;3.00;Y5728;MAQ-18;4/09/2026 03:25:16;4/09/2026 10:12:28;631B36;DIGITAL BLUE COLORO 116-85-09 FORTY SEVEN  15305;23.14;;R05;23.14;N;;JE004852;JERSEY FLAMÉ 24/1 TC - CLAROS;1;6.78;NORMAL;HIALPESA;;E-EN PRODUCCION;N;407.00;6;47;0;0;06:47;00:00;17;10.000;;FALSO;0.00;0.00;;PAHANSERG
01;TEÑIDO;3.00;Y4947;MAQ-18;4/09/2026 12:16:48;4/09/2026 17:20:40;N319NV;BEIGE SILVER 14-4501 TCX  NORDSTROM 18038 F27;14.88;;R05;14.88;N;;PI000306;PIQUE LACOSTE SOLIDO /RESI(30GR) /24/1 PP / 215AW /  OSCUROS;1;5.07;NORMAL;HIALPESA;;E-EN PRODUCCION;N;304.00;5;4;0;0;05:04;00:00;17;12.000;JA PA54;FALSO;0.00;0.00;;PAHANSERG
01;TEÑIDO;3.00;Y5015;MAQ-18;4/09/2026 12:16:48;4/09/2026 17:20:40;N319NV;BEIGE SILVER 14-4501 TCX  NORDSTROM 18038 F27;1.54;;R05;1.54;N;;RC000383;CUELLO RECTILINEO SOLIDO 24/1 PP - OSCUROS;1;5.07;NORMAL;HIALPESA;;E-EN PRODUCCION;N;304.00;5;4;0;0;05:04;00:00;17;12.000;JA PA54;FALSO;0.00;0.00;;PAHANSERG
01;TEÑIDO;1.00;Y5633;MAQ-18;4/09/2026 12:16:49;4/09/2026 17:20:40;N319NV;BEIGE SILVER 14-4501 TCX  NORDSTROM 18038 F27;5.80;;R05;5.80;N;;DE010371;RIB 2X2 C/SPANDEX;1;5.07;NORMAL;HIALPESA;;E-EN PRODUCCION;N;304.00;5;4;0;0;05:04;00:00;17;12.000;JA PA54;FALSO;0.00;0.00;;PAHANSERG
01;TEÑIDO;5.00;Y4603;MAQ-19;28/08/2026 04:49:28;28/08/2026 23:00:04;6329W4;BLUE SWEEP 18-3936 TCX  NORDSTROM 18039 F27;12.86;;R05;12.86;N;;JE005459;JERSEY 20/1 PP OSCUROS B/W;2;18.18;NORMAL;HIALPESA;;D-DESPACHADA;N;1,091.00;18;11;0;0;18:11;00:00;16;12.000;;FALSO;0.00;0.00;;ROSAEDGA
01;TEÑIDO;5.00;Y5001;MAQ-19;28/08/2026 04:49:28;29/08/2026 13:21:06;6329W4;BLUE SWEEP 18-3936 TCX  NORDSTROM 18039 F27;5.16;;R05;5.16;N;;RI003120;RIB 1X1 20/1 PP - COMPL B/W;1;32.53;NORMAL;HIALPESA;;D-DESPACHADA;N;1,952.00;32;32;0;0;32:32;00:00;16;12.000;;FALSO;0.00;0.00;;ROSAEDGA
01;TEÑIDO;3.00;Y4003;MAQ-19;28/08/2026 16:26:59;29/08/2026 06:36:34;9329A1;CAFÉ LATTE VINCE MENS 17924 PREFALL27;5.00;;R05;5.00;N;;DE010371;RIB 2X2 C/SPANDEX;1;14.17;NORMAL;HIALPESA;;D-DESPACHADA;N;850.00;14;10;0;0;14:10;00:00;16;15.000;;FALSO;0.00;0.00;;ROSAEDGA
01;TEÑIDO;3.00;Y5215;MAQ-19;28/08/2026 16:26:59;29/08/2026 06:36:34;9329A1;CAFÉ LATTE VINCE MENS 17924 PREFALL27;1.12;;R05;1.12;N;;DE007821;HEAVY JERSEY VANIZADO 100% COTTON 298GRS/M2;1;14.17;NORMAL;HIALPESA;;D-DESPACHADA;N;850.00;14;10;0;0;14:10;00:00;16;15.000;JA AU105;FALSO;0.00;0.00;;ROSAEDGA
01;TEÑIDO;4.00;Y3253;MAQ-19;29/08/2026 21:07:09;29/08/2026 21:08:11;971428;CREME BRULEE 13-1006 TCX/CREME BRULEE 13-1006 TCX;5.26;;R05;5.26;N;;IN000125;INTERLOCK OXFORD SANFORIZADO C/CLAROS - TEÑIDO 2 F;1;0.02;NORMAL;HIALPESA;;E-EN PRODUCCION;N;1.00;0;1;0;0;00:01;00:00;16;15.000;JA PA48;FALSO;0.00;0.00;;ROSAEDGA
01;TEÑIDO;4.00;Y5388;MAQ-19;29/08/2026 21:07:10;29/08/2026 21:08:11;971428;CREME BRULEE 13-1006 TCX/CREME BRULEE 13-1006 TCX;11.42;;R05;11.42;N;;IN000125;INTERLOCK OXFORD SANFORIZADO C/CLAROS - TEÑIDO 2 F;1;0.02;NORMAL;HIALPESA;;E-EN PRODUCCION;N;1.00;0;1;0;0;00:01;00:00;16;15.000;;FALSO;0.00;0.00;;ROSAEDGA
01;TEÑIDO;1.00;Y5207;MAQ-19;29/08/2026 23:16:24;31/08/2026 14:19:24;N33B2S;RAIN CLOUD  VINCE MENS 16992 PRESPRING25;15.00;;R05;15.00;N;;DE010461;FELPA CALADO 230 GR/M2;1;39.05;NORMAL;HIALPESA;;D-DESPACHADA;N;2,343.00;39;3;0;0;39:03;00:00;16;15.000;TAU18-PB34;FALSO;0.00;0.00;;ROSAEDGA
01;TEÑIDO;3.00;Y5778;MAQ-19;31/08/2026 14:35:19;1/09/2026 00:38:47;N33ARS;BLACK VINCE MENS 15593 PRESPRING23;7.94;;R05;7.94;N;;JE000455;JERSEY PARA PRUEBA DE HILADO 30/1 - 60/1;2;10.05;NORMAL;HIALPESA TEJEDURIA PRUEBA DE HILADOS;;E-EN PRODUCCION;N;603.00;10;3;0;0;10:03;00:00;16;10.000;;FALSO;0.00;0.00;;ROSAEDGA
01;TEÑIDO;1.00;Y4029;MAQ-19;1/09/2026 01:03:15;1/09/2026 13:40:36;N33BD2;TAP SHOE 19-4004 TCX TUCKERNUCK 17998;25.50;;R05;25.50;N;;DE010463;JERSEY FULL SPANDEX 30/1+20 DE (48% PIMA-48%MODAL-4%SPANDEX);2;12.62;NORMAL;HIALPESA;;E-EN PRODUCCION;N;757.00;12;37;0;0;12:37;00:00;16;10.000;;FALSO;0.00;0.00;;CAZAOS
01;TEÑIDO;1.00;Y5632;MAQ-19;1/09/2026 16:06:04;1/09/2026 23:00:04;931CHT;WHITE COCONUT 11-0608 TCX NORDSTROM 17936;4.42;;R05;4.42;N;;RC000463;CUELLO RECTILINEO PIMA BLANCO Y CLAROS;1;6.90;NORMAL;HIALPESA;;E-EN PRODUCCION;N;414.00;6;54;0;0;06:54;00:00;16;10.000;JA PIP27;FALSO;0.00;0.00;;IZALANDRE
01;TEÑIDO;3.00;Y5724;MAQ-19;1/09/2026 16:06:04;1/09/2026 22:43:48;931CHT;WHITE COCONUT 11-0608 TCX NORDSTROM 17936;20.54;;R05;20.54;N;;PI000338;PIQUE PIMA RESINADO A/W BLANCO Y CLAROS;1;6.62;NORMAL;HIALPESA;;E-EN PRODUCCION;N;397.00;6;37;0;0;06:37;00:00;16;10.000;JA PIP27;FALSO;0.00;0.00;;IZALANDRE
01;TEÑIDO;5.00;Y5474;MAQ-19;2/09/2026 03:34:22;2/09/2026 07:33:44;111BDF;WHITE FORTY SEVEN  18095;10.60;;R05;10.60;N;;DE010417;JERSEY 24/1 100% COTTON;1;3.98;NORMAL;HIALPESA;;E-EN PRODUCCION;N;239.00;3;59;0;0;03:59;00:00;16;20.000;;FALSO;0.00;0.00;;ROSAEDGA
01;TEÑIDO;3.00;Y4939;MAQ-19;2/09/2026 08:27:26;2/09/2026 12:19:40;111B1J;11-0601 TCX WHITE CAP VINE YARD 16536;20.10;;R05;20.10;N;;JE005138;JERSEY FLAME GAUZE 24/1 AP (PROG-27B) 165 A/W - CLAROS;1;3.87;NORMAL;VINEYARD VINES;M0000565;D-DESPACHADA;N;232.00;3;52;0;0;03:52;00:00;16;10.000;;FALSO;0.00;2.55;O8973;CAZAOS
01;TEÑIDO;4.50;Y4454;MAQ-19;2/09/2026 09:31:10;2/09/2026 09:31:17;473524;GOTH RED # TRAVIS 17741 F/H27;20.36;;R05;20.36;N;;DE010001;DOBLE FACE MESH PIMA + 50/36 POLY;1;0.00;NORMAL;TRAVIS MATHEW;M0000562;E-EN PRODUCCION;N;0.00;0;0;0;0;00:00;00:00;16;15.000;HF61005;FALSO;0.00;4.71;O8975;CAZAOS
01;TEÑIDO;5.20;Y4362;MAQ-19;2/09/2026 14:00:58;2/09/2026 19:00:03;111AM7;BLANCO MULTICOTON  7577;467.30;;R01;15.50;S;;SE004836;JERSEY 28/1 ALG PEINADO;20;5.00;MATIZADO;MULTICOTTON SAC;;T-EN ALMACEN TENIDO;N;300.00;5;0;5;0;05:00;05:00;16;8.000;;FALSO;0.00;0.00;;CAPAALEX
01;TEÑIDO;3.00;Y5476;MAQ-19;2/09/2026 20:55:25;3/09/2026 10:38:26;733BQ4;TAILGATE TEAL 19-4922 TCX FORTY SEVEN 17840;21.03;;R05;21.03;N;;JE005298;JERSEY 30/1 CT 100% ALGODON - OSCUROS Y MEDIOS;1;13.72;NORMAL;HIALPESA;;E-EN PRODUCCION;N;823.00;13;43;0;0;13:43;00:00;16;10.000;TTC TAU07;FALSO;0.00;0.00;;LOREAJUL
01;TEÑIDO;3.00;Y5389;MAQ-19;3/09/2026 20:02:48;4/09/2026 05:00:02;332751;PAPAYA VINCE WOMENS 17797 SP27;17.54;;R05;17.54;N;;JE004441;JERSEY SOLIDO // 24/1 PP - CLAROS;2;8.97;NORMAL;VINCE WOMENS;M0000566;E-EN PRODUCCION;N;538.00;8;58;0;0;08:58;00:00;16;12.000;;FALSO;0.00;3.97;O9027;ROSAEDGA
01;TEÑIDO;3.00;Y5727;MAQ-19;4/09/2026 05:31:05;4/09/2026 16:05:32;733B52;TAILGATE TEAL FORTY SEVEN 15305;24.54;;R05;24.54;N;;JE004848;JERSEY FLAMÉ 24/1 TC - OSCUROS;1;10.57;NORMAL;HIALPESA;;E-EN PRODUCCION;N;634.00;10;34;0;0;10:34;00:00;16;10.000;;FALSO;0.00;0.00;;PAHANSERG
01;TEÑIDO;5.00;Y4602;MAQ-20;28/08/2026 10:03:29;29/08/2026 12:01:46;N319NW;BEIGE SILVER 14-4501 TCX  NORDSTROM 18039 F27;12.48;;R05;12.48;N;;JE005460;JERSEY 20/1 PP CLAROS B/W;1;25.97;NORMAL;HIALPESA;;D-DESPACHADA;N;1,558.00;25;58;0;0;25:58;00:00;2;10.000;JA PA50;FALSO;0.00;0.00;;ROSAEDGA
01;TEÑIDO;5.00;Y5002;MAQ-20;28/08/2026 10:03:29;29/08/2026 12:01:46;N319NW;BEIGE SILVER 14-4501 TCX  NORDSTROM 18039 F27;5.16;;R05;5.16;N;;RI003120;RIB 1X1 20/1 PP - COMPL B/W;1;25.97;NORMAL;HIALPESA;;D-DESPACHADA;N;1,558.00;25;58;0;0;25:58;00:00;2;10.000;;FALSO;0.00;0.00;;ROSAEDGA
01;TEÑIDO;4.00;Y3254;MAQ-24;28/08/2026 01:00:56;28/08/2026 08:00:33;6739CW;NAVY BLAZER 19-3923 TCX/NAVY BLAZER 19-3923 TCX SU;5.06;;R05;5.06;N;;IN000125;INTERLOCK OXFORD SANFORIZADO C/CLAROS - TEÑIDO 2 F;1;7.00;NORMAL;HIALPESA;;D-DESPACHADA;N;420.00;7;0;0;0;07:00;00:00;14;15.000;JA PA48;FALSO;0.00;0.00;;RSIERRA
01;TEÑIDO;4.00;Y4985;MAQ-24;28/08/2026 01:00:56;28/08/2026 10:08:33;6739CW;NAVY BLAZER 19-3923 TCX/NAVY BLAZER 19-3923 TCX SU;10.03;;R05;10.03;N;;IN000125;INTERLOCK OXFORD SANFORIZADO C/CLAROS - TEÑIDO 2 F;1;9.13;NORMAL;HIALPESA;;D-DESPACHADA;N;548.00;9;8;0;0;09:08;00:00;14;15.000;;FALSO;0.00;0.00;;RSIERRA
01;TEÑIDO;4.50;Y3254;MAQ-24;28/08/2026 08:00:43;28/08/2026 17:00:54;6739CW;NAVY BLAZER 19-3923 TCX/NAVY BLAZER 19-3923 TCX SU;5.06;;R05;5.06;N;;IN000125;INTERLOCK OXFORD SANFORIZADO C/CLAROS - TEÑIDO 2 F;1;9.00;NORMAL;HIALPESA;;D-DESPACHADA;N;540.00;9;0;0;0;09:00;00:00;14;15.000;JA PA48;FALSO;0.00;0.00;;RSIERRA
01;TEÑIDO;4.50;Y4985;MAQ-24;28/08/2026 10:10:43;28/08/2026 17:00:54;6739CW;NAVY BLAZER 19-3923 TCX/NAVY BLAZER 19-3923 TCX SU;10.03;;R05;10.03;N;;IN000125;INTERLOCK OXFORD SANFORIZADO C/CLAROS - TEÑIDO 2 F;1;6.83;NORMAL;HIALPESA;;D-DESPACHADA;N;410.00;6;50;0;0;06:50;00:00;14;15.000;;FALSO;0.00;0.00;;RSIERRA
01;TEÑIDO;4.00;Y4456;MAQ-24;29/08/2026 08:32:58;29/08/2026 21:24:56;971416;BIRCH #  TRAVIS MATHEW 17741 F/H27;20.22;;R05;20.22;N;;DE010001;DOBLE FACE MESH PIMA + 50/36 POLY;1;12.87;NORMAL;TRAVIS MATHEW;M0000562;E-EN PRODUCCION;N;772.00;12;52;0;0;12:52;00:00;14;10.000;HF61005;FALSO;0.00;4.71;O8975;ROSAEDGA
01;TEÑIDO;3.00;Y5592;MAQ-24;29/08/2026 11:25:10;30/08/2026 16:47:55;B00004;BLANQUEO PARA PIGMENTAR;9.40;;R05;9.40;N;;DE010360;PIQUE DOBLE BLANQUEADO PPT - 24/1 PP;1;29.37;NORMAL;HIALPESA;;D-DESPACHADA;N;1,762.00;29;22;0;0;29:22;00:00;14;10.000;JA PA54;FALSO;0.00;0.00;;ROSAEDGA
01;TEÑIDO;1.00;Y5206;MAQ-24;29/08/2026 23:15:53;31/08/2026 14:19:17;N33B2S;RAIN CLOUD  VINCE MENS 16992 PRESPRING25;16.00;;R05;16.00;N;;DE010461;FELPA CALADO 230 GR/M2;1;39.07;NORMAL;HIALPESA;;D-DESPACHADA;N;2,344.00;39;4;0;0;39:04;00:00;14;15.000;TAU18-PB34;FALSO;0.00;0.00;;ROSAEDGA
01;TEÑIDO;3.00;Y5119;MAQ-24;31/08/2026 22:05:45;1/09/2026 08:36:20;3339D6;MECCA ORANGE TOMMY BAHAMAS 17837 F27;18.40;;R05;18.40;N;;JE004890;JERSEY 30/1 AC COMPACTADO - OSCUROS (GG24)(BCI);1;10.52;NORMAL;TOMMY BAHAMA;M0000564;E-EN PRODUCCION;N;631.00;10;31;0;0;10:31;00:00;14;15.000;JA AU104;FALSO;0.00;0.00;O8986;CAZAOS
01;TEÑIDO;4.50;Y3253;MAQ-24;1/09/2026 23:22:33;1/09/2026 23:22:51;971428;CREME BRULEE 13-1006 TCX/CREME BRULEE 13-1006 TCX;5.26;;R05;5.26;N;;IN000125;INTERLOCK OXFORD SANFORIZADO C/CLAROS - TEÑIDO 2 F;1;0.00;NORMAL;HIALPESA;;E-EN PRODUCCION;N;0.00;0;0;0;0;00:00;00:00;14;15.000;JA PA48;FALSO;0.00;0.00;;ROSAEDGA
01;TEÑIDO;4.50;Y5388;MAQ-24;1/09/2026 23:22:33;1/09/2026 23:22:51;971428;CREME BRULEE 13-1006 TCX/CREME BRULEE 13-1006 TCX;11.42;;R05;11.42;N;;IN000125;INTERLOCK OXFORD SANFORIZADO C/CLAROS - TEÑIDO 2 F;1;0.00;NORMAL;HIALPESA;;E-EN PRODUCCION;N;0.00;0;0;0;0;00:00;00:00;14;15.000;;FALSO;0.00;0.00;;ROSAEDGA
01;TEÑIDO;3.00;Y5469;MAQ-24;2/09/2026 05:52:35;2/09/2026 14:09:24;931BP5;VANILLA ICE 11-0104 TCX TOMMY 16497 F25;25.95;;R05;25.95;N;;JE004902;JERSEY 30/1 TP(DISCHARGE) - CLARO Y MEDIO(BCI);1;8.28;NORMAL;TOMMY BAHAMA;M0000564;E-EN PRODUCCION;N;497.00;8;17;0;0;08:17;00:00;14;10.000;;FALSO;0.00;0.00;O9008;ROSAEDGA
01;TEÑIDO;3.00;Y5170;MAQ-24;2/09/2026 14:55:22;2/09/2026 23:38:54;631AZI;DUSK BLUE TOMMY BAHAMAS 17837 F27;18.25;;R05;18.25;N;;JE004891;JERSEY 30/1 AC COMPACTADO - CLAROS(GG24)(BCI);2;8.72;NORMAL;TOMMY BAHAMA;M0000564;E-EN PRODUCCION;N;523.00;8;43;0;0;08:43;00:00;14;12.000;;FALSO;0.00;0.00;O8984;CAZAOS
01;TEÑIDO;3.00;Y4304;MAQ-24;2/09/2026 23:51:44;3/09/2026 15:43:40;733BSJ;OLIVE EXTRACT 18-0625 TCX  NORDSTROM 18038 F27;14.00;;R05;14.00;N;;PI000306;PIQUE LACOSTE SOLIDO /RESI(30GR) /24/1 PP / 215AW /  OSCUROS;1;15.87;NORMAL;HIALPESA;;E-EN PRODUCCION;N;952.00;15;52;0;0;15:52;00:00;14;12.000;;FALSO;0.00;0.00;;LOREAJUL
01;TEÑIDO;3.00;Y5007;MAQ-24;2/09/2026 23:51:44;3/09/2026 15:43:39;733BSJ;OLIVE EXTRACT 18-0625 TCX  NORDSTROM 18038 F27;2.56;;R05;1.40;N;;RC000383;CUELLO RECTILINEO SOLIDO 24/1 PP - OSCUROS;1;15.87;NORMAL;HIALPESA;;E-EN PRODUCCION;N;952.00;15;52;0;0;15:52;00:00;14;12.000;JA PA54;FALSO;0.00;0.00;;LOREAJUL
01;TEÑIDO;3.00;Y4302;MAQ-24;3/09/2026 16:31:19;3/09/2026 23:42:45;9339P6;BROWN STONE 19-1322 TCX  NORDSTROM 18038 F27;13.32;;R05;13.32;N;;PI000306;PIQUE LACOSTE SOLIDO /RESI(30GR) /24/1 PP / 215AW /  OSCUROS;1;7.18;NORMAL;HIALPESA;;E-EN PRODUCCION;N;431.00;7;11;0;0;07:11;00:00;14;15.000;;FALSO;0.00;0.00;;ROSAEDGA
01;TEÑIDO;3.00;Y5003;MAQ-24;3/09/2026 16:31:20;3/09/2026 23:42:45;9339P6;BROWN STONE 19-1322 TCX  NORDSTROM 18038 F27;2.52;;R05;1.40;N;;RC000383;CUELLO RECTILINEO SOLIDO 24/1 PP - OSCUROS;1;7.18;NORMAL;HIALPESA;;E-EN PRODUCCION;N;431.00;7;11;0;0;07:11;00:00;14;15.000;JA PA54;FALSO;0.00;0.00;;ROSAEDGA
01;TEÑIDO;3.00;Y5475;MAQ-25;28/08/2026 00:47:59;28/08/2026 10:12:23;633DNK;ROYAL 19-3953 TCX  FORTY SEVEN 17840;21.03;;R05;21.03;N;;JE005298;JERSEY 30/1 CT 100% ALGODON - OSCUROS Y MEDIOS;2;9.42;NORMAL;HIALPESA;;D-DESPACHADA;N;565.00;9;25;0;0;09:25;00:00;11;8.000;TTC TAU07;FALSO;0.00;0.00;;VIMENANDR
01;TEÑIDO;4.50;Y5225;MAQ-25;29/08/2026 04:39:36;29/08/2026 11:10:39;6739CG;COASTAL VINCE MENS 17757 SP27;21.08;;R05;21.08;N;;DE010265;MACRO HONEYCOMB 230GSM 50%COTTON 50%POLY;1;6.52;NORMAL;VINCE;M0000550;D-DESPACHADA;N;391.00;6;31;0;0;06:31;00:00;11;10.000;AU102 PB32;FALSO;0.00;0.00;O8956;ROSAEDGA
01;TEÑIDO;1.00;Y4548;MAQ-25;31/08/2026 09:57:00;31/08/2026 16:37:59;931CIF;ITALIAN SAND HIALPESA DE10466-OA;22.15;;R05;22.15;N;;DE010466;DOBLE FACE MINI-ROMBO 30/1 PA;1;6.67;NORMAL;HIALPESA;;E-EN PRODUCCION;N;400.00;6;40;0;0;06:40;00:00;11;10.000;JA AU106;FALSO;0.00;0.00;;ROSAEDGA
01;TEÑIDO;3.00;Y5792;MAQ-25;31/08/2026 16:51:39;1/09/2026 00:32:57;531967;WALLPAPER PIPING PETIT 17582 FALL26;10.28;;R05;10.28;N;;JE005389;JERSEY SOLIDO ESMERILADO 30/1 PP - 150 AW - COMPLEMENTO/CLAROS;1;7.68;NORMAL;HIALPESA;;D-DESPACHADA;N;461.00;7;41;0;0;07:41;00:00;11;20.000;JA PIP-27;FALSO;0.00;0.00;;ROSAEDGA
01;TEÑIDO;3.00;Y4993;MAQ-25;1/09/2026 01:04:07;1/09/2026 10:44:48;633DNB;KINGFISH TOMMY BAHAMAS 17837 F27;11.02;;R05;11.02;N;;JE004890;JERSEY 30/1 AC COMPACTADO - OSCUROS (GG24)(BCI);1;9.67;NORMAL;TOMMY BAHAMA;M0000564;E-EN PRODUCCION;N;580.00;9;40;0;0;09:40;00:00;11;15.000;JA AU104;FALSO;0.00;0.00;O8985;CAZAOS
01;TEÑIDO;3.00;Y5122;MAQ-25;1/09/2026 01:04:08;1/09/2026 10:44:49;633DNB;KINGFISH TOMMY BAHAMAS 17837 F27;8.23;;R05;8.23;N;;RI002642;RIB 1X1 30/1 AC - COMPACTADO (COMPLEMENTO)(BCI);2;9.67;NORMAL;TOMMY BAHAMA;M0000564;E-EN PRODUCCION;N;580.00;9;40;0;0;09:40;00:00;11;15.000;;FALSO;0.00;0.00;O8985;CAZAOS
01;TEÑIDO;3.00;Y4006;MAQ-25;1/09/2026 12:47:42;1/09/2026 22:03:21;N33BDA;BLACK 27CW1000175CK  NORDSTROM 17936 SUMMER27;5.90;;R05;5.90;N;;JE004901;JERSEY SOLIDO 30/1 TANG PEINADO C/CLAROS Y MEDIO  160AW(BCI);1;9.27;NORMAL;HIALPESA;;D-DESPACHADA;N;556.00;9;16;0;0;09:16;00:00;11;20.000;JA AU100;FALSO;0.00;0.00;;IZALANDRE
01;TEÑIDO;3.00;Y5771;MAQ-25;1/09/2026 22:03:21;2/09/2026 06:00:56;N33BDA;BLACK 27CW1000175CK  NORDSTROM 17936 SUMMER27;4.04;;R05;0.88;N;;RC000459;CUELLO RECTILINEO 28/1PP X4 CABOS C/OSCUROS;1;7.95;NORMAL;HIALPESA;;E-EN PRODUCCION;N;477.00;7;57;0;0;07:57;00:00;11;20.000;JA PIP-27;FALSO;0.00;0.00;;ROSAEDGA
01;TEÑIDO;4.00;Y4992;MAQ-25;1/09/2026 22:28:18;2/09/2026 08:56:21;633DNT;NAUTI-DISCHARGE  BILLY DRADY  17814 F27;19.22;;R05;19.22;N;;DE010437;MUESTRA FISICA ENTREGADA - DESARROLLAR TAL CUAL LA TELA ENTREGADA;1;10.47;NORMAL;BILLY  DRADDY;M0000554;E-EN PRODUCCION;N;628.00;10;28;0;0;10:28;00:00;11;11.000;;FALSO;0.00;3.65;O9014;ROSAEDGA
01;TEÑIDO;5.00;Y5382;MAQ-25;2/09/2026 12:11:04;3/09/2026 04:11:15;6739CJ;REGAL BILLY DRADY 17813 F27;12.45;;R05;12.45;N;;DE009926;DOBLE FACE FULL JACQUARD W/SPANDEX (BRUSHED);2;16.00;NORMAL;HIALPESA;;E-EN PRODUCCION;N;960.00;16;0;0;0;16:00;00:00;11;18.000;9926;FALSO;0.00;0.00;;CAZAOS
01;TEÑIDO;3.00;Y5477;MAQ-25;3/09/2026 12:52:58;3/09/2026 21:23:50;9339PK;DARK CACAO COLORO 024-21-05  FORTY SEVEN   18089 P;20.25;;R05;20.25;N;;JE005298;JERSEY 30/1 CT 100% ALGODON - OSCUROS Y MEDIOS;1;8.52;NORMAL;HIALPESA;;E-EN PRODUCCION;N;511.00;8;31;0;0;08:31;00:00;11;10.000;TTC TAU07;FALSO;0.00;0.00;;ROSAEDGA
01;TEÑIDO;3.00;Y5479;MAQ-25;4/09/2026 12:17:07;4/09/2026 15:55:22;111BDE;WHITE 11-4601 TCX FORTY SEVEN  17840;21.54;;R05;21.54;N;;JE005309;JERSEY 30/1 CT 100% ALGODON - COLORES CLAROS Y BLANCO;2;3.63;NORMAL;HIALPESA;;E-EN PRODUCCION;N;218.00;3;38;0;0;03:38;00:00;11;10.000;JA AU104;FALSO;0.00;0.00;;PAHANSERG
01;TEÑIDO;1.00;Y5591;MAQ2-A;28/08/2026 04:47:15;28/08/2026 15:16:13;N33B6V;BLACK NORDTROM 17345 SP26;10.00;;R05;10.00;N;;DE010371;RIB 2X2 C/SPANDEX;1;10.48;NORMAL;HIALPESA;;D-DESPACHADA;N;629.00;10;29;0;0;10:29;00:00;17;10.000;JA PA54;FALSO;0.00;0.00;;ROSAEDGA
01;TEÑIDO;3.00;Y3977;MAQ2-A;28/08/2026 04:47:16;28/08/2026 15:16:12;N33B6V;BLACK NORDTROM 17345 SP26;21.70;;R05;21.70;N;;PI000306;PIQUE LACOSTE SOLIDO /RESI(30GR) /24/1 PP / 215AW /  OSCUROS;1;10.48;NORMAL;HIALPESA;;D-DESPACHADA;N;629.00;10;29;0;0;10:29;00:00;17;10.000;JA PA54;FALSO;0.00;0.00;;ROSAEDGA
01;TEÑIDO;3.00;Y5216;MAQ2-A;28/08/2026 12:21:33;28/08/2026 12:22:04;931CIB;SANDSTONE(IGUAL AL COD.931CEE  DE LA CARTA 17840 F;46.78;;R05;13.60;N;;DE010417;JERSEY 24/1 100% COTTON;2;0.02;NORMAL;HIALPESA;;E-EN PRODUCCION;N;1.00;0;1;0;0;00:01;00:00;17;10.000;JA AU103;FALSO;0.00;0.00;;ROSAEDGA
01;TEÑIDO;4.00;Y5216;MAQ2-A;28/08/2026 12:21:33;28/08/2026 12:22:04;931CIB;SANDSTONE(IGUAL AL COD.931CEE  DE LA CARTA 17840 F;46.78;;R05;33.18;N;;DE010417;JERSEY 24/1 100% COTTON;2;0.02;NORMAL;HIALPESA;;E-EN PRODUCCION;N;1.00;0;1;0;0;00:01;00:00;17;10.000;JA AU103;FALSO;0.00;0.00;;ROSAEDGA
01;TEÑIDO;3.00;Y5595;MAQ2-A;29/08/2026 08:14:15;29/08/2026 13:14:53;1119SV;WHITE J.JILL 9408 HOLLIDAY2014;2.42;;R05;2.42;N;;JE000455;JERSEY PARA PRUEBA DE HILADO 30/1 - 60/1;1;5.00;NORMAL;HIALPESA TEJEDURIA PRUEBA DE HILADOS;;E-EN PRODUCCION;N;300.00;5;0;0;0;05:00;00:00;17;15.000;;FALSO;0.00;0.00;;ROSAEDGA
01;TEÑIDO;3.00;Y5731;MAQ2-A;29/08/2026 08:14:16;29/08/2026 13:14:53;1119SV;WHITE J.JILL 9408 HOLLIDAY2014;28.20;;R05;24.92;N;;JE000455;JERSEY PARA PRUEBA DE HILADO 30/1 - 60/1;5;5.00;NORMAL;HIALPESA TEJEDURIA PRUEBA DE HILADOS;;D-DESPACHADA;N;300.00;5;0;0;0;05:00;00:00;17;15.000;;FALSO;0.00;0.00;;ROSAEDGA
01;TEÑIDO;3.00;Y4275;MAQ2-A;30/08/2026 08:35:07;31/08/2026 16:28:28;9339KC;DARK MAROON FORTY SEVEN 15305;42.32;;R05;42.32;N;;JE004848;JERSEY FLAMÉ 24/1 TC - OSCUROS;2;31.88;NORMAL;FORTY SEVEN;FSE-1223;E-EN PRODUCCION;N;1,913.00;31;53;0;0;31:53;00:00;17;10.000;JA AU107;FALSO;0.00;3.72;J0417;ROSAEDGA
01;TEÑIDO;3.00;Y5121;MAQ2-A;31/08/2026 14:01:08;1/09/2026 06:09:25;9339NM;CHOCOLATE SPICE TOMMY BAHAMAS 17837 F27;8.23;;R05;8.23;N;;RI002642;RIB 1X1 30/1 AC - COMPACTADO (COMPLEMENTO)(BCI);1;16.13;NORMAL;TOMMY BAHAMA;M0000564;E-EN PRODUCCION;N;968.00;16;8;0;0;16:08;00:00;17;10.000;;FALSO;0.00;0.00;O8982;ROSAEDGA
01;TEÑIDO;3.00;Y4995;MAQ2-A;31/08/2026 14:01:08;1/09/2026 06:09:40;9339NM;CHOCOLATE SPICE TOMMY BAHAMAS 17837 F27;20.08;;R05;20.08;N;;JE004890;JERSEY 30/1 AC COMPACTADO - OSCUROS (GG24)(BCI);1;16.13;NORMAL;TOMMY BAHAMA;M0000564;E-EN PRODUCCION;N;968.00;16;8;0;0;16:08;00:00;17;10.000;JA AU104;FALSO;0.00;0.00;O8982;ROSAEDGA
01;TEÑIDO;1.00;Y4549;MAQ2-A;1/09/2026 01:30:34;1/09/2026 08:27:08;931CIG;ITALIAN SAND HIALPESA DE10466-OB;28.92;;R05;28.92;N;;DE010466;DOBLE FACE MINI-ROMBO 30/1 PA;2;6.95;NORMAL;HIALPESA;;E-EN PRODUCCION;N;417.00;6;57;0;0;06:57;00:00;17;12.000;JA AU106;FALSO;0.00;0.00;;CAZAOS
01;TEÑIDO;3.00;Y5729;MAQ2-A;1/09/2026 08:20:59;1/09/2026 10:00:28;B00004;BLANQUEO PARA PIGMENTAR;35.03;;R05;35.03;N;;DE010479;SOJOURN - 100% REGENERATIVE ORGANIC CERTIFIED PIMA COTTON;1;1.67;NORMAL;HIALPESA;;E-EN PRODUCCION;N;100.00;1;40;0;0;01:40;00:00;17;10.000;JA PA48;FALSO;0.00;0.00;;CAZAOS
01;TEÑIDO;3.00;Y5169;MAQ2-A;1/09/2026 09:39:45;1/09/2026 14:38:29;B00004;BLANQUEO PARA PIGMENTAR;34.00;;R05;34.00;N;;DE010360;PIQUE DOBLE BLANQUEADO PPT - 24/1 PP;2;4.98;NORMAL;HIALPESA;;D-DESPACHADA;N;299.00;4;59;0;0;04:59;00:00;17;9.000;JA PA54;FALSO;0.00;0.00;;CAZAOS
01;TEÑIDO;3.00;Y5634;MAQ2-A;1/09/2026 09:39:47;1/09/2026 14:38:30;B00004;BLANQUEO PARA PIGMENTAR;17.72;;R05;15.00;N;;DE010360;PIQUE DOBLE BLANQUEADO PPT - 24/1 PP;1;4.98;NORMAL;HIALPESA;;E-EN PRODUCCION;N;299.00;4;59;0;0;04:59;00:00;17;9.000;JA PA54;FALSO;0.00;0.00;;CAZAOS
01;TEÑIDO;1.30;Y5635;MAQ2-A;1/09/2026 12:53:43;1/09/2026 17:15:37;B00004;BLANQUEO PARA PIGMENTAR;49.46;;R05;1.40;N;;DE010360;PIQUE DOBLE BLANQUEADO PPT - 24/1 PP;2;4.37;NORMAL;HIALPESA;;E-EN PRODUCCION;N;262.00;4;22;0;0;04:22;00:00;17;9.000;JA PA54;FALSO;0.00;0.00;;IZALANDRE
01;TEÑIDO;1.40;Y5635;MAQ2-A;1/09/2026 12:53:43;1/09/2026 17:15:20;B00004;BLANQUEO PARA PIGMENTAR;49.46;;R05;1.12;N;;DE010360;PIQUE DOBLE BLANQUEADO PPT - 24/1 PP;2;4.37;NORMAL;HIALPESA;;E-EN PRODUCCION;N;262.00;4;22;0;0;04:22;00:00;17;9.000;JA PA54;FALSO;0.00;0.00;;IZALANDRE
01;TEÑIDO;3.00;Y5635;MAQ2-A;1/09/2026 12:53:44;1/09/2026 17:15:41;B00004;BLANQUEO PARA PIGMENTAR;49.46;;R05;46.94;N;;DE010360;PIQUE DOBLE BLANQUEADO PPT - 24/1 PP;2;4.37;NORMAL;HIALPESA;;E-EN PRODUCCION;N;262.00;4;22;0;0;04:22;00:00;17;9.000;JA PA54;FALSO;0.00;0.00;;IZALANDRE
01;TEÑIDO;3.00;Y4385;MAQ2-A;1/09/2026 16:59:55;2/09/2026 04:03:40;232876;GALLEY GOLD 14-0957 TCX FORTY SEVEN 17840;45.12;;R05;45.12;N;;JE005309;JERSEY 30/1 CT 100% ALGODON - COLORES CLAROS Y BLANCO;2;11.07;NORMAL;FORTY SEVEN;FSE-1228;T-EN ALMACEN TENIDO;N;664.00;11;4;0;0;11:04;00:00;17;10.000;JA AU107;FALSO;0.00;0.00;J1171;IZALANDRE
01;TEÑIDO;3.00;Y4405;MAQ2-A;1/09/2026 17:24:29;2/09/2026 04:05:23;N329E4;WOLF GREY 17-0000 TCX  FORTY SEVEN 17840;45.80;;R05;45.80;N;;JE005309;JERSEY 30/1 CT 100% ALGODON - COLORES CLAROS Y BLANCO;2;10.68;NORMAL;FORTY SEVEN;FSE-1228;T-EN ALMACEN TENIDO;N;641.00;10;41;0;0;10:41;00:00;17;10.000;JA AU107;FALSO;0.00;0.00;J1174;IZALANDRE
01;TEÑIDO;3.00;Y5464;MAQ2-A;2/09/2026 04:06:25;2/09/2026 14:42:40;6F3047;ISLAND NAVY 19-3933 TCX TOMMY B 15104 F23;31.12;;R05;31.12;N;;JE004903;JERSEY 30/1TP (DISCHARGE) - OSCUROS(BCI);2;10.60;NORMAL;TOMMY BAHAMA;M0000564;E-EN PRODUCCION;N;636.00;10;36;0;0;10:36;00:00;17;10.000;;FALSO;0.00;0.00;O8999;ROSAEDGA
01;TEÑIDO;3.00;Y5124;MAQ2-A;3/09/2026 11:42:09;4/09/2026 01:41:11;633DPM;COBALT VINCE MENS 17924 PREFALL27;33.34;;R05;33.34;N;;FT000411;FRENCH TERRY 3H DIAG SUEDED/30/1+30/1COTT+10/1OPENEND/360AW/CLAROS;2;13.98;NORMAL;VINCE;M0000550;E-EN PRODUCCION;N;839.00;13;59;0;0;13:59;00:00;17;10.000;;FALSO;0.00;4.77;O8970;CAPAALEX
01;TEÑIDO;4.00;Y5874;MAQ2-B;3/09/2026 00:42:04;3/09/2026 11:35:47;633DNT;NAUTI-DISCHARGE  BILLY DRADY  17814 F27;31.72;;R05;31.72;N;;DE010437;MUESTRA FISICA ENTREGADA - DESARROLLAR TAL CUAL LA TELA ENTREGADA;2;10.88;NORMAL;HIALPESA;;E-EN PRODUCCION;N;653.00;10;53;0;0;10:53;00:00;2;11.000;;FALSO;0.00;0.00;;CAPAALEX
01;TEÑIDO;3.00;Y5173;MAQ2-B;3/09/2026 13:09:32;3/09/2026 20:22:38;7319UT;GENTLE BREEZE TOMMY BAHAMAS 17837 F27;28.64;;R05;28.64;N;;JE004891;JERSEY 30/1 AC COMPACTADO - CLAROS(GG24)(BCI);1;7.22;NORMAL;TOMMY BAHAMA;M0000564;E-EN PRODUCCION;N;433.00;7;13;0;0;07:13;00:00;2;12.000;;FALSO;0.00;0.00;O8988;ROSAEDGA
16;LAVADO;5.10;Y4411;MAQ-03;4/09/2026 15:44:13;4/09/2026 15:44:19;N33BBI;BLACK 19-0303 TCX FORTY SEVEN 17840;536.80;;R14;536.80;S;;JE005298;JERSEY 30/1 CT 100% ALGODON - OSCUROS Y MEDIOS;26;0.00;HUMECTADO;FORTY SEVEN;FSE-1228;E-EN PRODUCCION;N;0.00;0;0;0;0;00:00;00:00;1;6.000;TAU-31;FALSO;0.00;3.32;J1169;ALELOARTE
16;LAVADO;3.00;Y4968;MAQ-05;29/08/2026 02:25:44;29/08/2026 05:07:05;L00BDA;TIDEWATER / H. GREY VINCE MENS 17871 SP27;579.37;;R05;55.78;N;;MS000204;FLAT BACK PIQUE SUEDED(BACK)/30/1COTT+20NYLON/315AW/CLAROS;26;2.70;NORMAL;VINCE;VNC-816;E-EN PRODUCCION;N;162.00;2;42;0;0;02:42;00:00;2;10.000;46615;FALSO;0.00;0.00;I9217;ROSAEDGA
16;LAVADO;4.00;Y4968;MAQ-05;29/08/2026 02:25:44;29/08/2026 05:07:45;L00BDA;TIDEWATER / H. GREY VINCE MENS 17871 SP27;579.37;;R05;523.59;N;;MS000204;FLAT BACK PIQUE SUEDED(BACK)/30/1COTT+20NYLON/315AW/CLAROS;26;2.70;NORMAL;VINCE;VNC-816;E-EN PRODUCCION;N;162.00;2;42;0;0;02:42;00:00;2;10.000;46615;FALSO;0.00;0.00;I9217;ROSAEDGA
16;LAVADO;4.00;Y4479;MAQ-05;2/09/2026 20:40:14;2/09/2026 22:40:24;C00002;PREPARADO PARA ESTAMPAR;0.00;;R05;172.70;N;;SE005010;HEAVY JERSEY 10/1 100% ORGANICO PIMA COTTONS;0;2.00;NORMAL;PERUVIAN FIT S.A.C.;;P-PROGRAMADA;N;120.00;2;0;0;0;02:00;00:00;2;NO TIENE RECETA;;FALSO;0.00;0.00;;LOREAJUL
16;LAVADO;5.20;Y4388;MAQ-06;30/08/2026 05:46:20;30/08/2026 05:46:28;3339D8;ORANGE 17-1562 TCX FORTY SEVEN 17840;131.80;;R14;131.80;S;;JE005298;JERSEY 30/1 CT 100% ALGODON - OSCUROS Y MEDIOS;6;0.00;HUMECTADO;FORTY SEVEN;FSE-1228;T-EN ALMACEN TENIDO;N;0.00;0;0;0;0;00:00;00:00;4;9.000;TTC TAU20;FALSO;0.00;3.32;J1171;CACHILUI
16;LAVADO;2.00;Y3994;MAQ-06;31/08/2026 16:10:29;31/08/2026 18:10:03;L00BFW;PARKE STRIPE  ROLLER 17991;22.56;;R05;22.56;N;;DE010418;LISTADO 40/1 INTERLOCK PIMA/MODAL - PARKE STRIPE;2;2.00;NORMAL;ROLLER RABBIT;M0000557;D-DESPACHADA;N;120.00;2;0;0;0;02:00;00:00;4;10.000;46785;FALSO;0.00;0.00;O8856;ROSAEDGA
16;LAVADO;2.00;Y4141;MAQ-06;31/08/2026 16:10:29;31/08/2026 18:10:04;L00BFW;PARKE STRIPE  ROLLER 17991;25.24;;R05;25.24;N;;DE010418;LISTADO 40/1 INTERLOCK PIMA/MODAL - PARKE STRIPE;1;2.00;NORMAL;ROLLER RABBIT;M0000557;D-DESPACHADA;N;120.00;2;0;0;0;02:00;00:00;4;10.000;;FALSO;0.00;0.00;O8856;ROSAEDGA
16;LAVADO;3.00;Y4954;MAQ-06;31/08/2026 16:10:30;31/08/2026 18:10:04;L00BFW;PARKE STRIPE  ROLLER 17991;83.00;;R05;83.00;N;;DE010418;LISTADO 40/1 INTERLOCK PIMA/MODAL - PARKE STRIPE;4;2.00;NORMAL;HIALPESA;;D-DESPACHADA;N;120.00;2;0;0;0;02:00;00:00;4;10.000;46784;FALSO;0.00;0.00;;ROSAEDGA
16;LAVADO;4.00;Y4942;MAQ-06;2/09/2026 05:08:13;2/09/2026 06:01:00;C00002;PREPARADO PARA ESTAMPAR;0.00;;R05;158.80;N;;SE005044;FRENCH TERRY 30/1 PIMA PEINADO C/LYCRA;0;0.87;NORMAL;ABUCORP PERU SAC.;;E-EN PRODUCCION;N;52.00;0;52;0;0;00:52;00:00;4;NO TIENE RECETA;;FALSO;0.00;0.00;;ROSAEDGA
16;LAVADO;4.00;Y5126;MAQ-07;31/08/2026 12:40:21;31/08/2026 14:10:37;C00002;PREPARADO PARA ESTAMPAR;0.00;;R05;264.30;N;;SE004870;RIB 1X1 30/1 ORGANICA 100% PIMA COTTON;0;1.50;NORMAL;PERUVIAN FIT S.A.C.;;E-EN PRODUCCION;N;90.00;1;30;0;0;01:30;00:00;6;NO TIENE RECETA;;FALSO;0.00;0.00;;ROSAEDGA
16;LAVADO;3.00;Y3952;MAQ-07;31/08/2026 14:38:50;31/08/2026 17:20:22;B00399;OYSTER  80/20 VARSITY 15493;9.34;;R05;9.34;N;;CD000127;"CORDON TRENZADO PLANO 1/2"" 30/1 MLG X 7 CABOS (BASE CD112)";1;2.70;NORMAL;VARSITY;VAR-298;E-EN PRODUCCION;N;162.00;2;42;0;0;02:42;00:00;6;9.000;LOTE -  AU94-PN09;FALSO;0.00;0.00;I9740;ROSAEDGA
16;LAVADO;4.00;Y5646;MAQ-07;2/09/2026 01:09:43;2/09/2026 03:15:01;L00BAG;NAVY BLAZER STRIPE TRAVIS MATHEW 17683 SS27;321.71;;R05;315.59;N;;FT000413;FRENCH TERRY LIST ING C/SPANDEX - 30/1 PP + 40D C/OSCUROS;10;2.10;NORMAL;TRAVIS MATHEW;TMW-2306;E-EN PRODUCCION;N;126.00;2;6;0;0;02:06;00:00;6;10.000;46525;FALSO;0.00;0.00;I8835;ROSAEDGA
16;LAVADO;3.00;Y5646;MAQ-07;2/09/2026 01:09:43;2/09/2026 03:15:01;L00BAG;NAVY BLAZER STRIPE TRAVIS MATHEW 17683 SS27;321.71;;R05;6.12;N;;FT000413;FRENCH TERRY LIST ING C/SPANDEX - 30/1 PP + 40D C/OSCUROS;10;2.10;NORMAL;TRAVIS MATHEW;TMW-2306;E-EN PRODUCCION;N;126.00;2;6;0;0;02:06;00:00;6;10.000;46525;FALSO;0.00;0.00;I8835;ROSAEDGA
16;LAVADO;4.00;Y5201;MAQ-07;2/09/2026 20:40:53;2/09/2026 22:40:52;C00002;PREPARADO PARA ESTAMPAR;0.00;;R05;365.30;N;;SE004870;RIB 1X1 30/1 ORGANICA 100% PIMA COTTON;0;2.00;NORMAL;PERUVIAN FIT S.A.C.;;E-EN PRODUCCION;N;120.00;2;0;0;0;02:00;00:00;6;NO TIENE RECETA;;FALSO;0.00;0.00;;LOREAJUL
16;LAVADO;7.20;Y4228;MAQ-07;3/09/2026 20:35:29;3/09/2026 22:30:41;633DMI;OCEAN  TEXTILES HEAWOOK 8802;296.00;;R14;296.00;S;;SE003379;JERSEY 20/1 100% ALGODON;14;1.92;HUMECTADO;TEXTILES THT PERU S.A.C;;E-EN PRODUCCION;N;115.00;1;55;1;55;01:55;01:55;6;10.000;;FALSO;0.00;0.00;;PAHANSERG
16;LAVADO;4.00;Y3865;MAQ-09;28/08/2026 07:53:19;28/08/2026 13:58:16;C00002;PREPARADO PARA ESTAMPAR;0.00;;R05;332.00;N;;SE004868;JERSEY FULL SPANDEX 30/1 PIMA ORGANICO - MODAL 50/;0;6.08;NORMAL;INTRATESA S.A.C.;;E-EN PRODUCCION;N;365.00;6;5;0;0;06:05;00:00;7;NO TIENE RECETA;;FALSO;0.00;0.00;;ROSAEDGA
16;LAVADO;3.00;Y4969;MAQ-09;30/08/2026 07:39:22;30/08/2026 10:49:56;L00BDA;TIDEWATER / H. GREY VINCE MENS 17871 SP27;441.16;;R05;38.94;N;;MS000204;FLAT BACK PIQUE SUEDED(BACK)/30/1COTT+20NYLON/315AW/CLAROS;20;3.17;NORMAL;VINCE;VNC-816;E-EN PRODUCCION;N;190.00;3;10;0;0;03:10;00:00;7;10.000;46617;FALSO;0.00;0.00;I9217;ROSAEDGA
16;LAVADO;4.00;Y4969;MAQ-09;30/08/2026 07:39:22;30/08/2026 10:49:56;L00BDA;TIDEWATER / H. GREY VINCE MENS 17871 SP27;441.16;;R05;402.22;N;;MS000204;FLAT BACK PIQUE SUEDED(BACK)/30/1COTT+20NYLON/315AW/CLAROS;20;3.17;NORMAL;VINCE;VNC-816;E-EN PRODUCCION;N;190.00;3;10;0;0;03:10;00:00;7;10.000;46617;FALSO;0.00;0.00;I9217;ROSAEDGA
16;LAVADO;3.00;Y5593;MAQ-09;31/08/2026 08:44:20;31/08/2026 11:43:03;L00BAK;RED OCHRE COMBO VINCE MENS 176888 PREFALL26;293.52;;R05;293.52;N;;RI003096;RIB 1X1 FEEDSTRIPE / 28/1PP / 215BW;15;2.98;NORMAL;VINCE WOMENS;VCW-669;E-EN PRODUCCION;N;179.00;2;59;0;0;02:59;00:00;7;10.000;;FALSO;0.00;0.00;I8922;ROSAEDGA
16;LAVADO;3.00;Y5594;MAQ-09;31/08/2026 08:44:20;31/08/2026 11:43:03;L00BAK;RED OCHRE COMBO VINCE MENS 176888 PREFALL26;158.46;;R05;158.46;N;;RI003096;RIB 1X1 FEEDSTRIPE / 28/1PP / 215BW;8;2.98;NORMAL;VINCE WOMENS;VCW-669;E-EN PRODUCCION;N;179.00;2;59;0;0;02:59;00:00;7;10.000;46825;FALSO;0.00;0.00;I8922;ROSAEDGA
16;LAVADO;4.00;Y3863;MAQ-09;31/08/2026 22:00:09;1/09/2026 01:00:53;C00002;PREPARADO PARA ESTAMPAR;0.00;;R05;104.30;N;;SE004868;JERSEY FULL SPANDEX 30/1 PIMA ORGANICO - MODAL 50/;0;3.00;NORMAL;INTRATESA S.A.C.;;E-EN PRODUCCION;N;180.00;3;0;0;0;03:00;00:00;7;NO TIENE RECETA;;FALSO;0.00;0.00;;CAZAOS
16;LAVADO;4.00;Y3864;MAQ-09;31/08/2026 22:00:28;1/09/2026 01:00:11;C00002;PREPARADO PARA ESTAMPAR;0.00;;R05;224.05;N;;SE004868;JERSEY FULL SPANDEX 30/1 PIMA ORGANICO - MODAL 50/;0;3.00;NORMAL;INTRATESA S.A.C.;;E-EN PRODUCCION;N;180.00;3;0;0;0;03:00;00:00;7;NO TIENE RECETA;;FALSO;0.00;0.00;;CAZAOS
16;LAVADO;2.00;Y5199;MAQ-10;3/09/2026 21:08:42;3/09/2026 22:56:29;L00BF9;PINE LEAF MELANGE E FAHERTY 17975 FALL26;24.48;;R05;24.48;N;;DE009307;JERSEY SOLIDO SUEDED / PRENDA 7;2;1.80;NORMAL;FAHERTY BRAND;M0000559;E-EN PRODUCCION;N;108.00;1;48;0;0;01:48;00:00;2;10.000;;FALSO;0.00;4.82;O8889;ROSAEDGA
16;LAVADO;2.00;Y5200;MAQ-10;3/09/2026 21:08:42;3/09/2026 22:56:29;L00BF9;PINE LEAF MELANGE E FAHERTY 17975 FALL26;23.10;;R05;23.10;N;;DE009307;JERSEY SOLIDO SUEDED / PRENDA 7;1;1.80;NORMAL;FAHERTY BRAND;M0000559;E-EN PRODUCCION;N;108.00;1;48;0;0;01:48;00:00;2;10.000;;FALSO;0.00;4.82;O8889;ROSAEDGA
16;LAVADO;4.00;Y3806;MAQ-11;4/09/2026 04:49:46;4/09/2026 08:35:47;C00002;PREPARADO PARA ESTAMPAR;0.00;;R05;145.60;N;;SE005025;JERSEY 40/1 PIMA ORGANICO - PPT;0;3.77;NORMAL;INTRATESA S.A.C.;;E-EN PRODUCCION;N;226.00;3;46;0;0;03:46;00:00;2;NO TIENE RECETA;;FALSO;0.00;0.00;;PAHANSERG
16;LAVADO;4.00;Y3803;MAQ-11;4/09/2026 04:50:09;4/09/2026 08:36:35;C00002;PREPARADO PARA ESTAMPAR;0.00;;R05;32.45;N;;SE005025;JERSEY 40/1 PIMA ORGANICO - PPT;0;3.77;NORMAL;INTRATESA S.A.C.;;P-PROGRAMADA;N;226.00;3;46;0;0;03:46;00:00;2;NO TIENE RECETA;;FALSO;0.00;0.00;;PAHANSERG
16;LAVADO;4.70;Y2462;MAQ-12;2/09/2026 03:20:00;2/09/2026 07:39:01;93299Z;UMBER   COFACO 8867;584.85;;R11;584.85;S;;SE004970;JERSEY 30/1 COP TANGUIS BCI 100% CRUDO;30;4.32;DISPERSO;COFACO INDUSTRIES S.A.C.;;E-EN PRODUCCION;N;259.00;4;19;4;19;04:19;04:19;3;8.500;;FALSO;0.00;0.00;;CAZAOS
16;LAVADO;4.50;Y2463;MAQ-12;2/09/2026 03:20:38;2/09/2026 07:39:02;93299Z;UMBER   COFACO 8867;38.85;;R11;38.85;S;;SE004971;BABY RIB 1X1 30/1 BCI SPANDEX FULL CRUDO;2;4.32;DISPERSO;COFACO INDUSTRIES S.A.C.;;E-EN PRODUCCION;N;259.00;4;19;4;19;04:19;04:19;3;8.500;;FALSO;0.00;0.00;;CAZAOS
16;LAVADO;5.20;Y3385;MAQ-12;3/09/2026 03:40:36;3/09/2026 11:00:31;N33BCW;NEGRO TRICOT FINE 8894;526.16;;R06;526.16;S;;SE005014;JERSEY 30/1 ALG. PEINADO;23;7.33;ANTI-PEELING;T&F TEXTILES S.A.;;E-EN PRODUCCION;N;440.00;7;20;7;20;07:20;07:20;3;6.000;;FALSO;0.00;0.00;;CAPAALEX
16;LAVADO;1.50;Y1834;MAQ-13;2/09/2026 03:55:43;2/09/2026 07:40:19;N33BBL;BLACK V2  COFACO 8825;596.95;;R11;596.95;S;;SE004970;JERSEY 30/1 COP TANGUIS BCI 100% CRUDO;25;3.75;DISPERSO;COFACO INDUSTRIES S.A.C.;;E-EN PRODUCCION;N;225.00;3;45;3;45;03:45;03:45;4;8.000;;FALSO;0.00;0.00;;CAZAOS
16;LAVADO;1.50;Y1610;MAQ-13;2/09/2026 04:52:42;2/09/2026 07:40:51;N33BBL;BLACK V2  COFACO 8825;28.95;;R01;28.95;S;;SE004971;BABY RIB 1X1 30/1 BCI SPANDEX FULL CRUDO;2;2.80;MATIZADO;COFACO INDUSTRIES S.A.C.;;E-EN PRODUCCION;N;168.00;2;48;2;48;02:48;02:48;4;8.000;;FALSO;0.00;0.00;;ROSAEDGA
16;LAVADO;5.10;Y5378;MAQ-13;4/09/2026 02:00:26;4/09/2026 02:50:49;N33BBI;BLACK 19-0303 TCX FORTY SEVEN 17840;541.66;HUMECTADO;R05;541.66;N;;JE005298;JERSEY 30/1 CT 100% ALGODON - OSCUROS Y MEDIOS;25;0.83;NORMAL;FORTY SEVEN;FSE-1228;E-EN PRODUCCION;N;50.00;0;50;0;0;00:50;00:00;4;6.000;TAU-31;FALSO;0.00;3.32;J1170;LMORAN
16;LAVADO;5.10;Y5756;MAQ-13;4/09/2026 02:02:42;4/09/2026 03:50:57;N33BBI;BLACK 19-0303 TCX FORTY SEVEN 17840;538.12;HUMECTADO;R05;538.12;N;;JE005298;JERSEY 30/1 CT 100% ALGODON - OSCUROS Y MEDIOS;25;1.80;NORMAL;FORTY SEVEN;FSE-1228;E-EN PRODUCCION;N;108.00;1;48;0;0;01:48;00:00;4;6.000;TAU-31;FALSO;0.00;3.32;J1171;LMORAN
16;LAVADO;3.00;Y5384;MAQ-14;29/08/2026 14:12:03;29/08/2026 16:00:26;L00BFT;GOLD  SUNDAY 17987 FALL/HOLLIDAY27;64.34;;R05;64.34;N;;DE010451;DOBLE FACE C/NYLON - 30/1COTT/POLY(H/C)+30/1COTT(H/C);4;1.80;NORMAL;SUN DAY RED;M0000556;D-DESPACHADA;N;108.00;1;48;0;0;01:48;00:00;4;10.000;46666;FALSO;0.00;3.00;O8848;ROSAEDGA
16;LAVADO;3.00;Y5179;MAQ-14;29/08/2026 18:40:33;29/08/2026 20:50:12;L00BFR;VINTAGE INDIGO  SUNDAY 17987 FALL/HOLLIDAY27;65.66;;R05;65.66;N;;DE010451;DOBLE FACE C/NYLON - 30/1COTT/POLY(H/C)+30/1COTT(H/C);4;2.17;NORMAL;SUN DAY RED;M0000556;D-DESPACHADA;N;130.00;2;10;0;0;02:10;00:00;4;10.000;;FALSO;0.00;3.00;O8848;ROSAEDGA
16;LAVADO;3.00;Y5180;MAQ-14;29/08/2026 20:59:15;29/08/2026 23:50:29;L00BFS;OLIVE  SUNDAY 17987 FALL/HOLLIDAY27;68.94;;R05;68.94;N;;DE010451;DOBLE FACE C/NYLON - 30/1COTT/POLY(H/C)+30/1COTT(H/C);4;2.85;NORMAL;SUN DAY RED;M0000556;D-DESPACHADA;N;171.00;2;51;0;0;02:51;00:00;4;10.000;;FALSO;0.00;3.00;O8848;ROSAEDGA
16;LAVADO;2.30;Y4943;MAQ-14;3/09/2026 02:09:33;3/09/2026 02:10:09;C00002;PREPARADO PARA ESTAMPAR;0.00;;R05;58.80;N;;SE004856;JERSEY 30/1 P. PEINADO;0;0.02;NORMAL;ABUCORP PERU SAC.;;E-EN PRODUCCION;N;1.00;0;1;0;0;00:01;00:00;4;NO TIENE RECETA;;FALSO;0.00;0.00;;CAPAALEX
16;LAVADO;3.00;Y5698;MAQ-16;3/09/2026 13:45:36;4/09/2026 05:18:30;L00BGI;COMPASS/WHITE   BDR  FALL 27;13.94;;R05;13.94;N;;DE010478;RIB POINTELLE  100% COTTON/ END O END 1 PASADA DE UN COLOR A Y 1 PASADA DE COLOR B;1;15.55;NORMAL;HIALPESA;;E-EN PRODUCCION;N;933.00;15;33;0;0;15:33;00:00;1;16.000;44063;FALSO;0.00;0.00;;ROSAEDGA
16;LAVADO;3.00;Y5386;MAQ-17;29/08/2026 16:10:05;29/08/2026 18:30:25;L00BFU;ULTIMATE GREY  SUNDAY 17987 FALL/HOLLIDAY27;65.16;;R05;65.16;N;;DE010451;DOBLE FACE C/NYLON - 30/1COTT/POLY(H/C)+30/1COTT(H/C);4;2.33;NORMAL;SUN DAY RED;M0000556;D-DESPACHADA;N;140.00;2;20;0;0;02:20;00:00;2;10.000;;FALSO;0.00;3.00;O8848;ROSAEDGA
16;LAVADO;2.00;Y5769;MAQ-17;30/08/2026 08:35:50;30/08/2026 09:30:08;L00BC2;HTR BLACK VINCE MENS  17628 PREPSRING26;3.70;;R05;3.70;N;;JE005391;JERSEY FLAME HTR / 60/1HTRPP PRG-27S /ALTTGG32;1;0.92;NORMAL;VINCE;VNC-799;T-EN ALMACEN TENIDO;N;55.00;0;55;0;0;00:55;00:00;2;20.000;;FALSO;0.00;2.55;I8421;ROSAEDGA
16;LAVADO;4.00;Y4944;MAQ-19;1/09/2026 23:26:57;2/09/2026 00:43:39;C00002;PREPARADO PARA ESTAMPAR;0.00;;R05;17.10;N;;SE004784;RIB 1X1 30/1 100% ORGANICO PIMA COTTON;0;1.28;NORMAL;PERUVIAN FIT S.A.C.;;P-PROGRAMADA;N;77.00;1;17;0;0;01:17;00:00;3;NO TIENE RECETA;;FALSO;0.00;0.00;;ROSAEDGA
16;LAVADO;4.00;Y5202;MAQ-19;2/09/2026 00:59:41;2/09/2026 01:53:29;C00002;PREPARADO PARA ESTAMPAR;0.00;;R05;14.10;N;;SE004784;RIB 1X1 30/1 100% ORGANICO PIMA COTTON;0;0.90;NORMAL;PERUVIAN FIT S.A.C.;;P-PROGRAMADA;N;54.00;0;54;0;0;00:54;00:00;3;NO TIENE RECETA;;FALSO;0.00;0.00;;ROSAEDGA
16;LAVADO;4.00;Y5450;MAQ-19;2/09/2026 02:31:51;2/09/2026 03:08:35;C00002;PREPARADO PARA ESTAMPAR;0.00;;R05;18.05;N;;SE005045;INTERLOCK 50/ 1 PIMA PEINADO;0;0.62;NORMAL;ABUCORP PERU SAC.;;E-EN PRODUCCION;N;37.00;0;37;0;0;00:37;00:00;3;NO TIENE RECETA;;FALSO;0.00;0.00;;ROSAEDGA
16;LAVADO;4.00;Y5203;MAQ-24;2/09/2026 00:41:45;2/09/2026 00:42:20;C00002;PREPARADO PARA ESTAMPAR;0.00;;R05;14.10;N;;SE004784;RIB 1X1 30/1 100% ORGANICO PIMA COTTON;0;0.02;NORMAL;PERUVIAN FIT S.A.C.;;P-PROGRAMADA;N;1.00;0;1;0;0;00:01;00:00;5;NO TIENE RECETA;;FALSO;0.00;0.00;;ROSAEDGA
16;LAVADO;4.00;Y3833;MAQ-24;2/09/2026 01:00:29;2/09/2026 01:52:36;C00002;PREPARADO PARA ESTAMPAR;0.00;;R05;19.10;N;;SE004784;RIB 1X1 30/1 100% ORGANICO PIMA COTTON;0;0.87;NORMAL;PERUVIAN FIT S.A.C.;;P-PROGRAMADA;N;52.00;0;52;0;0;00:52;00:00;5;NO TIENE RECETA;;FALSO;0.00;0.00;;ROSAEDGA
16;LAVADO;4.00;Y4983;MAQ-24;2/09/2026 02:31:04;2/09/2026 06:00:44;C00002;PREPARADO PARA ESTAMPAR;0.00;;R05;18.50;N;;SE005045;INTERLOCK 50/ 1 PIMA PEINADO;0;3.48;NORMAL;ABUCORP PERU SAC.;;P-PROGRAMADA;N;209.00;3;29;0;0;03:29;00:00;5;NO TIENE RECETA;;FALSO;0.00;0.00;;ROSAEDGA
16;LAVADO;3.00;Y5652;MAQ-24;2/09/2026 03:35:04;2/09/2026 05:57:10;L00BG2;BLACK/ OFF WHITE  VINCE W 18003 PREFALL27;1.50;;R05;1.50;N;;DE010460;"RECTILÍNEO CON TIPPING DE 1/16""";1;2.37;NORMAL;HIALPESA;;E-EN PRODUCCION;N;142.00;2;22;0;0;02:22;00:00;5;20.000;46832;FALSO;0.00;0.00;;ROSAEDGA
16;LAVADO;3.00;Y5651;MAQ-24;2/09/2026 03:35:05;2/09/2026 05:57:10;L00BG2;BLACK/ OFF WHITE  VINCE W 18003 PREFALL27;1.62;;R05;1.62;N;;DE010460;"RECTILÍNEO CON TIPPING DE 1/16""";1;2.37;NORMAL;HIALPESA;;E-EN PRODUCCION;N;142.00;2;22;0;0;02:22;00:00;5;20.000;46832;FALSO;0.00;0.00;;ROSAEDGA
16;LAVADO;8.50;Y2381;MAQ-25;4/09/2026 01:09:05;4/09/2026 05:30:02;111B9E;WHITE  PETIT HOURS 17576  PRESPRING26;125.22;;R05;125.22;N;;JE005388;JERSEY ESMERILADO ESTAMPADO PIGMENTO 30/1 PP - 150 AW;6;4.35;NORMAL;HIALPESA;;E-EN PRODUCCION;N;261.00;4;21;0;0;04:21;00:00;1;9.000;;FALSO;0.00;0.00;;BRARAZOSI
16;LAVADO;3.10;Y4325;MAQ2-A;1/09/2026 15:30:17;1/09/2026 16:40:40;C00002;PREPARADO PARA ESTAMPAR;0.00;;R05;25.25;N;;SE005024;FRENCH TERRY 20/1 100% ALGODÓN ORGANIC;0;1.17;NORMAL;PERUVIAN FIT S.A.C.;;P-PROGRAMADA;N;70.00;1;10;0;0;01:10;00:00;3;NO TIENE RECETA;;FALSO;0.00;0.00;;IZALANDRE
16;LAVADO;4.00;Y4945;MAQ2-A;1/09/2026 15:30:56;1/09/2026 16:40:54;C00002;PREPARADO PARA ESTAMPAR;0.00;;R05;14.10;N;;SE004784;RIB 1X1 30/1 100% ORGANICO PIMA COTTON;0;1.17;NORMAL;PERUVIAN FIT S.A.C.;;E-EN PRODUCCION;N;70.00;1;10;0;0;01:10;00:00;3;NO TIENE RECETA;;FALSO;0.00;0.00;;IZALANDRE
16;LAVADO;4.00;Y5844;MAQ2-A;3/09/2026 08:51:49;3/09/2026 11:36:25;L00BEM;EGRET/ENGLISH MANOR FAHERTY 17935 SUMMER27;35.68;;R05;35.68;N;;DE010413;RIB 2X2 FULL SPANDEX STRIPE (SHORE FADE);2;2.75;NORMAL;HIALPESA;;E-EN PRODUCCION;N;165.00;2;45;0;0;02:45;00:00;3;10.000;;FALSO;0.00;0.00;;CAPAALEX
31;CONTROL CALIDAD TONO;4.60;Y4075;REV-020;28/08/2026 08:19:10;28/08/2026 08:19:10;931BJM;VINTAGE WHITE STANDARD VARSITY 16086 SP23;481.43;;R05;386.34;N;;FT000407;FRENCH TERRY 2 HILOS DIAGONAL CALADO 1-1 (X2 CABOS) - CLAROS;19;0.00;NORMAL;VARSITY;VAR-299;T-EN ALMACEN TENIDO;N;0.00;0;0;0;0;00:00;00:00;177;6.000;LOTE -  VS084  //  J;FALSO;0.00;0.00;I9743;RSIMONS
31;CONTROL CALIDAD TONO;3.60;Y4075;REV-020;28/08/2026 08:19:10;28/08/2026 08:19:10;931BJM;VINTAGE WHITE STANDARD VARSITY 16086 SP23;481.43;;R05;95.09;N;;FT000407;FRENCH TERRY 2 HILOS DIAGONAL CALADO 1-1 (X2 CABOS) - CLAROS;19;0.00;NORMAL;VARSITY;VAR-299;T-EN ALMACEN TENIDO;N;0.00;0;0;0;0;00:00;00:00;177;6.000;LOTE -  VS084  //  J;FALSO;0.00;0.00;I9743;RSIMONS
31;CONTROL CALIDAD TONO;3.60;Y5377;REV-020;28/08/2026 08:20:20;28/08/2026 08:20:20;B00004;BLANQUEO PARA PIGMENTAR;54.26;;R05;54.26;N;;PI000322;PIQUE SIMPLE PPT 20/1 PA//250 AW/GARMENT DYE;3;0.00;NORMAL;HIALPESA;;D-DESPACHADA;N;0.00;0;0;0;0;00:00;00:00;177;10.000;JA AU107;FALSO;0.00;0.00;;RSIMONS
31;CONTROL CALIDAD TONO;3.60;Y3935;REV-020;28/08/2026 11:32:53;28/08/2026 11:32:53;431ACE;ACK RED  VARSITY 15318 SP23;250.52;;R05;250.52;N;;JE005381;JERSEY FLAME (20/1 FLAME CO + 20/1 CO) - C/BLANCO Y CLAROS;11;0.00;NORMAL;VARSITY;VAR-298;T-EN ALMACEN TENIDO;N;0.00;0;0;0;0;00:00;00:00;177;8.000;LOTE- JA AU107 / JA;FALSO;0.00;0.00;I9735;RSIMONS
31;CONTROL CALIDAD TONO;3.60;Y4961;REV-020;28/08/2026 11:34:12;28/08/2026 11:34:12;971394;ITALIAN SAND TRAVIS MAHTHEW 17469 SS27;60.96;;R05;60.96;N;;PI000327;FALSO PIQUE C/SPANDEX C/CLAROS - 75/72 POLY + 40/1 PP/POLY + 20D SPANDEX;3;0.00;NORMAL;TRAVIS MATHEW;TMW-2311;E-EN PRODUCCION;N;0.00;0;0;0;0;00:00;00:00;177;8.000;PIP27 GPB1;FALSO;0.00;0.00;I8816;RSIMONS
31;CONTROL CALIDAD TONO;4.60;Y4960;REV-020;28/08/2026 11:34:12;28/08/2026 11:34:12;971394;ITALIAN SAND TRAVIS MAHTHEW 17469 SS27;467.63;;R05;467.63;N;;PI000326;FALSO PIQUE C/SPANDEX ESTAMP SUBLIMADO C/CLAROS - 75/72 POLY + 40/1 PP/POLY + 20D SPANDEX;24;0.00;NORMAL;TRAVIS MATHEW;TMW-2311;T-EN ALMACEN TENIDO;N;0.00;0;0;0;0;00:00;00:00;177;8.000;PIP27 GPB1;FALSO;0.00;0.00;I8816;RSIMONS
31;CONTROL CALIDAD TONO;2.60;Y5238;REV-020;28/08/2026 11:35:09;28/08/2026 11:35:09;6739CS;TRUE NAVY  COFACO 8897;640.15;;R05;640.15;N;;SE004986;JERSEY 40/1 VORTEX ORG PIMA/LYOCELL;24;0.00;NORMAL;COFACO INDUSTRIES S.A.C.;;E-EN PRODUCCION;N;0.00;0;0;0;0;00:00;00:00;177;10.000;;FALSO;0.00;0.00;;RSIMONS
31;CONTROL CALIDAD TONO;3.60;Y4863;REV-020;28/08/2026 12:49:32;28/08/2026 12:49:32;633DO3;COASTAL  VINCE MENS 17870 SP27;240.00;;R05;240.00;N;;PI000280;PIQUE SIMPLE / 32/1COTT / 185AW / OSCUROS;12;0.00;NORMAL;VINCE;VNC-817;E-EN PRODUCCION;N;0.00;0;0;0;0;00:00;00:00;177;9.000;JA AU107;FALSO;0.00;3.97;I9222;ROSAEDGA
31;CONTROL CALIDAD TONO;3.60;Y5183;REV-020;28/08/2026 14:31:11;28/08/2026 14:31:11;B00389;ARTIC WHITE VARISTY 15318 SP23;715.11;;R05;715.11;N;;JE005381;JERSEY FLAME (20/1 FLAME CO + 20/1 CO) - C/BLANCO Y CLAROS;32;0.00;NORMAL;VARSITY;VAR-298;T-EN ALMACEN TENIDO;N;0.00;0;0;0;0;00:00;00:00;177;8.000;LOTE- JA AU107 / JA;FALSO;0.00;0.00;I9735;RSIMONS
31;CONTROL CALIDAD TONO;4.60;Y5460;REV-020;28/08/2026 14:31:39;28/08/2026 14:31:39;931BJM;VINTAGE WHITE STANDARD VARSITY 16086 SP23;223.43;;R05;223.43;N;;FT000407;FRENCH TERRY 2 HILOS DIAGONAL CALADO 1-1 (X2 CABOS) - CLAROS;11;0.00;NORMAL;VARSITY;VAR-299;T-EN ALMACEN TENIDO;N;0.00;0;0;0;0;00:00;00:00;177;6.000;LOTE  -  JA AU106  /;FALSO;0.00;0.00;I9743;RSIMONS
31;CONTROL CALIDAD TONO;4.60;Y5461;REV-020;28/08/2026 14:31:39;28/08/2026 14:31:39;931BJM;VINTAGE WHITE STANDARD VARSITY 16086 SP23;257.59;;R05;162.50;N;;FT000407;FRENCH TERRY 2 HILOS DIAGONAL CALADO 1-1 (X2 CABOS) - CLAROS;8;0.00;NORMAL;VARSITY;VAR-299;T-EN ALMACEN TENIDO;N;0.00;0;0;0;0;00:00;00:00;177;6.000;LOTE -  VS084  //  J;FALSO;0.00;0.00;I9743;RSIMONS
31;CONTROL CALIDAD TONO;3.60;Y4259;REV-020;28/08/2026 17:10:17;28/08/2026 17:10:17;631AEK;CAROLINA FORTY SEVEN 15305 F23;182.38;;R05;182.38;N;;JE004852;JERSEY FLAMÉ 24/1 TC - CLAROS;8;0.00;NORMAL;FORTY SEVEN;FSE-1223;T-EN ALMACEN TENIDO;N;0.00;0;0;0;0;00:00;00:00;177;10.000;JA AU107;FALSO;0.00;0.00;J0417;RSIMONS
31;CONTROL CALIDAD TONO;3.60;Y5184;REV-020;28/08/2026 18:39:50;28/08/2026 18:39:50;B00389;ARTIC WHITE VARISTY 15318 SP23;714.07;;R05;714.07;N;;JE005381;JERSEY FLAME (20/1 FLAME CO + 20/1 CO) - C/BLANCO Y CLAROS;32;0.00;NORMAL;VARSITY;VAR-298;T-EN ALMACEN TENIDO;N;0.00;0;0;0;0;00:00;00:00;177;8.000;LOTE- JA AU107 / JA;FALSO;0.00;0.00;I9735;RSIMONS
31;CONTROL CALIDAD TONO;3.60;Y4526;REV-020;28/08/2026 23:40:57;28/08/2026 23:40:57;631AZP;VISTA BLUE VINCE WOMENS 17842 SPRING27;499.80;;R05;499.80;N;;IN000242;INTERLOCK SOLIDO / 50/1PP / 185BW / CLAROS;23;0.00;NORMAL;VINCE WOMENS;VCW-663;E-EN PRODUCCION;N;0.00;0;0;0;0;00:00;00:00;177;6.000;02P-26;FALSO;0.00;3.82;I8967;ROSAEDGA
31;CONTROL CALIDAD TONO;3.60;Y5145;REV-020;29/08/2026 02:49:20;29/08/2026 02:49:20;931C8X;OFF WHITE VINCE WOMENS 17561 F26;681.20;;R05;681.20;N;;FT000313;FRENCH TERRY 3 HILOS -30/1 PP + 10/1 TC - CLAROS;30;0.00;NORMAL;VINCE WOMENS;VCW-662;T-EN ALMACEN TENIDO;N;0.00;0;0;0;0;00:00;00:00;177;8.000;JA PA53;FALSO;0.00;3.97;I8961;ROSAEDGA
31;CONTROL CALIDAD TONO;2.60;Y4331;REV-020;29/08/2026 02:50:00;29/08/2026 02:50:00;633DMK;SEAPORT TEXTILES HEAWOOK 8802;191.00;;R05;191.00;N;;SE003379;JERSEY 20/1 100% ALGODON;9;0.00;NORMAL;TEXTILES THT PERU S.A.C;;D-DESPACHADA;N;0.00;0;0;0;0;00:00;00:00;177;10.000;;FALSO;0.00;0.00;;ROSAEDGA
31;CONTROL CALIDAD TONO;2.60;Y5420;REV-020;29/08/2026 03:02:10;29/08/2026 03:02:10;6739CS;TRUE NAVY  COFACO 8897;639.35;;R05;639.35;N;;SE004986;JERSEY 40/1 VORTEX ORG PIMA/LYOCELL;25;0.00;NORMAL;COFACO INDUSTRIES S.A.C.;;D-DESPACHADA;N;0.00;0;0;0;0;00:00;00:00;177;10.000;;FALSO;0.00;0.00;;ROSAEDGA
31;CONTROL CALIDAD TONO;2.60;Y4460;REV-020;29/08/2026 05:03:24;29/08/2026 05:03:24;433BHY;RED FORTY SEVEN 17472;365.29;;R05;365.29;N;;JE005304;JERSEYSOLIDO 20/1 - OPEN END / COLORES: MEDIOS Y OSCUROS/ALT GG20;15;0.00;NORMAL;FORTY SEVEN;FSE-1219;T-EN ALMACEN TENIDO;N;0.00;0;0;0;0;00:00;00:00;177;10.000;VS083;FALSO;0.00;2.42;J1536;ROSAEDGA
31;CONTROL CALIDAD TONO;2.60;Y5385;REV-020;29/08/2026 05:03:24;29/08/2026 05:03:24;433BHY;RED FORTY SEVEN 17472;125.30;;R05;125.30;N;;JE005304;JERSEYSOLIDO 20/1 - OPEN END / COLORES: MEDIOS Y OSCUROS/ALT GG20;6;0.00;NORMAL;FORTY SEVEN;FSE-1256;T-EN ALMACEN TENIDO;N;0.00;0;0;0;0;00:00;00:00;177;10.000;VS083;FALSO;0.00;2.42;J1533;ROSAEDGA
31;CONTROL CALIDAD TONO;3.60;Y5178;REV-020;29/08/2026 05:03:45;29/08/2026 05:03:45;631AX9;SPLISH SPLASH 16-4520 TCX ROLLER 17225;93.04;;R05;93.04;N;;IN000232;INTERLOCK SOLIDO 50/1 PP - COMPLEMENTO;5;0.00;NORMAL;ROLLER RABBIT;RRT-012G;E-EN PRODUCCION;N;0.00;0;0;0;0;00:00;00:00;177;9.000;02P-26;FALSO;0.00;3.62;J1553;ROSAEDGA
31;CONTROL CALIDAD TONO;2.10;Y5390;REV-020;29/08/2026 05:23:21;29/08/2026 05:23:21;111B6N;WHITE  ROLLER RABBIT 1722;489.94;;R05;489.94;N;;IN000229;INTERLOCK ESTAMPADO PIGMENTO FULL COBERTURA 50/1 NE;25;0.00;NORMAL;ROLLER RABBIT;RRT-012F;E-EN PRODUCCION;N;0.00;0;0;0;0;00:00;00:00;177;8.000;02P-26;FALSO;0.00;2.10;J1568;ROSAEDGA
31;CONTROL CALIDAD TONO;3.60;Y4112;REV-020;29/08/2026 05:23:51;29/08/2026 05:23:51;431APQ;WASHED POWDER PUFF VINCE MENS 17861 SPRING27;126.52;;R05;126.52;N;;JE005408;JERSEY SOLIDO / 20/1COTTON/ CLAROS (DESGASTEPRENDA);7;0.00;NORMAL;VINCE;VNC-814;T-EN ALMACEN TENIDO;N;0.00;0;0;0;0;00:00;00:00;177;10.000;;FALSO;0.00;0.00;I9220;ROSAEDGA
31;CONTROL CALIDAD TONO;3.10;Y4968;REV-020;29/08/2026 05:29:02;29/08/2026 05:29:02;L00BDA;TIDEWATER / H. GREY VINCE MENS 17871 SP27;579.37;;R05;579.37;N;;MS000204;FLAT BACK PIQUE SUEDED(BACK)/30/1COTT+20NYLON/315AW/CLAROS;26;0.00;NORMAL;VINCE;VNC-816;E-EN PRODUCCION;N;0.00;0;0;0;0;00:00;00:00;177;10.000;46615;FALSO;0.00;0.00;I9217;ROSAEDGA
31;CONTROL CALIDAD TONO;2.60;Y4768;REV-020;29/08/2026 07:56:08;29/08/2026 07:56:08;631AYU;AZUL 15-4415TCX   TEXT HEAWOOK 8778;281.20;;R05;281.20;N;;SE004776;RIB 2X1 LYCRADO 30/1 20 ALGODON 95%SPANDEX 5%DENSI;14;0.00;NORMAL;THT EXPORT SAC;;D-DESPACHADA;N;0.00;0;0;0;0;00:00;00:00;177;8.000;;FALSO;0.00;0.00;;RSIMONS
31;CONTROL CALIDAD TONO;3.60;Y4266;REV-020;29/08/2026 11:35:57;29/08/2026 11:35:57;633DLW;DARK NAVY FORTY SEVEN 15305;42.26;;R05;42.26;N;;JE004848;JERSEY FLAMÉ 24/1 TC - OSCUROS;2;0.00;NORMAL;FORTY SEVEN;FSE-1223;T-EN ALMACEN TENIDO;N;0.00;0;0;0;0;00:00;00:00;177;10.000;JA AU107;FALSO;0.00;3.72;J0417;RSIMONS
31;CONTROL CALIDAD TONO;3.60;Y5458;REV-020;29/08/2026 11:36:19;29/08/2026 11:36:19;B00389;ARTIC WHITE VARISTY 15318 SP23;467.48;;R05;467.48;N;;JE005381;JERSEY FLAME (20/1 FLAME CO + 20/1 CO) - C/BLANCO Y CLAROS;19;0.00;NORMAL;VARSITY;VAR-298;T-EN ALMACEN TENIDO;N;0.00;0;0;0;0;00:00;00:00;177;8.000;LOTE- JA AU107 / JA;FALSO;0.00;3.42;I9735;RSIMONS
31;CONTROL CALIDAD TONO;2.60;Y5459;REV-020;29/08/2026 11:36:19;29/08/2026 11:36:19;B00389;ARTIC WHITE VARISTY 15318 SP23;6.80;;R05;6.80;N;;CD000112;"CORDON TRENZADO PLANO 1/2"" 30/1 TP X 7 CABOS";1;0.00;NORMAL;VARSITY;VAR-298;T-EN ALMACEN TENIDO;N;0.00;0;0;0;0;00:00;00:00;177;8.000;LOTE -  JA AU106 //;FALSO;0.00;0.00;I9737;RSIMONS
31;CONTROL CALIDAD TONO;3.60;Y5457;REV-020;29/08/2026 11:36:19;29/08/2026 11:36:19;B00389;ARTIC WHITE VARISTY 15318 SP23;72.86;;R05;72.86;N;;JE005381;JERSEY FLAME (20/1 FLAME CO + 20/1 CO) - C/BLANCO Y CLAROS;3;0.00;NORMAL;VARSITY;VAR-298;T-EN ALMACEN TENIDO;N;0.00;0;0;0;0;00:00;00:00;177;8.000;LOTE-  JA AU107 /  J;FALSO;0.00;0.00;I9735;RSIMONS
31;CONTROL CALIDAD TONO;2.10;Y5391;REV-020;29/08/2026 12:09:52;29/08/2026 12:09:52;111B6N;WHITE  ROLLER RABBIT 1722;525.58;;R05;525.58;N;;IN000229;INTERLOCK ESTAMPADO PIGMENTO FULL COBERTURA 50/1 NE;26;0.00;NORMAL;ROLLER RABBIT;RRT-012F;E-EN PRODUCCION;N;0.00;0;0;0;0;00:00;00:00;177;8.000;02P-26;FALSO;0.00;2.10;J1569;RSIMONS
31;CONTROL CALIDAD TONO;3.60;Y4236;REV-020;29/08/2026 13:45:12;29/08/2026 13:45:12;N33BBI;BLACK 19-0303 TCX FORTY SEVEN 17840;703.23;;R05;703.23;N;;JE005298;JERSEY 30/1 CT 100% ALGODON - OSCUROS Y MEDIOS;32;0.00;NORMAL;FORTY SEVEN;FSE-1221;T-EN ALMACEN TENIDO;N;0.00;0;0;0;0;00:00;00:00;177;8.000;JA AU107;FALSO;0.00;3.32;J0208;ROSAEDGA
31;CONTROL CALIDAD TONO;2.10;Y5080;REV-020;29/08/2026 16:34:25;29/08/2026 16:34:25;111B6N;WHITE  ROLLER RABBIT 1722;447.78;;R05;447.78;N;;IN000229;INTERLOCK ESTAMPADO PIGMENTO FULL COBERTURA 50/1 NE;22;0.00;NORMAL;ROLLER RABBIT;RRT-012G;T-EN ALMACEN TENIDO;N;0.00;0;0;0;0;00:00;00:00;177;8.000;02P-26;FALSO;0.00;3.32;J1555;RSIMONS
31;CONTROL CALIDAD TONO;3.60;Y4948;REV-020;29/08/2026 16:35:06;29/08/2026 16:35:06;633DRR;GLACIER BLUE FORTY SEVEN 18305;184.88;;R05;184.88;N;;JE004848;JERSEY FLAMÉ 24/1 TC - OSCUROS;8;0.00;NORMAL;FORTY SEVEN;FSE-1223;E-EN PRODUCCION;N;0.00;0;0;0;0;00:00;00:00;177;10.000;JA AU107;FALSO;0.00;3.72;J0417;RSIMONS
31;CONTROL CALIDAD TONO;3.60;Y4841;REV-020;29/08/2026 17:20:57;29/08/2026 17:20:57;111BAD;POLAR WHITE FORTY SEVEN 13694;446.75;;R05;446.75;N;;JE005309;JERSEY 30/1 CT 100% ALGODON - COLORES CLAROS Y BLANCO;21;0.00;NORMAL;FORTY SEVEN;FSE-1228;T-EN ALMACEN TENIDO;N;0.00;0;0;0;0;00:00;00:00;177;9.000;JA AU107;FALSO;0.00;0.00;J1169;RSIMONS
31;CONTROL CALIDAD TONO;2.60;Y5174;REV-020;29/08/2026 17:21:15;29/08/2026 17:21:15;931C8A;SANDSTONE FORTY SEVEN 17472;690.19;;R05;648.40;N;;JE005296;JERSEYSOLIDO 18/1 - OPEN END / SOLO PARA BLANCO;31;0.00;NORMAL;FORTY SEVEN;FSE-1256;T-EN ALMACEN TENIDO;N;0.00;0;0;0;0;00:00;00:00;177;10.000;VS050;FALSO;0.00;0.00;J1537;RSIMONS
31;CONTROL CALIDAD TONO;1.60;Y5174;REV-020;29/08/2026 17:21:15;29/08/2026 17:21:15;931C8A;SANDSTONE FORTY SEVEN 17472;690.19;;R05;41.79;N;;JE005296;JERSEYSOLIDO 18/1 - OPEN END / SOLO PARA BLANCO;31;0.00;NORMAL;FORTY SEVEN;FSE-1256;T-EN ALMACEN TENIDO;N;0.00;0;0;0;0;00:00;00:00;177;10.000;VS050;FALSO;0.00;0.00;J1537;RSIMONS
31;CONTROL CALIDAD TONO;4.60;Y2763;REV-020;29/08/2026 17:21:34;29/08/2026 17:21:34;N72106;QUIETSHADE/ WHITE  TRAVIS MATHEW 10795 F/H2017;380.74;;R05;380.74;N;;IN000125;INTERLOCK OXFORD SANFORIZADO C/CLAROS - TEÑIDO 2 F;19;0.00;NORMAL;TRAVIS MATHEW;TMW-2314;E-EN PRODUCCION;N;0.00;0;0;0;0;00:00;00:00;177;7.000;JA PA48;FALSO;0.00;0.00;I9224;RSIMONS
31;CONTROL CALIDAD TONO;3.60;Y4743;REV-020;29/08/2026 23:33:25;29/08/2026 23:33:25;631B00;TIDE WATER VINCE MENS 17864 SP27;135.24;;R05;135.24;N;;JE003190;JERSEY 40/1 P. PIMA  C/CLARO 1% ANTIP 135 A/W;6;0.00;NORMAL;VINCE;VNC-813;E-EN PRODUCCION;N;0.00;0;0;0;0;00:00;00:00;177;10.000;;FALSO;0.00;0.00;I9203;ROSAEDGA
31;CONTROL CALIDAD TONO;3.60;Y4842;REV-020;29/08/2026 23:33:44;29/08/2026 23:33:44;111BAD;POLAR WHITE FORTY SEVEN 13694;446.60;;R05;446.60;N;;JE005309;JERSEY 30/1 CT 100% ALGODON - COLORES CLAROS Y BLANCO;21;0.00;NORMAL;FORTY SEVEN;FSE-1228;T-EN ALMACEN TENIDO;N;0.00;0;0;0;0;00:00;00:00;177;9.000;JA AU107;FALSO;0.00;4.00;J1169;ROSAEDGA
31;CONTROL CALIDAD TONO;3.60;Y3202;REV-020;29/08/2026 23:34:04;29/08/2026 23:34:04;111688;BLANCO T.SUR;443.81;;R05;443.81;N;;JE004456;JERSEY 30/1-100% ALGODON ACABADO ABIERTO /CLAROS;23;0.00;NORMAL;TEXTILES DEL SUR S.A.;;E-EN PRODUCCION;N;0.00;0;0;0;0;00:00;00:00;177;8.000;JA AU106;FALSO;0.00;0.00;;ROSAEDGA
31;CONTROL CALIDAD TONO;3.60;Y3203;REV-020;30/08/2026 02:15:31;30/08/2026 02:15:31;111688;BLANCO T.SUR;443.17;;R05;443.17;N;;JE004456;JERSEY 30/1-100% ALGODON ACABADO ABIERTO /CLAROS;23;0.00;NORMAL;TEXTILES DEL SUR S.A.;;E-EN PRODUCCION;N;0.00;0;0;0;0;00:00;00:00;177;8.000;JA AU106;FALSO;0.00;0.00;;ROSAEDGA
31;CONTROL CALIDAD TONO;3.60;Y5141;REV-020;30/08/2026 03:25:43;30/08/2026 03:25:43;931C8X;OFF WHITE VINCE WOMENS 17561 F26;675.26;;R05;675.26;N;;FT000313;FRENCH TERRY 3 HILOS -30/1 PP + 10/1 TC - CLAROS;26;0.00;NORMAL;VINCE WOMENS;VCW-662;T-EN ALMACEN TENIDO;N;0.00;0;0;0;0;00:00;00:00;177;8.000;JA PA53;FALSO;0.00;3.97;I8959;ROSAEDGA
31;CONTROL CALIDAD TONO;2.60;Y5426;REV-020;30/08/2026 03:25:43;30/08/2026 03:25:43;931C8X;OFF WHITE VINCE WOMENS 17561 F26;1.24;;R05;1.24;N;;CT000061;"CINTA BORLON 3/8"" - 100% COTTON / COD.P-13#8 / PROV:ARACNE";1;0.00;NORMAL;VINCE WOMENS;VCW-662;T-EN ALMACEN TENIDO;N;0.00;0;0;0;0;00:00;00:00;177;8.000;CT000061;FALSO;0.00;0.00;I8959;ROSAEDGA
31;CONTROL CALIDAD TONO;3.60;Y4407;REV-020;30/08/2026 04:10:09;30/08/2026 04:10:09;N33BBI;BLACK 19-0303 TCX FORTY SEVEN 17840;538.00;;R05;538.00;N;;JE005298;JERSEY 30/1 CT 100% ALGODON - OSCUROS Y MEDIOS;25;0.00;NORMAL;FORTY SEVEN;FSE-1228;T-EN ALMACEN TENIDO;N;0.00;0;0;0;0;00:00;00:00;177;6.000;TAU-31;FALSO;0.00;3.32;J1174;CACHILUI
31;CONTROL CALIDAD TONO;5.11;Y2406;REV-020;30/08/2026 04:36:48;30/08/2026 04:36:48;631AZ5;ATOMIZER 14-4514 TPG ROLLER RABBIT 17228;110.76;;R01;110.76;S;;IN000252;INTERLOCK SOLIDO 40/1 PIMA MODAL 50/50 - 225 AW;6;0.00;MATIZADO;ROLLER RABBIT;RRT-017;T-EN ALMACEN TENIDO;N;0.00;0;0;0;0;00:00;00:00;177;10.000;PA54 M65;FALSO;0.00;0.00;I9053;ROSAEDGA
31;CONTROL CALIDAD TONO;4.60;Y5403;REV-020;30/08/2026 04:37:26;30/08/2026 04:37:26;111B0Z;WHITE VINCE WOMENS 16463 PREFALL25;104.88;;R05;104.88;N;;JE002933;JERSEY 40/1 PIMA/MODAL 50/50 - CLAROS;6;0.00;NORMAL;VINCE WOMENS;VCW-665;E-EN PRODUCCION;N;0.00;0;0;0;0;00:00;00:00;177;9.000;PA48 M64;FALSO;0.00;3.37;I8970;ROSAEDGA
31;CONTROL CALIDAD TONO;4.60;Y5404;REV-020;30/08/2026 04:37:26;30/08/2026 04:37:26;111B0Z;WHITE VINCE WOMENS 16463 PREFALL25;91.42;;R05;91.42;N;;JE002933;JERSEY 40/1 PIMA/MODAL 50/50 - CLAROS;5;0.00;NORMAL;VINCE WOMENS;VCW-665;E-EN PRODUCCION;N;0.00;0;0;0;0;00:00;00:00;177;9.000;PA48-M64;FALSO;0.00;3.37;I8970;ROSAEDGA
31;CONTROL CALIDAD TONO;4.60;Y5400;REV-020;30/08/2026 04:37:26;30/08/2026 04:37:26;111B0Z;WHITE VINCE WOMENS 16463 PREFALL25;202.84;;R05;202.84;N;;JE002933;JERSEY 40/1 PIMA/MODAL 50/50 - CLAROS;11;0.00;NORMAL;VINCE WOMENS;VCW-665;E-EN PRODUCCION;N;0.00;0;0;0;0;00:00;00:00;177;9.000;PIP27 M67;FALSO;0.00;3.37;I8970;ROSAEDGA
31;CONTROL CALIDAD TONO;3.60;Y5637;REV-020;30/08/2026 10:54:05;30/08/2026 10:54:05;931CEE;SANDSTONE 12-4302 TCX  FORTY SEVEN 17840;464.30;;R05;464.30;N;;JE005309;JERSEY 30/1 CT 100% ALGODON - COLORES CLAROS Y BLANCO;24;0.00;NORMAL;FORTY SEVEN;FSE-1228;D-DESPACHADA;N;0.00;0;0;0;0;00:00;00:00;177;8.000;JA AU107;FALSO;0.00;0.00;J1174;RSIMONS
31;CONTROL CALIDAD TONO;3.60;Y5638;REV-020;30/08/2026 10:54:05;30/08/2026 10:54:05;931CEE;SANDSTONE 12-4302 TCX  FORTY SEVEN 17840;229.00;;R05;207.00;N;;JE005309;JERSEY 30/1 CT 100% ALGODON - COLORES CLAROS Y BLANCO;11;0.00;NORMAL;FORTY SEVEN;FSE-1228;T-EN ALMACEN TENIDO;N;0.00;0;0;0;0;00:00;00:00;177;8.000;JA AU107;FALSO;0.00;0.00;J1171;RSIMONS
31;CONTROL CALIDAD TONO;2.10;Y5754;REV-020;30/08/2026 10:56:27;30/08/2026 10:56:27;111B6N;WHITE  ROLLER RABBIT 1722;511.94;;R05;511.94;N;;IN000229;INTERLOCK ESTAMPADO PIGMENTO FULL COBERTURA 50/1 NE;26;0.00;NORMAL;ROLLER RABBIT;RRT-012F;E-EN PRODUCCION;N;0.00;0;0;0;0;00:00;00:00;177;8.000;02P-26;FALSO;0.00;2.15;J1567;RSIMONS
31;CONTROL CALIDAD TONO;4.10;Y4969;REV-020;30/08/2026 12:27:29;30/08/2026 12:27:29;L00BDA;TIDEWATER / H. GREY VINCE MENS 17871 SP27;441.16;;R05;402.22;N;;MS000204;FLAT BACK PIQUE SUEDED(BACK)/30/1COTT+20NYLON/315AW/CLAROS;20;0.00;NORMAL;VINCE;VNC-816;E-EN PRODUCCION;N;0.00;0;0;0;0;00:00;00:00;177;10.000;46617;FALSO;0.00;0.00;I9217;RSIMONS
31;CONTROL CALIDAD TONO;3.60;Y4744;REV-020;30/08/2026 14:54:04;30/08/2026 14:54:04;6329VA;STONEWASH VINCE MENS 17864 SP27;124.34;;R05;124.34;N;;JE003190;JERSEY 40/1 P. PIMA  C/CLARO 1% ANTIP 135 A/W;5;0.00;NORMAL;VINCE;VNC-813;E-EN PRODUCCION;N;0.00;0;0;0;0;00:00;00:00;177;10.000;;FALSO;0.00;0.00;I9204;RSIMONS
31;CONTROL CALIDAD TONO;3.60;Y5394;REV-020;30/08/2026 15:02:26;30/08/2026 15:02:26;111B6N;WHITE  ROLLER RABBIT 1722;5.42;;R05;5.42;N;;IN000232;INTERLOCK SOLIDO 50/1 PP - COMPLEMENTO;1;0.00;NORMAL;ROLLER RABBIT;RRT-012F;E-EN PRODUCCION;N;0.00;0;0;0;0;00:00;00:00;177;8.000;02P-26;FALSO;0.00;3.62;J1572;RSIMONS
31;CONTROL CALIDAD TONO;2.60;Y5395;REV-020;30/08/2026 15:02:32;30/08/2026 15:02:32;111B6N;WHITE  ROLLER RABBIT 1722;28.10;;R05;28.10;N;;RI002964;RIB 1X1 40/1 PP - COMPLEMENTO;2;0.00;NORMAL;ROLLER RABBIT;RRT-012F;E-EN PRODUCCION;N;0.00;0;0;0;0;00:00;00:00;177;8.000;JA PA48;FALSO;0.00;3.42;J1572;RSIMONS
31;CONTROL CALIDAD TONO;2.10;Y5393;REV-020;30/08/2026 15:02:37;30/08/2026 15:02:37;111B6N;WHITE  ROLLER RABBIT 1722;311.26;;R05;311.26;N;;IN000229;INTERLOCK ESTAMPADO PIGMENTO FULL COBERTURA 50/1 NE;16;0.00;NORMAL;ROLLER RABBIT;RRT-012F;E-EN PRODUCCION;N;0.00;0;0;0;0;00:00;00:00;177;8.000;02P-26;FALSO;0.00;3.32;J1572;RSIMONS
31;CONTROL CALIDAD TONO;3.60;Y5312;REV-020;31/08/2026 07:18:18;31/08/2026 07:18:18;6329L4;MARINE BLUE-DISCHARGE VARSITY 15318 SP23;545.06;;R05;545.06;N;;JE005382;JERSEY FLAME (20/1 FLAME CO + 20/1 CO) - C/OSCUROS;24;0.00;NORMAL;VARSITY;VAR-298;T-EN ALMACEN TENIDO;N;0.00;0;0;0;0;00:00;00:00;177;6.000;JA AU107;FALSO;0.00;3.29;I9735;ROSAEDGA
31;CONTROL CALIDAD TONO;3.60;Y5759;REV-020;31/08/2026 07:18:39;31/08/2026 07:18:39;931CEE;SANDSTONE 12-4302 TCX  FORTY SEVEN 17840;87.96;;R05;66.40;N;;JE005309;JERSEY 30/1 CT 100% ALGODON - COLORES CLAROS Y BLANCO;4;0.00;NORMAL;FORTY SEVEN;FSE-1252;T-EN ALMACEN TENIDO;N;0.00;0;0;0;0;00:00;00:00;177;8.000;JA AU107;FALSO;0.00;4.00;J1663;ROSAEDGA
31;CONTROL CALIDAD TONO;3.60;Y5758;REV-020;31/08/2026 07:18:39;31/08/2026 07:18:39;931CEE;SANDSTONE 12-4302 TCX  FORTY SEVEN 17840;643.22;;R05;643.22;N;;JE005309;JERSEY 30/1 CT 100% ALGODON - COLORES CLAROS Y BLANCO;32;0.00;NORMAL;FORTY SEVEN;FSE-1252;T-EN ALMACEN TENIDO;N;0.00;0;0;0;0;00:00;00:00;177;8.000;JA AU107;FALSO;0.00;4.00;J1663;ROSAEDGA
31;CONTROL CALIDAD TONO;3.60;Y4127;REV-020;31/08/2026 07:19:27;31/08/2026 07:19:27;433BLM;HIBISCUS 18-1762 TCX ROLLER RABBIT 17225;92.14;;R05;92.14;N;;IN000232;INTERLOCK SOLIDO 50/1 PP - COMPLEMENTO;5;0.00;NORMAL;ROLLER RABBIT;RRT-012E;E-EN PRODUCCION;N;0.00;0;0;0;0;00:00;00:00;177;9.000;JA PIP-27;FALSO;0.00;3.62;I9756;ROSAEDGA
31;CONTROL CALIDAD TONO;3.60;Y1947;REV-020;31/08/2026 07:19:58;31/08/2026 07:19:58;7319US;DOUGH HTR BILLY DRADY  17835;401.10;;R05;318.92;N;;MS000169;DOBLE FACE ROMBO ACOLCHADO(CLAROS) 30/1POLYC 65/35+70/24 NYLON;9;0.00;NORMAL;BILLY  DRADDY;BDR-265B;E-EN PRODUCCION;N;0.00;0;0;0;0;00:00;00:00;177;7.000;TAU29 GPB1;FALSO;0.00;0.00;I8799;ROSAEDGA
31;CONTROL CALIDAD TONO;4.60;Y1947;REV-020;31/08/2026 07:19:59;31/08/2026 07:19:59;7319US;DOUGH HTR BILLY DRADY  17835;401.10;;R05;82.18;N;;MS000169;DOBLE FACE ROMBO ACOLCHADO(CLAROS) 30/1POLYC 65/35+70/24 NYLON;9;0.00;NORMAL;BILLY  DRADDY;BDR-265B;E-EN PRODUCCION;N;0.00;0;0;0;0;00:00;00:00;177;7.000;TAU29 GPB1;FALSO;0.00;0.00;I8799;ROSAEDGA
31;CONTROL CALIDAD TONO;3.60;Y4117;REV-020;31/08/2026 09:18:32;31/08/2026 09:18:32;N33BBV;WASHED BLACK VINCE MENS 17861 SPRING27;574.69;;R05;574.69;N;;JE005267;JERSEY SOLIDO / 20/1COTTON/ OSCUROS(DESGASTEPRENDA);28;0.00;NORMAL;VINCE;VNC-814;E-EN PRODUCCION;N;0.00;0;0;0;0;00:00;00:00;177;10.000;JA AU107;FALSO;0.00;3.97;I9220;ROSAEDGA
31;CONTROL CALIDAD TONO;3.10;Y5594;REV-020;31/08/2026 12:10:52;31/08/2026 12:10:52;L00BAK;RED OCHRE COMBO VINCE MENS 176888 PREFALL26;158.46;;R05;158.46;N;;RI003096;RIB 1X1 FEEDSTRIPE / 28/1PP / 215BW;8;0.00;NORMAL;VINCE WOMENS;VCW-669;E-EN PRODUCCION;N;0.00;0;0;0;0;00:00;00:00;177;10.000;46825;FALSO;0.00;0.00;I8922;ROSAEDGA
31;CONTROL CALIDAD TONO;3.10;Y5593;REV-020;31/08/2026 12:10:52;31/08/2026 12:10:52;L00BAK;RED OCHRE COMBO VINCE MENS 176888 PREFALL26;293.52;;R05;293.52;N;;RI003096;RIB 1X1 FEEDSTRIPE / 28/1PP / 215BW;15;0.00;NORMAL;VINCE WOMENS;VCW-669;E-EN PRODUCCION;N;0.00;0;0;0;0;00:00;00:00;177;10.000;;FALSO;0.00;0.00;I8922;ROSAEDGA
31;CONTROL CALIDAD TONO;3.60;Y4493;REV-020;31/08/2026 15:05:34;31/08/2026 15:05:34;633D10;COASTAL  VINCE WOMENS FT313 PREFALL25;655.80;;R05;655.80;N;;FT000314;FRENCH TERRY 3 HILOS -30/1 PP + 10/1 TC - OSCUROS;29;0.00;NORMAL;VINCE WOMENS;VCW-662;E-EN PRODUCCION;N;0.00;0;0;0;0;00:00;00:00;177;9.000;R-JA PA53;FALSO;0.00;0.00;I8961;CACHILUI
31;CONTROL CALIDAD TONO;3.60;Y4745;REV-020;31/08/2026 16:00:24;31/08/2026 16:00:24;7319V0;MOUNT DUME VINCE MENS 17864 SP27;125.04;;R05;125.04;N;;JE003190;JERSEY 40/1 P. PIMA  C/CLARO 1% ANTIP 135 A/W;5;0.00;NORMAL;VINCE;VNC-813;E-EN PRODUCCION;N;0.00;0;0;0;0;00:00;00:00;177;10.000;;FALSO;0.00;0.00;I9203;ROSAEDGA
31;CONTROL CALIDAD TONO;3.60;Y1949;REV-020;31/08/2026 16:40:50;31/08/2026 16:40:50;931C4U;VINTAGE  BILLY DRADDY 17239  FALL26;551.88;;R05;437.54;N;;MS000169;DOBLE FACE ROMBO ACOLCHADO(CLAROS) 30/1POLYC 65/35+70/24 NYLON;12;0.00;NORMAL;BILLY  DRADDY;BDR-265B;T-EN ALMACEN TENIDO;N;0.00;0;0;0;0;00:00;00:00;177;6.000;TAU29 GPB1;FALSO;0.00;0.00;I8800;ROSAEDGA
31;CONTROL CALIDAD TONO;4.60;Y1949;REV-020;31/08/2026 16:40:50;31/08/2026 16:40:50;931C4U;VINTAGE  BILLY DRADDY 17239  FALL26;551.88;;R05;114.34;N;;MS000169;DOBLE FACE ROMBO ACOLCHADO(CLAROS) 30/1POLYC 65/35+70/24 NYLON;12;0.00;NORMAL;BILLY  DRADDY;BDR-265B;T-EN ALMACEN TENIDO;N;0.00;0;0;0;0;00:00;00:00;177;6.000;TAU29 GPB1;FALSO;0.00;0.00;I8800;ROSAEDGA
31;CONTROL CALIDAD TONO;3.60;Y4037;REV-020;31/08/2026 17:36:53;31/08/2026 17:36:53;B00399;OYSTER  80/20 VARSITY 15493;304.98;;R05;304.98;N;;JE005383;JERSEY FLAME 20/1 GREY MELANGE 80/20;12;0.00;NORMAL;VARSITY;VAR-298;T-EN ALMACEN TENIDO;N;0.00;0;0;0;0;00:00;00:00;177;9.000;H000573;FALSO;0.00;3.72;I9740;ROSAEDGA
31;CONTROL CALIDAD TONO;2.60;Y5220;REV-020;31/08/2026 18:18:33;31/08/2026 18:18:33;6329NZ;MARINA BLUE STANDARD VARSITY 16086 SP23;7.22;;R05;7.22;N;;CD000116;"CORDON TRENZADO TUBULAR 5/8"" 100% COTTON 24/1 COD:1909 ARACNE";1;0.00;NORMAL;VARSITY;VAR-299;E-EN PRODUCCION;N;0.00;0;0;0;0;00:00;00:00;177;6.000;LOTE  -  JA AU106;FALSO;0.00;0.00;I9741;RSIMONS
31;CONTROL CALIDAD TONO;4.60;Y5649;REV-020;31/08/2026 18:18:33;31/08/2026 18:18:33;6329NZ;MARINA BLUE STANDARD VARSITY 16086 SP23;205.99;;R05;205.99;N;;FT000406;FRENCH TERRY 2 HILOS DIAGONAL CALADO 1-1 (X2 CABOS) - OSCUROS;11;0.00;NORMAL;VARSITY;VAR-299;T-EN ALMACEN TENIDO;N;0.00;0;0;0;0;00:00;00:00;177;6.000;LOTE  -  VS084  // J;FALSO;0.00;2.59;I9741;RSIMONS
31;CONTROL CALIDAD TONO;4.60;Y5650;REV-020;31/08/2026 18:18:34;31/08/2026 18:18:34;6329NZ;MARINA BLUE STANDARD VARSITY 16086 SP23;302.18;;R05;214.24;N;;FT000406;FRENCH TERRY 2 HILOS DIAGONAL CALADO 1-1 (X2 CABOS) - OSCUROS;11;0.00;NORMAL;VARSITY;VAR-299;T-EN ALMACEN TENIDO;N;0.00;0;0;0;0;00:00;00:00;177;6.000;JA AU107;FALSO;0.00;2.59;I9741;RSIMONS
31;CONTROL CALIDAD TONO;3.60;Y5780;REV-020;31/08/2026 22:42:51;31/08/2026 22:42:51;B00004;BLANQUEO PARA PIGMENTAR;467.76;;R05;467.76;N;;JE002855;JERSEY SOLIDO 30/1 BLANQUEO;23;0.00;NORMAL;BILLY  DRADDY;BDR-280;T-EN ALMACEN TENIDO;N;0.00;0;0;0;0;00:00;00:00;177;10.000;JA PIP-27;FALSO;0.00;2.40;I9764;RSIMONS
31;CONTROL CALIDAD TONO;3.60;Y4525;REV-020;31/08/2026 23:48:05;31/08/2026 23:48:05;111B92;OPTIC WHITE   VINCE WOMENS 17401 PREFALL26;522.22;;R05;522.22;N;;IN000242;INTERLOCK SOLIDO / 50/1PP / 185BW / CLAROS;24;0.00;NORMAL;VINCE WOMENS;VCW-663;E-EN PRODUCCION;N;0.00;0;0;0;0;00:00;00:00;177;8.000;02P-26;FALSO;0.00;3.82;I8967;RSIMONS
31;CONTROL CALIDAD TONO;3.60;Y4275;REV-020;31/08/2026 23:51:46;31/08/2026 23:51:46;9339KC;DARK MAROON FORTY SEVEN 15305;42.32;;R05;42.32;N;;JE004848;JERSEY FLAMÉ 24/1 TC - OSCUROS;2;0.00;NORMAL;FORTY SEVEN;FSE-1223;E-EN PRODUCCION;N;0.00;0;0;0;0;00:00;00:00;177;10.000;JA AU107;FALSO;0.00;3.72;J0417;RSIMONS
31;CONTROL CALIDAD TONO;2.60;Y5422;REV-020;1/09/2026 00:06:12;1/09/2026 00:06:12;6739CS;TRUE NAVY  COFACO 8897;631.50;;R05;631.50;N;;SE004986;JERSEY 40/1 VORTEX ORG PIMA/LYOCELL;26;0.00;NORMAL;COFACO INDUSTRIES S.A.C.;;T-EN ALMACEN TENIDO;N;0.00;0;0;0;0;00:00;00:00;177;10.000;;FALSO;0.00;0.00;;RSIMONS
31;CONTROL CALIDAD TONO;3.60;Y4386;REV-020;1/09/2026 00:07:04;1/09/2026 00:07:04;332754;VIBRANT ORANGE 15-1264 TCX FORTY SEVEN 17840;100.19;;R05;100.19;N;;JE005309;JERSEY 30/1 CT 100% ALGODON - COLORES CLAROS Y BLANCO;5;0.00;NORMAL;FORTY SEVEN;FSE-1228;T-EN ALMACEN TENIDO;N;0.00;0;0;0;0;00:00;00:00;177;9.000;JA AU107;FALSO;0.00;0.00;J1171;RSIMONS
31;CONTROL CALIDAD TONO;3.60;Y5760;REV-020;1/09/2026 00:29:20;1/09/2026 00:29:20;931AWO;WHITE WASH MISMO DE LA CARTA 14186 FORTY SEVEN 141;372.90;;R05;372.90;N;;JE004635;JERSEY 36/1 TC 135GR/M2 A/W C/CLAROS;19;0.00;NORMAL;FORTY SEVEN;FSE-1233;D-DESPACHADA;N;0.00;0;0;0;0;00:00;00:00;177;10.000;;FALSO;0.00;3.72;I9873;RSIMONS
31;CONTROL CALIDAD TONO;3.60;Y5761;REV-020;1/09/2026 00:29:20;1/09/2026 00:29:20;931AWO;WHITE WASH MISMO DE LA CARTA 14186 FORTY SEVEN 141;204.68;;R05;204.68;N;;JE004635;JERSEY 36/1 TC 135GR/M2 A/W C/CLAROS;10;0.00;NORMAL;FORTY SEVEN;FSE-1233;D-DESPACHADA;N;0.00;0;0;0;0;00:00;00:00;177;10.000;JA AU107;FALSO;0.00;3.72;I9873;RSIMONS
31;CONTROL CALIDAD TONO;3.60;Y4408;REV-020;1/09/2026 03:43:36;1/09/2026 03:43:36;N33BBI;BLACK 19-0303 TCX FORTY SEVEN 17840;537.14;;R05;537.14;N;;JE005298;JERSEY 30/1 CT 100% ALGODON - OSCUROS Y MEDIOS;25;0.00;NORMAL;FORTY SEVEN;FSE-1228;T-EN ALMACEN TENIDO;N;0.00;0;0;0;0;00:00;00:00;177;6.000;TAU-31;FALSO;0.00;3.32;J1174;RSIMONS
31;CONTROL CALIDAD TONO;3.60;Y4746;REV-020;1/09/2026 03:45:01;1/09/2026 03:45:01;N319N7;VAPOR VINCE MENS 17864 SP27;113.82;;R05;113.82;N;;JE003190;JERSEY 40/1 P. PIMA  C/CLARO 1% ANTIP 135 A/W;5;0.00;NORMAL;VINCE;VNC-813;E-EN PRODUCCION;N;0.00;0;0;0;0;00:00;00:00;177;10.000;;FALSO;0.00;0.00;I9202;RSIMONS
31;CONTROL CALIDAD TONO;3.60;Y5781;REV-020;1/09/2026 03:47:09;1/09/2026 03:47:09;B00004;BLANQUEO PARA PIGMENTAR;413.92;;R05;413.92;N;;JE002855;JERSEY SOLIDO 30/1 BLANQUEO;20;0.00;NORMAL;BILLY  DRADDY;BDR-280;T-EN ALMACEN TENIDO;N;0.00;0;0;0;0;00:00;00:00;177;10.000;JA PIP-27;FALSO;0.00;2.40;I9765;RSIMONS
31;CONTROL CALIDAD TONO;2.60;Y5427;REV-020;1/09/2026 05:18:08;1/09/2026 05:18:08;931C8X;OFF WHITE VINCE WOMENS 17561 F26;0.38;;R05;0.38;N;;CT000061;"CINTA BORLON 3/8"" - 100% COTTON / COD.P-13#8 / PROV:ARACNE";1;0.00;NORMAL;VINCE WOMENS;VCW-662;E-EN PRODUCCION;N;0.00;0;0;0;0;00:00;00:00;177;8.000;CT000061;FALSO;0.00;0.00;I8959;RSIMONS
31;CONTROL CALIDAD TONO;3.60;Y5143;REV-020;1/09/2026 05:18:08;1/09/2026 05:18:08;931C8X;OFF WHITE VINCE WOMENS 17561 F26;680.74;;R05;680.74;N;;FT000313;FRENCH TERRY 3 HILOS -30/1 PP + 10/1 TC - CLAROS;30;0.00;NORMAL;VINCE WOMENS;VCW-662;T-EN ALMACEN TENIDO;N;0.00;0;0;0;0;00:00;00:00;177;8.000;JA PA53;FALSO;0.00;3.97;I8959;RSIMONS
31;CONTROL CALIDAD TONO;2.60;Y4653;REV-020;1/09/2026 05:18:27;1/09/2026 05:18:27;633DOZ;NAVY  CARMELITA 8845;204.85;;R05;186.00;N;;SE004894;INTERLOCK 50/1 PP;8;0.00;NORMAL;TEXTIL CARMELITA SAC;;E-EN PRODUCCION;N;0.00;0;0;0;0;00:00;00:00;177;10.000;;FALSO;0.00;0.00;;RSIMONS
31;CONTROL CALIDAD TONO;1.60;Y4653;REV-020;1/09/2026 05:18:28;1/09/2026 05:18:28;633DOZ;NAVY  CARMELITA 8845;204.85;;R05;18.85;N;;SE004894;INTERLOCK 50/1 PP;8;0.00;NORMAL;TEXTIL CARMELITA SAC;;E-EN PRODUCCION;N;0.00;0;0;0;0;00:00;00:00;177;10.000;;FALSO;0.00;0.00;;RSIMONS
31;CONTROL CALIDAD TONO;2.60;Y4232;REV-020;1/09/2026 05:18:46;1/09/2026 05:18:46;6329V0;LAKE TEXTILES HEAWOOK 8802;328.40;;R05;328.40;N;;SE003379;JERSEY 20/1 100% ALGODON;15;0.00;NORMAL;TEXTILES THT PERU S.A.C;;D-DESPACHADA;N;0.00;0;0;0;0;00:00;00:00;177;10.000;;FALSO;0.00;0.00;;RSIMONS
31;CONTROL CALIDAD TONO;2.60;Y4652;REV-020;1/09/2026 08:56:06;1/09/2026 08:56:06;111BC1;WHITE CARMELITA 8845;167.95;;R05;142.00;N;;SE004894;INTERLOCK 50/1 PP;6;0.00;NORMAL;TEXTIL CARMELITA SAC;;E-EN PRODUCCION;N;0.00;0;0;0;0;00:00;00:00;177;10.000;;FALSO;0.00;0.00;;CAZAOS
31;CONTROL CALIDAD TONO;1.60;Y4652;REV-020;1/09/2026 08:56:06;1/09/2026 08:56:06;111BC1;WHITE CARMELITA 8845;167.95;;R05;25.95;N;;SE004894;INTERLOCK 50/1 PP;6;0.00;NORMAL;TEXTIL CARMELITA SAC;;E-EN PRODUCCION;N;0.00;0;0;0;0;00:00;00:00;177;10.000;;FALSO;0.00;0.00;;CAZAOS
31;CONTROL CALIDAD TONO;4.60;Y3199;REV-020;1/09/2026 08:56:20;1/09/2026 08:56:20;931BD5;JAZMIN  TEXT SUR 7977;280.10;;R05;280.10;N;;PI000300;PIQUE LICRADO NE 30/1 ACABADO ABIERTO, COLORES CLAROS;14;0.00;NORMAL;TEXTILES DEL SUR S.A.;;E-EN PRODUCCION;N;0.00;0;0;0;0;00:00;00:00;177;10.000;JA AU106;FALSO;0.00;0.00;;CAZAOS
31;CONTROL CALIDAD TONO;3.60;Y5082;REV-020;1/09/2026 09:14:41;1/09/2026 09:14:41;111B6N;WHITE  ROLLER RABBIT 1722;20.26;;R05;20.26;N;;IN000232;INTERLOCK SOLIDO 50/1 PP - COMPLEMENTO;1;0.00;NORMAL;ROLLER RABBIT;RRT-012G;E-EN PRODUCCION;N;0.00;0;0;0;0;00:00;00:00;177;8.000;02P-26;FALSO;0.00;3.62;J1559;ALELOARTE
31;CONTROL CALIDAD TONO;2.60;Y5083;REV-020;1/09/2026 09:15:14;1/09/2026 09:15:14;111B6N;WHITE  ROLLER RABBIT 1722;22.85;;R05;22.85;N;;RI002964;RIB 1X1 40/1 PP - COMPLEMENTO;2;0.00;NORMAL;ROLLER RABBIT;RRT-012G;E-EN PRODUCCION;N;0.00;0;0;0;0;00:00;00:00;177;8.000;JA PA48;FALSO;0.00;3.42;J1559;ALELOARTE
31;CONTROL CALIDAD TONO;5.60;Y4077;REV-020;1/09/2026 09:42:11;1/09/2026 09:42:11;931BJM;VINTAGE WHITE STANDARD VARSITY 16086 SP23;505.76;;R05;364.32;N;;FT000407;FRENCH TERRY 2 HILOS DIAGONAL CALADO 1-1 (X2 CABOS) - CLAROS;18;0.00;NORMAL;VARSITY;VAR-299;T-EN ALMACEN TENIDO;N;0.00;0;0;0;0;00:00;00:00;177;6.000;LOTE -  VS084  //  J;FALSO;0.00;0.00;I9742;CAZAOS
31;CONTROL CALIDAD TONO;3.60;Y4077;REV-020;1/09/2026 09:42:11;1/09/2026 09:42:11;931BJM;VINTAGE WHITE STANDARD VARSITY 16086 SP23;505.76;;R05;141.44;N;;FT000407;FRENCH TERRY 2 HILOS DIAGONAL CALADO 1-1 (X2 CABOS) - CLAROS;18;0.00;NORMAL;VARSITY;VAR-299;T-EN ALMACEN TENIDO;N;0.00;0;0;0;0;00:00;00:00;177;6.000;LOTE -  VS084  //  J;FALSO;0.00;0.00;I9742;CAZAOS
31;CONTROL CALIDAD TONO;2.60;Y5424;REV-020;1/09/2026 12:20:02;1/09/2026 12:20:02;6739CS;TRUE NAVY  COFACO 8897;646.40;;R05;646.40;N;;SE004986;JERSEY 40/1 VORTEX ORG PIMA/LYOCELL;25;0.00;NORMAL;COFACO INDUSTRIES S.A.C.;;T-EN ALMACEN TENIDO;N;0.00;0;0;0;0;00:00;00:00;177;10.000;;FALSO;0.00;0.00;;IZALANDRE
31;CONTROL CALIDAD TONO;3.60;Y4411;REV-020;1/09/2026 12:20:27;1/09/2026 12:20:27;N33BBI;BLACK 19-0303 TCX FORTY SEVEN 17840;536.80;;R05;536.80;N;;JE005298;JERSEY 30/1 CT 100% ALGODON - OSCUROS Y MEDIOS;26;0.00;NORMAL;FORTY SEVEN;FSE-1228;E-EN PRODUCCION;N;0.00;0;0;0;0;00:00;00:00;177;6.000;TAU-31;FALSO;0.00;3.32;J1169;IZALANDRE
31;CONTROL CALIDAD TONO;3.60;Y4832;REV-020;1/09/2026 12:20:43;1/09/2026 12:20:43;931CEE;SANDSTONE 12-4302 TCX  FORTY SEVEN 17840;688.30;;R05;688.30;N;;JE005309;JERSEY 30/1 CT 100% ALGODON - COLORES CLAROS Y BLANCO;33;0.00;NORMAL;FORTY SEVEN;FSE-1228;T-EN ALMACEN TENIDO;N;0.00;0;0;0;0;00:00;00:00;177;8.000;JA AU107;FALSO;0.00;0.00;J1169;IZALANDRE
31;CONTROL CALIDAD TONO;4.60;Y4078;REV-020;1/09/2026 15:08:18;1/09/2026 15:08:18;931BJM;VINTAGE WHITE STANDARD VARSITY 16086 SP23;508.26;;R05;365.32;N;;FT000407;FRENCH TERRY 2 HILOS DIAGONAL CALADO 1-1 (X2 CABOS) - CLAROS;18;0.00;NORMAL;VARSITY;VAR-299;T-EN ALMACEN TENIDO;N;0.00;0;0;0;0;00:00;00:00;177;6.000;LOTE -  VS084  //  J;FALSO;0.00;0.00;I9742;IZALANDRE
31;CONTROL CALIDAD TONO;3.60;Y4078;REV-020;1/09/2026 15:08:18;1/09/2026 15:08:18;931BJM;VINTAGE WHITE STANDARD VARSITY 16086 SP23;508.26;;R05;142.94;N;;FT000407;FRENCH TERRY 2 HILOS DIAGONAL CALADO 1-1 (X2 CABOS) - CLAROS;18;0.00;NORMAL;VARSITY;VAR-299;T-EN ALMACEN TENIDO;N;0.00;0;0;0;0;00:00;00:00;177;6.000;LOTE -  VS084  //  J;FALSO;0.00;0.00;I9742;IZALANDRE
31;CONTROL CALIDAD TONO;2.60;Y5762;REV-020;1/09/2026 15:08:33;1/09/2026 15:08:33;111B56;BLANCO TEXTIL  SALAS;247.00;;R05;247.00;N;;SE004618;TOALLA DE BAÑO TANGUIS ANILLO 12/1;6;0.00;NORMAL;CORPORACION TEXTIL SALAS SAC;;D-DESPACHADA;N;0.00;0;0;0;0;00:00;00:00;177;10.000;;FALSO;0.00;0.00;;IZALANDRE
31;CONTROL CALIDAD TONO;3.60;Y5650;REV-020;1/09/2026 15:11:58;1/09/2026 15:11:58;6329NZ;MARINA BLUE STANDARD VARSITY 16086 SP23;302.18;;R05;87.94;N;;FT000406;FRENCH TERRY 2 HILOS DIAGONAL CALADO 1-1 (X2 CABOS) - OSCUROS;11;0.00;NORMAL;VARSITY;VAR-299;T-EN ALMACEN TENIDO;N;0.00;0;0;0;0;00:00;00:00;177;6.000;JA AU107;FALSO;0.00;2.59;I9741;RSIERRA
31;CONTROL CALIDAD TONO;4.60;Y3196;REV-020;1/09/2026 15:46:59;1/09/2026 15:46:59;111AW3;BLANCO  TEXT SUR 7977;561.24;;R05;561.24;N;;PI000300;PIQUE LICRADO NE 30/1 ACABADO ABIERTO, COLORES CLAROS;28;0.00;NORMAL;TEXTILES DEL SUR S.A.;;E-EN PRODUCCION;N;0.00;0;0;0;0;00:00;00:00;177;8.000;JA AU106;FALSO;0.00;0.00;;IZALANDRE
31;CONTROL CALIDAD TONO;4.60;Y4484;REV-020;2/09/2026 00:24:53;2/09/2026 00:24:53;671367;BRISK BLUE VINCE MENS 17757 SP27;475.70;;R05;475.70;N;;PI000331;PIQUE CALADO MACRO HONEY SOLIDO/20/1X2CBS COTT/POLY/265AW/CLAROS;24;0.00;NORMAL;VINCE;VNC-821;E-EN PRODUCCION;N;0.00;0;0;0;0;00:00;00:00;177;6.000;TOG-1 PRO1;FALSO;0.00;0.00;I9610;RSIMONS
31;CONTROL CALIDAD TONO;3.60;Y3182;REV-020;2/09/2026 00:25:40;2/09/2026 00:25:40;111B45;WHITE BILLY DRADY 16961 SP26;141.32;;R05;141.32;N;;JE004874;JERSEY FLAME 32/1 PP C/ CLAROS Y MEDIOS;8;0.00;NORMAL;BILLY  DRADDY;BDR-277;E-EN PRODUCCION;N;0.00;0;0;0;0;00:00;00:00;177;10.000;;FALSO;0.00;3.62;I9343;RSIMONS
31;CONTROL CALIDAD TONO;3.60;Y4412;REV-020;2/09/2026 00:26:56;2/09/2026 00:26:56;N33BBI;BLACK 19-0303 TCX FORTY SEVEN 17840;524.42;;R05;524.42;N;;JE005298;JERSEY 30/1 CT 100% ALGODON - OSCUROS Y MEDIOS;25;0.00;NORMAL;FORTY SEVEN;FSE-1228;E-EN PRODUCCION;N;0.00;0;0;0;0;00:00;00:00;177;6.000;TAU-31;FALSO;0.00;3.32;J1168;RSIMONS
31;CONTROL CALIDAD TONO;3.60;Y5020;REV-020;2/09/2026 00:28:03;2/09/2026 00:28:03;431APR;POWDER PUFF  VINCE MENS 17870 SP27;164.36;;R05;164.36;N;;PI000281;PIQUE SIMPLE / 32/1COTT / 185AW / CLAROS;8;0.00;NORMAL;VINCE;VNC-817;E-EN PRODUCCION;N;0.00;0;0;0;0;00:00;00:00;177;9.000;JA AU107;FALSO;0.00;0.00;I9222;RSIMONS
31;CONTROL CALIDAD TONO;2.60;Y4769;REV-020;2/09/2026 00:29:03;2/09/2026 00:29:03;931CFN;CARAMELO 16-1336TCX   TEXT HEAWOOK 8851;593.00;;R05;593.00;N;;SE005035;INTERLOCK 50/1 PEINADO;28;0.00;NORMAL;THT EXPORT SAC;;D-DESPACHADA;N;0.00;0;0;0;0;00:00;00:00;177;9.000;;FALSO;0.00;0.00;;RSIMONS
31;CONTROL CALIDAD TONO;1.60;Y4638;REV-020;2/09/2026 02:15:38;2/09/2026 02:16:59;111B63;BLANCO TEXT HEAWOOK 8410;396.87;;R05;54.27;N;;SE004542;PIQUE LACOST 24/1 100% COTTON;17;0.02;NORMAL;TEXTILES THT PERU S.A.C;;E-EN PRODUCCION;N;1.00;0;1;0;0;00:01;00:00;177;10.000;;FALSO;0.00;0.00;;RSIMONS
31;CONTROL CALIDAD TONO;2.60;Y5049;REV-020;2/09/2026 03:55:27;2/09/2026 03:55:27;232871;ATHLETIC GOLD  FORTY SEVEN 17472;69.64;;R05;54.74;N;;JE005296;JERSEYSOLIDO 18/1 - OPEN END / SOLO PARA BLANCO;4;0.00;NORMAL;FORTY SEVEN;FSE-1256;E-EN PRODUCCION;N;0.00;0;0;0;0;00:00;00:00;177;10.000;VS043;FALSO;0.00;0.00;J1537;RSIMONS
31;CONTROL CALIDAD TONO;1.60;Y5049;REV-020;2/09/2026 03:55:28;2/09/2026 03:55:28;232871;ATHLETIC GOLD  FORTY SEVEN 17472;69.64;;R05;14.90;N;;JE005296;JERSEYSOLIDO 18/1 - OPEN END / SOLO PARA BLANCO;4;0.00;NORMAL;FORTY SEVEN;FSE-1256;E-EN PRODUCCION;N;0.00;0;0;0;0;00:00;00:00;177;10.000;VS043;FALSO;0.00;0.00;J1537;RSIMONS
31;CONTROL CALIDAD TONO;5.30;Y4113;REV-020;2/09/2026 03:55:48;2/09/2026 03:55:48;633DO2;WASHED COASTAL VINCE MENS 17861 SPRING27;193.82;;R01;193.82;S;;JE005267;JERSEY SOLIDO / 20/1COTTON/ OSCUROS(DESGASTEPRENDA);10;0.00;MATIZADO;VINCE;VNC-814;E-EN PRODUCCION;N;0.00;0;0;0;0;00:00;00:00;177;10.000;;FALSO;0.00;3.97;I9221;RSIMONS
31;CONTROL CALIDAD TONO;3.60;Y4385;REV-020;2/09/2026 05:27:23;2/09/2026 05:27:23;232876;GALLEY GOLD 14-0957 TCX FORTY SEVEN 17840;45.12;;R05;45.12;N;;JE005309;JERSEY 30/1 CT 100% ALGODON - COLORES CLAROS Y BLANCO;2;0.00;NORMAL;FORTY SEVEN;FSE-1228;T-EN ALMACEN TENIDO;N;0.00;0;0;0;0;00:00;00:00;177;10.000;JA AU107;FALSO;0.00;0.00;J1171;RSIMONS
31;CONTROL CALIDAD TONO;3.60;Y4532;REV-020;2/09/2026 05:27:49;2/09/2026 05:27:49;93299V;ALMOND VINCE WOMENS 17842 SPRING27;619.92;;R05;619.92;N;;IN000242;INTERLOCK SOLIDO / 50/1PP / 185BW / CLAROS;28;0.00;NORMAL;VINCE WOMENS;VCW-663;E-EN PRODUCCION;N;0.00;0;0;0;0;00:00;00:00;177;9.000;02P-26;FALSO;0.00;3.82;I8967;RSIMONS
31;CONTROL CALIDAD TONO;3.60;Y4405;REV-020;2/09/2026 05:28:54;2/09/2026 05:28:54;N329E4;WOLF GREY 17-0000 TCX  FORTY SEVEN 17840;45.80;;R05;45.80;N;;JE005309;JERSEY 30/1 CT 100% ALGODON - COLORES CLAROS Y BLANCO;2;0.00;NORMAL;FORTY SEVEN;FSE-1228;T-EN ALMACEN TENIDO;N;0.00;0;0;0;0;00:00;00:00;177;10.000;JA AU107;FALSO;0.00;0.00;J1174;RSIMONS
31;CONTROL CALIDAD TONO;2.60;Y5425;REV-020;2/09/2026 05:29:28;2/09/2026 05:29:28;6739CS;TRUE NAVY  COFACO 8897;634.85;;R05;634.85;N;;SE004986;JERSEY 40/1 VORTEX ORG PIMA/LYOCELL;25;0.00;NORMAL;COFACO INDUSTRIES S.A.C.;;E-EN PRODUCCION;N;0.00;0;0;0;0;00:00;00:00;177;10.000;;FALSO;0.00;0.00;;RSIMONS
31;CONTROL CALIDAD TONO;3.60;Y4907;REV-020;2/09/2026 05:30:44;2/09/2026 05:30:44;931CEE;SANDSTONE 12-4302 TCX  FORTY SEVEN 17840;732.74;;R05;732.74;N;;JE005309;JERSEY 30/1 CT 100% ALGODON - COLORES CLAROS Y BLANCO;36;0.00;NORMAL;FORTY SEVEN;FSE-1252;T-EN ALMACEN TENIDO;N;0.00;0;0;0;0;00:00;00:00;177;8.000;JA AU107;FALSO;0.00;4.00;J1663;RSIMONS
31;CONTROL CALIDAD TONO;3.60;Y4273;REV-020;2/09/2026 05:31:27;2/09/2026 05:31:27;931BAG;DUNE FORTY SEVEN 15305 F23;116.34;;R05;116.34;N;;JE004852;JERSEY FLAMÉ 24/1 TC - CLAROS;5;0.00;NORMAL;FORTY SEVEN;FSE-1223;E-EN PRODUCCION;N;0.00;0;0;0;0;00:00;00:00;177;8.000;JA AU107;FALSO;0.00;0.00;J0417;RSIMONS
31;CONTROL CALIDAD TONO;3.60;Y5756;REV-020;2/09/2026 07:21:39;2/09/2026 07:21:39;N33BBI;BLACK 19-0303 TCX FORTY SEVEN 17840;538.12;;R05;538.12;N;;JE005298;JERSEY 30/1 CT 100% ALGODON - OSCUROS Y MEDIOS;25;0.00;NORMAL;FORTY SEVEN;FSE-1228;E-EN PRODUCCION;N;0.00;0;0;0;0;00:00;00:00;177;6.000;TAU-31;FALSO;0.00;3.32;J1171;ROSAEDGA
31;CONTROL CALIDAD TONO;2.60;Y4329;REV-020;2/09/2026 08:00:54;2/09/2026 08:00:54;433BK8;CARDINAL  TEXTILES HEAWOOK 8802;352.50;;R05;352.50;N;;SE003379;JERSEY 20/1 100% ALGODON;17;0.00;NORMAL;TEXTILES THT PERU S.A.C;;D-DESPACHADA;N;0.00;0;0;0;0;00:00;00:00;177;9.000;;FALSO;0.00;0.00;;CAZAOS
31;CONTROL CALIDAD TONO;3.60;Y5789;REV-020;2/09/2026 08:01:13;2/09/2026 08:01:13;111B92;OPTIC WHITE   VINCE WOMENS 17401 PREFALL26;508.14;;R05;508.14;N;;IN000242;INTERLOCK SOLIDO / 50/1PP / 185BW / CLAROS;23;0.00;NORMAL;VINCE WOMENS;VCW-672;E-EN PRODUCCION;N;0.00;0;0;0;0;00:00;00:00;177;8.000;02P-26;FALSO;0.00;3.82;I9330;CAZAOS
31;CONTROL CALIDAD TONO;1.60;Y1610;REV-020;2/09/2026 10:02:11;2/09/2026 10:02:11;N33BBL;BLACK V2  COFACO 8825;28.95;;R01;28.95;S;;SE004971;BABY RIB 1X1 30/1 BCI SPANDEX FULL CRUDO;2;0.00;MATIZADO;COFACO INDUSTRIES S.A.C.;;E-EN PRODUCCION;N;0.00;0;0;0;0;00:00;00:00;177;8.000;;FALSO;0.00;0.00;;CAZAOS
31;CONTROL CALIDAD TONO;1.60;Y1834;REV-020;2/09/2026 10:02:11;2/09/2026 10:02:11;N33BBL;BLACK V2  COFACO 8825;596.95;;R01;596.95;S;;SE004970;JERSEY 30/1 COP TANGUIS BCI 100% CRUDO;25;0.00;MATIZADO;COFACO INDUSTRIES S.A.C.;;E-EN PRODUCCION;N;0.00;0;0;0;0;00:00;00:00;177;8.000;;FALSO;0.00;0.00;;CAZAOS
31;CONTROL CALIDAD TONO;4.80;Y2462;REV-020;2/09/2026 10:39:03;2/09/2026 10:39:03;93299Z;UMBER   COFACO 8867;584.85;;R11;584.85;S;;SE004970;JERSEY 30/1 COP TANGUIS BCI 100% CRUDO;30;0.00;DISPERSO;COFACO INDUSTRIES S.A.C.;;E-EN PRODUCCION;N;0.00;0;0;0;0;00:00;00:00;177;8.500;;FALSO;0.00;0.00;;CAZAOS
31;CONTROL CALIDAD TONO;4.60;Y2463;REV-020;2/09/2026 10:39:04;2/09/2026 10:39:04;93299Z;UMBER   COFACO 8867;38.85;;R11;38.85;S;;SE004971;BABY RIB 1X1 30/1 BCI SPANDEX FULL CRUDO;2;0.00;DISPERSO;COFACO INDUSTRIES S.A.C.;;E-EN PRODUCCION;N;0.00;0;0;0;0;00:00;00:00;177;8.500;;FALSO;0.00;0.00;;CAZAOS
31;CONTROL CALIDAD TONO;5.30;Y4862;REV-020;2/09/2026 12:04:38;2/09/2026 12:04:38;6329VB;STONEWASH  VINCE MENS 17870 SP27;225.68;;R01;225.68;S;;PI000280;PIQUE SIMPLE / 32/1COTT / 185AW / OSCUROS;11;0.00;MATIZADO;VINCE;VNC-817;E-EN PRODUCCION;N;0.00;0;0;0;0;00:00;00:00;177;9.000;JA AU107;FALSO;0.00;3.97;I9219;CAZAOS
31;CONTROL CALIDAD TONO;4.60;Y4062;REV-020;2/09/2026 13:56:18;2/09/2026 13:56:18;6329V6;JETTY VARSITY 1779;424.98;;R05;337.70;N;;FT000406;FRENCH TERRY 2 HILOS DIAGONAL CALADO 1-1 (X2 CABOS) - OSCUROS;18;0.00;NORMAL;VARSITY;VAR-299;E-EN PRODUCCION;N;0.00;0;0;0;0;00:00;00:00;177;6.000;JA AU107;FALSO;0.00;0.00;I9744;CAZAOS
31;CONTROL CALIDAD TONO;3.60;Y4062;REV-020;2/09/2026 13:56:18;2/09/2026 13:56:18;6329V6;JETTY VARSITY 1779;424.98;;R05;87.28;N;;FT000406;FRENCH TERRY 2 HILOS DIAGONAL CALADO 1-1 (X2 CABOS) - OSCUROS;18;0.00;NORMAL;VARSITY;VAR-299;E-EN PRODUCCION;N;0.00;0;0;0;0;00:00;00:00;177;6.000;JA AU107;FALSO;0.00;0.00;I9744;CAZAOS
31;CONTROL CALIDAD TONO;3.60;Y4908;REV-020;2/09/2026 13:56:39;2/09/2026 13:56:39;931CEE;SANDSTONE 12-4302 TCX  FORTY SEVEN 17840;732.58;;R05;732.58;N;;JE005309;JERSEY 30/1 CT 100% ALGODON - COLORES CLAROS Y BLANCO;36;0.00;NORMAL;FORTY SEVEN;FSE-1252;T-EN ALMACEN TENIDO;N;0.00;0;0;0;0;00:00;00:00;177;8.000;JA AU107;FALSO;0.00;4.00;J1663;CAZAOS
31;CONTROL CALIDAD TONO;2.60;Y5150;REV-020;2/09/2026 13:56:55;2/09/2026 13:56:55;631AXP;POWDER BLUE FORTY SEVEN 17472;124.06;;R05;106.06;N;;JE005296;JERSEYSOLIDO 18/1 - OPEN END / SOLO PARA BLANCO;6;0.00;NORMAL;FORTY SEVEN;FSE-1229;T-EN ALMACEN TENIDO;N;0.00;0;0;0;0;00:00;00:00;177;10.000;VS043;FALSO;0.00;0.00;J1594;CAZAOS
31;CONTROL CALIDAD TONO;1.60;Y5150;REV-020;2/09/2026 13:56:56;2/09/2026 13:56:56;631AXP;POWDER BLUE FORTY SEVEN 17472;124.06;;R05;18.00;N;;JE005296;JERSEYSOLIDO 18/1 - OPEN END / SOLO PARA BLANCO;6;0.00;NORMAL;FORTY SEVEN;FSE-1229;T-EN ALMACEN TENIDO;N;0.00;0;0;0;0;00:00;00:00;177;10.000;VS043;FALSO;0.00;0.00;J1594;CAZAOS
31;CONTROL CALIDAD TONO;3.60;Y5790;REV-020;2/09/2026 14:34:39;2/09/2026 14:34:39;111B92;OPTIC WHITE   VINCE WOMENS 17401 PREFALL26;509.89;;R05;509.89;N;;IN000242;INTERLOCK SOLIDO / 50/1PP / 185BW / CLAROS;23;0.00;NORMAL;VINCE WOMENS;VCW-672;E-EN PRODUCCION;N;0.00;0;0;0;0;00:00;00:00;177;8.000;02P-26;FALSO;0.00;3.82;I9330;CAZAOS
31;CONTROL CALIDAD TONO;3.60;Y5378;REV-020;2/09/2026 15:44:23;2/09/2026 15:44:23;N33BBI;BLACK 19-0303 TCX FORTY SEVEN 17840;541.66;;R05;541.66;N;;JE005298;JERSEY 30/1 CT 100% ALGODON - OSCUROS Y MEDIOS;25;0.00;NORMAL;FORTY SEVEN;FSE-1228;E-EN PRODUCCION;N;0.00;0;0;0;0;00:00;00:00;177;6.000;TAU-31;FALSO;0.00;3.32;J1170;CAZAOS
31;CONTROL CALIDAD TONO;2.60;Y5387;REV-020;2/09/2026 18:01:40;2/09/2026 18:01:40;433BHY;RED FORTY SEVEN 17472;658.47;;R05;658.47;N;;JE005304;JERSEYSOLIDO 20/1 - OPEN END / COLORES: MEDIOS Y OSCUROS/ALT GG20;28;0.00;NORMAL;FORTY SEVEN;FSE-1256;E-EN PRODUCCION;N;0.00;0;0;0;0;00:00;00:00;177;10.000;VS083;FALSO;0.00;2.42;J1537;LOREAJUL
31;CONTROL CALIDAD TONO;3.60;Y4527;REV-020;2/09/2026 23:49:02;2/09/2026 23:49:02;631AZP;VISTA BLUE VINCE WOMENS 17842 SPRING27;501.52;;R05;501.52;N;;IN000242;INTERLOCK SOLIDO / 50/1PP / 185BW / CLAROS;25;0.00;NORMAL;VINCE WOMENS;VCW-663;E-EN PRODUCCION;N;0.00;0;0;0;0;00:00;00:00;177;6.000;02P-26;FALSO;0.00;0.00;I8967;RSIMONS
31;CONTROL CALIDAD TONO;3.60;Y4146;REV-020;2/09/2026 23:49:40;2/09/2026 23:49:40;931AWO;WHITE WASH MISMO DE LA CARTA 14186 FORTY SEVEN 141;576.56;;R05;576.56;N;;JE004635;JERSEY 36/1 TC 135GR/M2 A/W C/CLAROS;29;0.00;NORMAL;FORTY SEVEN;FSE-1233;E-EN PRODUCCION;N;0.00;0;0;0;0;00:00;00:00;177;10.000;JA AU107;FALSO;0.00;3.72;I9873;RSIMONS
31;CONTROL CALIDAD TONO;3.60;Y4143;REV-020;2/09/2026 23:50:05;2/09/2026 23:50:05;633C3M;CADET BLUE MISMO DE LA CARTA14186 FORTY SEVEN 141;625.08;;R05;625.08;N;;JE004634;JERSEY 36/1 TC 135GR/M2 A/W C/OSCUROS;32;0.00;NORMAL;FORTY SEVEN;FSE-1233;E-EN PRODUCCION;N;0.00;0;0;0;0;00:00;00:00;177;10.000;JA AU107;FALSO;0.00;3.72;I9858;RSIMONS
31;CONTROL CALIDAD TONO;4.60;Y5764;REV-020;3/09/2026 01:00:11;3/09/2026 01:00:11;931BJM;VINTAGE WHITE STANDARD VARSITY 16086 SP23;253.34;;R05;201.06;N;;FT000407;FRENCH TERRY 2 HILOS DIAGONAL CALADO 1-1 (X2 CABOS) - CLAROS;10;0.00;NORMAL;VARSITY;VAR-299;T-EN ALMACEN TENIDO;N;0.00;0;0;0;0;00:00;00:00;177;6.000;LOTE  -  JA AU105  /;FALSO;0.00;3.12;I9744;ALELOARTE
31;CONTROL CALIDAD TONO;4.60;Y5765;REV-020;3/09/2026 01:00:11;3/09/2026 01:00:11;931BJM;VINTAGE WHITE STANDARD VARSITY 16086 SP23;243.50;;R05;182.84;N;;FT000407;FRENCH TERRY 2 HILOS DIAGONAL CALADO 1-1 (X2 CABOS) - CLAROS;9;0.00;NORMAL;VARSITY;VAR-299;T-EN ALMACEN TENIDO;N;0.00;0;0;0;0;00:00;00:00;177;6.000;LOTE -  VS084  //  J;FALSO;0.00;3.12;I9742;ALELOARTE
31;CONTROL CALIDAD TONO;3.60;Y5764;REV-020;3/09/2026 01:00:12;3/09/2026 01:00:12;931BJM;VINTAGE WHITE STANDARD VARSITY 16086 SP23;253.34;;R05;52.28;N;;FT000407;FRENCH TERRY 2 HILOS DIAGONAL CALADO 1-1 (X2 CABOS) - CLAROS;10;0.00;NORMAL;VARSITY;VAR-299;T-EN ALMACEN TENIDO;N;0.00;0;0;0;0;00:00;00:00;177;6.000;LOTE  -  JA AU105  /;FALSO;0.00;3.12;I9744;ALELOARTE
31;CONTROL CALIDAD TONO;3.60;Y5765;REV-020;3/09/2026 01:00:50;3/09/2026 01:00:50;931BJM;VINTAGE WHITE STANDARD VARSITY 16086 SP23;243.50;;R05;60.66;N;;FT000407;FRENCH TERRY 2 HILOS DIAGONAL CALADO 1-1 (X2 CABOS) - CLAROS;9;0.00;NORMAL;VARSITY;VAR-299;T-EN ALMACEN TENIDO;N;0.00;0;0;0;0;00:00;00:00;177;6.000;LOTE -  VS084  //  J;FALSO;0.00;3.12;I9742;ALELOARTE
31;CONTROL CALIDAD TONO;3.60;Y5750;REV-020;3/09/2026 03:52:00;3/09/2026 03:52:00;111B2F;WHITE ( ESTANDAR) FAHERTY 16651 SUMM15;431.04;;R05;431.04;N;;JE005117;JERSEY SLUB END ON END 24/1 FLAMÉ ORG+24/1 TC ORG - CLAROS;20;0.00;NORMAL;FAHERTY BRAND;FHB-112;E-EN PRODUCCION;N;0.00;0;0;0;0;00:00;00:00;177;8.000;JA AU107;FALSO;0.00;3.48;J0225;RSIMONS
31;CONTROL CALIDAD TONO;3.60;Y5889;REV-020;3/09/2026 03:53:05;3/09/2026 03:53:05;N33BBI;BLACK 19-0303 TCX FORTY SEVEN 17840;534.96;;R05;534.96;N;;JE005298;JERSEY 30/1 CT 100% ALGODON - OSCUROS Y MEDIOS;25;0.00;NORMAL;FORTY SEVEN;FSE-1252;E-EN PRODUCCION;N;0.00;0;0;0;0;00:00;00:00;177;6.000;TAU-31;FALSO;0.00;4.00;J1661;RSIMONS
31;CONTROL CALIDAD TONO;2.60;Y4495;REV-020;3/09/2026 03:58:13;3/09/2026 03:58:13;633D10;COASTAL  VINCE WOMENS FT313 PREFALL25;1.06;;R05;1.06;N;;CT000061;"CINTA BORLON 3/8"" - 100% COTTON / COD.P-13#8 / PROV:ARACNE";1;0.00;NORMAL;VINCE WOMENS;VCW-662;E-EN PRODUCCION;N;0.00;0;0;0;0;00:00;00:00;177;9.000;CT000061;FALSO;0.00;0.00;I8959;RSIMONS
31;CONTROL CALIDAD TONO;3.60;Y4494;REV-020;3/09/2026 03:58:13;3/09/2026 03:58:13;633D10;COASTAL  VINCE WOMENS FT313 PREFALL25;581.44;;R05;581.44;N;;FT000314;FRENCH TERRY 3 HILOS -30/1 PP + 10/1 TC - OSCUROS;23;0.00;NORMAL;VINCE WOMENS;VCW-662;E-EN PRODUCCION;N;0.00;0;0;0;0;00:00;00:00;177;9.000;R-JA PA53;FALSO;0.00;0.00;I8959;RSIMONS
31;CONTROL CALIDAD TONO;8.30;Y4106;REV-020;3/09/2026 04:10:29;3/09/2026 04:10:29;672380;STONEWASH VINCE MENS 17866 SP27;701.29;;R01;701.29;S;;RI002861;DOBLE KNIT CALADO / 30/1PT+20/1X2CAPT+50/36POLY / OSCUROS;35;0.00;MATIZADO;VINCE;VNC-818;E-EN PRODUCCION;N;0.00;0;0;0;0;00:00;00:00;177;8.000;JA AU107;FALSO;0.00;0.00;I9215;RSIMONS
31;CONTROL CALIDAD TONO;2.60;Y5850;REV-020;3/09/2026 06:54:58;3/09/2026 06:54:58;111BAV;BLANCO   TEXTILES HEAWOOK 8757;441.10;;R05;441.10;N;;SE005028;JERSEY 20/1 100% COTTON;21;0.00;NORMAL;TEXTILES THT PERU S.A.C;;E-EN PRODUCCION;N;0.00;0;0;0;0;00:00;00:00;177;8.000;;FALSO;0.00;0.00;;RSIMONS
31;CONTROL CALIDAD TONO;3.60;Y5887;REV-020;3/09/2026 08:19:00;3/09/2026 08:19:00;931CEE;SANDSTONE 12-4302 TCX  FORTY SEVEN 17840;609.70;;R05;609.70;N;;JE005309;JERSEY 30/1 CT 100% ALGODON - COLORES CLAROS Y BLANCO;30;0.00;NORMAL;FORTY SEVEN;FSE-1252;T-EN ALMACEN TENIDO;N;0.00;0;0;0;0;00:00;00:00;177;8.000;JA AU107;FALSO;0.00;4.00;J1663;CAPAALEX
31;CONTROL CALIDAD TONO;3.60;Y5888;REV-020;3/09/2026 08:19:00;3/09/2026 13:55:56;931CEE;SANDSTONE 12-4302 TCX  FORTY SEVEN 17840;124.04;;R05;124.04;N;;JE005309;JERSEY 30/1 CT 100% ALGODON - COLORES CLAROS Y BLANCO;5;5.62;NORMAL;FORTY SEVEN;FSE-1252;T-EN ALMACEN TENIDO;N;337.00;5;37;0;0;05:37;00:00;177;8.000;JA AU107;FALSO;0.00;4.00;J1663;CAPAALEX
31;CONTROL CALIDAD TONO;2.60;Y5851;REV-020;3/09/2026 10:16:19;3/09/2026 10:16:19;111BAV;BLANCO   TEXTILES HEAWOOK 8757;425.00;;R05;425.00;N;;SE005028;JERSEY 20/1 100% COTTON;20;0.00;NORMAL;TEXTILES THT PERU S.A.C;;E-EN PRODUCCION;N;0.00;0;0;0;0;00:00;00:00;177;8.000;;FALSO;0.00;0.00;;CAPAALEX
31;CONTROL CALIDAD TONO;1.10;Y4638;REV-020;3/09/2026 11:54:55;3/09/2026 11:54:55;111B63;BLANCO TEXT HEAWOOK 8410;396.87;;R05;342.60;N;;SE004542;PIQUE LACOST 24/1 100% COTTON;17;0.00;NORMAL;TEXTILES THT PERU S.A.C;;E-EN PRODUCCION;N;0.00;0;0;0;0;00:00;00:00;177;10.000;;FALSO;0.00;0.00;;LMORAN
31;CONTROL CALIDAD TONO;2.60;Y5057;REV-020;3/09/2026 12:12:27;3/09/2026 12:12:27;633DBE;INSIGNIA TEXT HEAWOOK 8444;377.90;;R05;377.90;N;;SE005028;JERSEY 20/1 100% COTTON;18;0.00;NORMAL;TEXTILES THT PERU S.A.C;;E-EN PRODUCCION;N;0.00;0;0;0;0;00:00;00:00;177;9.000;;FALSO;0.00;0.00;;ROSAEDGA
31;CONTROL CALIDAD TONO;2.60;Y5031;REV-020;3/09/2026 12:12:46;3/09/2026 12:12:46;931C92;CERAMIC 12-0105 TPX  TEXTIL ESHEAWOOK 8659;486.00;;R05;486.00;N;;SE005028;JERSEY 20/1 100% COTTON;23;0.00;NORMAL;TEXTILES THT PERU S.A.C;;E-EN PRODUCCION;N;0.00;0;0;0;0;00:00;00:00;177;10.000;;FALSO;0.00;0.00;;ROSAEDGA
31;CONTROL CALIDAD TONO;4.60;Y3767;REV-020;3/09/2026 12:13:06;3/09/2026 12:13:06;373077;ORANGE DAWN VINCE MENS 17757 SPRING27;323.01;;R05;323.01;N;;PI000332;PIQUE CALADO MACRO HONEY SOLIDO/20/1X2CBS COTT/POLY/265AW/OSCUROS;16;0.00;NORMAL;VINCE;VNC-821;E-EN PRODUCCION;N;0.00;0;0;0;0;00:00;00:00;177;8.000;TOG-1 PRO1;FALSO;0.00;0.00;I9611;ROSAEDGA
31;CONTROL CALIDAD TONO;3.60;Y5744;REV-020;3/09/2026 13:36:06;3/09/2026 13:36:06;N33AAD;FLINT BLACK FORTY SEVEN 13694 F20;660.32;;R05;660.32;N;;JE005298;JERSEY 30/1 CT 100% ALGODON - OSCUROS Y MEDIOS;31;0.00;NORMAL;FORTY SEVEN;FSE-1252;E-EN PRODUCCION;N;0.00;0;0;0;0;00:00;00:00;177;8.000;JA AU107;FALSO;0.00;4.00;J1671;ROSAEDGA
31;CONTROL CALIDAD TONO;3.60;Y4910;REV-020;3/09/2026 14:32:58;3/09/2026 14:32:58;931CEE;SANDSTONE 12-4302 TCX  FORTY SEVEN 17840;733.60;;R05;733.60;N;;JE005309;JERSEY 30/1 CT 100% ALGODON - COLORES CLAROS Y BLANCO;36;0.00;NORMAL;FORTY SEVEN;FSE-1252;E-EN PRODUCCION;N;0.00;0;0;0;0;00:00;00:00;177;8.000;JA AU107;FALSO;0.00;4.00;J1663;ROSAEDGA
31;CONTROL CALIDAD TONO;3.60;Y5890;REV-020;3/09/2026 14:49:54;3/09/2026 14:49:54;N33BBI;BLACK 19-0303 TCX FORTY SEVEN 17840;534.72;;R05;534.72;N;;JE005298;JERSEY 30/1 CT 100% ALGODON - OSCUROS Y MEDIOS;25;0.00;NORMAL;FORTY SEVEN;FSE-1252;E-EN PRODUCCION;N;0.00;0;0;0;0;00:00;00:00;177;6.000;TAU-31;FALSO;0.00;4.00;J1661;ROSAEDGA
31;CONTROL CALIDAD TONO;3.60;Y4320;REV-020;3/09/2026 17:05:14;3/09/2026 17:05:14;111B1U;WHITE TRAVIS M 16585 SS25;176.60;;R05;176.60;N;;JE005085;JERSEY 30/1 AP - CLAROS;8;0.00;NORMAL;TRAVIS MATHEW;TMW-2324;E-EN PRODUCCION;N;0.00;0;0;0;0;00:00;00:00;177;10.000;JA-AU106;FALSO;0.00;3.72;I9876;ROSAEDGA
31;CONTROL CALIDAD TONO;3.60;Y5763;REV-020;3/09/2026 17:05:47;3/09/2026 17:05:47;1119TW;WHITE OPTICO LLP  9524  SUMMER 15;455.76;;R05;455.76;N;;JE004420;JERSEY 30/1 PP - PPE FULL COBERTURA - 165 A/W CLAROS;23;0.00;NORMAL;LILLY PULITZER;LLP-759;E-EN PRODUCCION;N;0.00;0;0;0;0;00:00;00:00;177;8.000;JA PIP-27;FALSO;0.00;2.10;J1902;ROSAEDGA
31;CONTROL CALIDAD TONO;4.60;Y1683;REV-020;3/09/2026 17:38:03;3/09/2026 17:38:03;931BSX;VINTAGE B-022 BILLY DRADY 16682 F25;443.95;;R05;403.11;N;;FT000274;FRENCH TERRY C/SPANDEX 30/1 TP +30DN - CLAROS;17;0.00;NORMAL;BILLY  DRADDY;BDR-268A;E-EN PRODUCCION;N;0.00;0;0;0;0;00:00;00:00;177;10.000;LOTE- JA AU106//Z320;FALSO;0.00;0.00;I8808;RSIMONS
31;CONTROL CALIDAD TONO;3.60;Y1683;REV-020;3/09/2026 17:38:03;3/09/2026 17:38:03;931BSX;VINTAGE B-022 BILLY DRADY 16682 F25;443.95;;R05;40.84;N;;FT000274;FRENCH TERRY C/SPANDEX 30/1 TP +30DN - CLAROS;17;0.00;NORMAL;BILLY  DRADDY;BDR-268A;E-EN PRODUCCION;N;0.00;0;0;0;0;00:00;00:00;177;10.000;LOTE- JA AU106//Z320;FALSO;0.00;0.00;I8808;RSIMONS
31;CONTROL CALIDAD TONO;3.60;Y3425;REV-020;3/09/2026 23:48:46;3/09/2026 23:48:46;6739BN;TOTAL ECLIPSE TRAVIS MATHEW 17469 SS27;665.06;;R05;665.06;N;;PI000328;FALSO PIQUE C/SPANDEX C/OSCUROS - 75/72 POLY + 40/1 PP/POLY + 20D SPANDEX;33;0.00;NORMAL;TRAVIS MATHEW;TMW-2317;E-EN PRODUCCION;N;0.00;0;0;0;0;00:00;00:00;177;9.000;PIP27 GPB1;FALSO;0.00;0.00;I9307;RSIMONS
31;CONTROL CALIDAD TONO;2.60;Y5431;REV-020;3/09/2026 23:49:15;3/09/2026 23:49:15;433BKM;OXBLOOD RED 19-1524 TCX TEXT HEAWOOK8816;294.80;;R05;294.80;N;;SE005028;JERSEY 20/1 100% COTTON;14;0.00;NORMAL;TEXTILES THT PERU S.A.C;;E-EN PRODUCCION;N;0.00;0;0;0;0;00:00;00:00;177;10.000;;FALSO;0.00;0.00;;RSIMONS
31;CONTROL CALIDAD TONO;3.60;Y5969;REV-020;3/09/2026 23:49:51;3/09/2026 23:49:51;931CEE;SANDSTONE 12-4302 TCX  FORTY SEVEN 17840;257.70;;R05;257.70;N;;JE005309;JERSEY 30/1 CT 100% ALGODON - COLORES CLAROS Y BLANCO;14;0.00;NORMAL;FORTY SEVEN;FSE-1252;E-EN PRODUCCION;N;0.00;0;0;0;0;00:00;00:00;177;8.000;JA AU107;FALSO;0.00;4.00;J1663;RSIMONS
31;CONTROL CALIDAD TONO;3.60;Y5970;REV-020;3/09/2026 23:49:51;3/09/2026 23:49:51;931CEE;SANDSTONE 12-4302 TCX  FORTY SEVEN 17840;475.92;;R05;453.18;N;;JE005309;JERSEY 30/1 CT 100% ALGODON - COLORES CLAROS Y BLANCO;23;0.00;NORMAL;FORTY SEVEN;FSE-1252;E-EN PRODUCCION;N;0.00;0;0;0;0;00:00;00:00;177;8.000;JA AU107;FALSO;0.00;4.00;J1663;RSIMONS
31;CONTROL CALIDAD TONO;2.60;Y5436;REV-020;4/09/2026 02:36:33;4/09/2026 02:36:33;N33BCT;NEGRO  TEXT HEAWOOK 8890;358.55;;R05;358.55;N;;SE005028;JERSEY 20/1 100% COTTON;17;0.00;NORMAL;TEXTILES THT PERU S.A.C;;E-EN PRODUCCION;N;0.00;0;0;0;0;00:00;00:00;177;10.000;;FALSO;0.00;0.00;;RSIMONS
31;CONTROL CALIDAD TONO;4.60;Y2761;REV-020;4/09/2026 02:36:52;4/09/2026 02:36:52;671163;ALLURE/ OPTIC WHITE TMW 12818 SS20;137.12;;R05;137.12;N;;IN000125;INTERLOCK OXFORD SANFORIZADO C/CLAROS - TEÑIDO 2 F;7;0.00;NORMAL;TRAVIS MATHEW;TMW-2314;E-EN PRODUCCION;N;0.00;0;0;0;0;00:00;00:00;177;8.000;JA PA48;FALSO;0.00;5.21;I9225;RSIMONS
31;CONTROL CALIDAD TONO;3.60;Y5971;REV-020;4/09/2026 02:37:19;4/09/2026 02:37:19;N33BBI;BLACK 19-0303 TCX FORTY SEVEN 17840;477.46;;R05;477.46;N;;JE005298;JERSEY 30/1 CT 100% ALGODON - OSCUROS Y MEDIOS;23;0.00;NORMAL;FORTY SEVEN;FSE-1252;E-EN PRODUCCION;N;0.00;0;0;0;0;00:00;00:00;177;6.000;TAU-31;FALSO;0.00;4.00;J1661;RSIMONS
31;CONTROL CALIDAD TONO;3.60;Y5972;REV-020;4/09/2026 02:37:19;4/09/2026 02:37:19;N33BBI;BLACK 19-0303 TCX FORTY SEVEN 17840;59.62;;R05;29.06;N;;JE005298;JERSEY 30/1 CT 100% ALGODON - OSCUROS Y MEDIOS;2;0.00;NORMAL;FORTY SEVEN;FSE-1252;E-EN PRODUCCION;N;0.00;0;0;0;0;00:00;00:00;177;6.000;TAU-31;FALSO;0.00;4.00;J1661;RSIMONS
31;CONTROL CALIDAD TONO;5.20;Y1013;REV-020;4/09/2026 02:37:47;4/09/2026 02:37:47;N33BBP;BLACK  TEXT HEAWOOK 8827;486.74;;R01;486.74;S;;SE003379;JERSEY 20/1 100% ALGODON;23;0.00;MATIZADO;TEXTILES THT PERU S.A.C;;E-EN PRODUCCION;N;0.00;0;0;0;0;00:00;00:00;177;6.000;;FALSO;0.00;0.00;;RSIMONS
31;CONTROL CALIDAD TONO;1.60;Y5589;REV-020;4/09/2026 07:05:36;4/09/2026 07:05:36;111BDG;MELANGE 10 %  TEXT HEAWOOK 8940;311.75;;R05;311.75;N;;SE005048;JERSEY 24/1 MELANGE 1%;15;0.00;NORMAL;TEXTILES THT PERU S.A.C;;E-EN PRODUCCION;N;0.00;0;0;0;0;00:00;00:00;177;8.000;;FALSO;0.00;0.00;;PAHANSERG
31;CONTROL CALIDAD TONO;3.60;Y6030;REV-020;4/09/2026 07:30:24;4/09/2026 07:30:24;931CEE;SANDSTONE 12-4302 TCX  FORTY SEVEN 17840;605.74;;R05;605.74;N;;JE005309;JERSEY 30/1 CT 100% ALGODON - COLORES CLAROS Y BLANCO;30;0.00;NORMAL;FORTY SEVEN;FSE-1252;E-EN PRODUCCION;N;0.00;0;0;0;0;00:00;00:00;177;8.000;JA AU107;FALSO;0.00;4.00;J1663;PAHANSERG
31;CONTROL CALIDAD TONO;3.60;Y6031;REV-020;4/09/2026 07:30:24;4/09/2026 07:30:24;931CEE;SANDSTONE 12-4302 TCX  FORTY SEVEN 17840;125.22;;R05;102.38;N;;JE005309;JERSEY 30/1 CT 100% ALGODON - COLORES CLAROS Y BLANCO;5;0.00;NORMAL;FORTY SEVEN;FSE-1252;E-EN PRODUCCION;N;0.00;0;0;0;0;00:00;00:00;177;8.000;JA AU107;FALSO;0.00;4.00;J1663;PAHANSERG
31;CONTROL CALIDAD TONO;2.60;Y5048;REV-020;4/09/2026 08:09:56;4/09/2026 08:09:56;232870;GALLEY GOLD FORTY SEVEN 17472;111.78;;R05;92.46;N;;JE005296;JERSEYSOLIDO 18/1 - OPEN END / SOLO PARA BLANCO;5;0.00;NORMAL;FORTY SEVEN;FSE-1256;E-EN PRODUCCION;N;0.00;0;0;0;0;00:00;00:00;177;10.000;VS043;FALSO;0.00;0.00;J1537;PAHANSERG
31;CONTROL CALIDAD TONO;1.60;Y5048;REV-020;4/09/2026 08:09:57;4/09/2026 08:09:57;232870;GALLEY GOLD FORTY SEVEN 17472;111.78;;R05;19.32;N;;JE005296;JERSEYSOLIDO 18/1 - OPEN END / SOLO PARA BLANCO;5;0.00;NORMAL;FORTY SEVEN;FSE-1256;E-EN PRODUCCION;N;0.00;0;0;0;0;00:00;00:00;177;10.000;VS043;FALSO;0.00;0.00;J1537;PAHANSERG
31;CONTROL CALIDAD TONO;1.60;Y5804;REV-020;4/09/2026 09:23:35;4/09/2026 09:23:35;111BDG;MELANGE 10 %  TEXT HEAWOOK 8940;291.85;;R05;291.85;N;;SE005048;JERSEY 24/1 MELANGE 1%;14;0.00;NORMAL;TEXTILES THT PERU S.A.C;;E-EN PRODUCCION;N;0.00;0;0;0;0;00:00;00:00;177;8.000;;FALSO;0.00;0.00;;PAHANSERG
31;CONTROL CALIDAD TONO;3.60;Y5943;REV-020;4/09/2026 09:23:52;4/09/2026 09:23:52;633DNI;NAVY 19-4010 TCX FORTY SEVEN 17840;543.36;;R05;543.36;N;;JE005298;JERSEY 30/1 CT 100% ALGODON - OSCUROS Y MEDIOS;26;0.00;NORMAL;FORTY SEVEN;FSE-1228;E-EN PRODUCCION;N;0.00;0;0;0;0;00:00;00:00;177;6.000;JA AU107;FALSO;0.00;3.32;J1171;PAHANSERG
31;CONTROL CALIDAD TONO;3.60;Y5990;REV-020;4/09/2026 15:30:58;4/09/2026 15:30:58;931CHX;WHITE FALABELLA 18034;633.30;;R05;633.30;N;;JE005473;JERSEY SOLIDO / 30/1PA /170AW / CLAROS;29;0.00;NORMAL;FALABELLA;FBL-001;E-EN PRODUCCION;N;0.00;0;0;0;0;00:00;00:00;177;8.000;JA AU107;FALSO;0.00;0.00;J1946;ROSAEDGA
31;CONTROL CALIDAD TONO;3.60;Y5776;REV-020;4/09/2026 15:32:34;4/09/2026 15:32:34;431AP5;SEA SALT  VARSITY 17739;23.34;;R05;23.34;N;;JE005381;JERSEY FLAME (20/1 FLAME CO + 20/1 CO) - C/BLANCO Y CLAROS;1;0.00;NORMAL;VARSITY;VAR-298;E-EN PRODUCCION;ST;0.00;0;0;0;0;00:00;00:00;177;10.000;LOTE-  JA AU106 / JA;VERDADERO;0.00;0.00;I9735;ROSAEDGA
31;CONTROL CALIDAD TONO;3.60;Y5775;REV-020;4/09/2026 15:32:34;4/09/2026 15:32:34;431AP5;SEA SALT  VARSITY 17739;27.44;;R05;27.44;N;;JE005381;JERSEY FLAME (20/1 FLAME CO + 20/1 CO) - C/BLANCO Y CLAROS;1;0.00;NORMAL;VARSITY;VAR-277;E-EN PRODUCCION;ST;0.00;0;0;0;0;00:00;00:00;177;10.000;LOTE-  JA AU106 / JA;VERDADERO;0.00;0.00;I9227;ROSAEDGA
31;CONTROL CALIDAD TONO;3.60;Y5132;REV-030;28/08/2026 14:32:12;28/08/2026 14:32:12;67399U;NAVY BLAZER 19-3923 TCX SUNDAYRED 16974 SP26;536.30;;R05;536.30;N;;FR000227;FRANELA C/SPANDEX 30/1MODAL SIRO+24/1CO/POLY+40D- OSCUROS TEÑIDO 2F;27;0.00;NORMAL;SUN DAY RED;SDR-051;E-EN PRODUCCION;N;0.00;0;0;0;0;00:00;00:00;38;6.000;JA M66;FALSO;0.00;0.00;I8916;RSIMONS
31;CONTROL CALIDAD TONO;3.60;Y4269;REV-030;28/08/2026 17:12:54;28/08/2026 17:12:54;931B9Y;WHITE WASH FORTY SEVEN 15305 F23;61.00;;R05;61.00;N;;JE004852;JERSEY FLAMÉ 24/1 TC - CLAROS;3;0.00;NORMAL;FORTY SEVEN;FSE-1223;T-EN ALMACEN TENIDO;N;0.00;0;0;0;0;00:00;00:00;38;10.000;JA AU107;FALSO;0.00;0.00;J0417;RSIMONS
31;CONTROL CALIDAD TONO;3.60;Y4114;REV-030;28/08/2026 17:13:31;28/08/2026 17:13:31;7319UZ;WASHED MOUNT DUME VINCE MENS 17861 SPRING27;158.34;;R05;158.34;N;;JE005408;JERSEY SOLIDO / 20/1COTTON/ CLAROS (DESGASTEPRENDA);9;0.00;NORMAL;VINCE;VNC-814;T-EN ALMACEN TENIDO;N;0.00;0;0;0;0;00:00;00:00;38;10.000;;FALSO;0.00;0.00;I9221;RSIMONS
31;CONTROL CALIDAD TONO;4.10;Y4380;REV-030;28/08/2026 19:27:19;28/08/2026 19:27:19;633DGC;NAVY BLAZER #19-3923 TCX TRAVIS MATHEW 17410 SS27;344.74;;R05;260.05;N;;FT000368;FRENCH TERRY W/SPANDEX 30/1 PP+40DN 290AW/OSCUROS;13;0.00;NORMAL;TRAVIS MATHEW;TMW-2320;T-EN ALMACEN TENIDO;N;0.00;0;0;0;0;00:00;00:00;38;7.000;JA PIP-27;FALSO;0.00;4.17;I9310;ROSAEDGA
31;CONTROL CALIDAD TONO;3.60;Y4380;REV-030;28/08/2026 19:27:20;28/08/2026 19:27:20;633DGC;NAVY BLAZER #19-3923 TCX TRAVIS MATHEW 17410 SS27;344.74;;R05;84.69;N;;FT000368;FRENCH TERRY W/SPANDEX 30/1 PP+40DN 290AW/OSCUROS;13;0.00;NORMAL;TRAVIS MATHEW;TMW-2320;T-EN ALMACEN TENIDO;N;0.00;0;0;0;0;00:00;00:00;38;7.000;JA PIP-27;FALSO;0.00;4.17;I9310;ROSAEDGA
31;CONTROL CALIDAD TONO;3.60;Y4229;REV-030;29/08/2026 02:50:22;29/08/2026 02:50:22;633DNK;ROYAL 19-3953 TCX  FORTY SEVEN 17840;624.42;;R05;624.42;N;;JE005298;JERSEY 30/1 CT 100% ALGODON - OSCUROS Y MEDIOS;29;0.00;NORMAL;FORTY SEVEN;FSE-1221;T-EN ALMACEN TENIDO;N;0.00;0;0;0;0;00:00;00:00;38;8.000;TTC TAU24;FALSO;0.00;3.32;J0208;ROSAEDGA
31;CONTROL CALIDAD TONO;3.60;Y5430;REV-030;29/08/2026 02:50:23;29/08/2026 02:50:23;633DNK;ROYAL 19-3953 TCX  FORTY SEVEN 17840;104.28;;R05;104.28;N;;JE005298;JERSEY 30/1 CT 100% ALGODON - OSCUROS Y MEDIOS;5;0.00;NORMAL;FORTY SEVEN;FSE-1234;T-EN ALMACEN TENIDO;N;0.00;0;0;0;0;00:00;00:00;38;8.000;TTC TAU24;FALSO;0.00;3.32;I9865;ROSAEDGA
31;CONTROL CALIDAD TONO;3.60;Y4506;REV-030;29/08/2026 03:26:38;29/08/2026 03:26:38;93299T;ALMOND  VINCE WOMENS 17841 SPRING27;691.19;;R05;691.19;N;;FT000313;FRENCH TERRY 3 HILOS -30/1 PP + 10/1 TC - CLAROS;32;0.00;NORMAL;VINCE WOMENS;VCW-662;E-EN PRODUCCION;N;0.00;0;0;0;0;00:00;00:00;38;8.000;JA PA53;FALSO;0.00;3.97;I8964;ROSAEDGA
31;CONTROL CALIDAD TONO;3.60;Y4512;REV-030;29/08/2026 05:24:20;29/08/2026 05:24:20;N33AFF;FLINT BLACK MISMO DE LA CARTA 14186  FORTY SEVEN 1;355.82;;R05;355.82;N;;JE004634;JERSEY 36/1 TC 135GR/M2 A/W C/OSCUROS;18;0.00;NORMAL;FORTY SEVEN;FSE-1233;D-DESPACHADA;N;0.00;0;0;0;0;00:00;00:00;38;7.000;JA AU107;FALSO;0.00;3.72;I9857;ROSAEDGA
31;CONTROL CALIDAD TONO;4.60;Y4068;REV-030;29/08/2026 07:55:33;29/08/2026 07:55:33;7319QP;SAGE 16-5808 TCX VARSITY 16086;466.02;;R05;432.90;N;;FT000406;FRENCH TERRY 2 HILOS DIAGONAL CALADO 1-1 (X2 CABOS) - OSCUROS;22;0.00;NORMAL;VARSITY;VAR-299;T-EN ALMACEN TENIDO;N;0.00;0;0;0;0;00:00;00:00;38;6.000;LOTE  -  VS084  // J;FALSO;0.00;3.12;I9743;RSIMONS
31;CONTROL CALIDAD TONO;3.60;Y4068;REV-030;29/08/2026 07:55:34;29/08/2026 07:55:34;7319QP;SAGE 16-5808 TCX VARSITY 16086;466.02;;R05;33.12;N;;FT000406;FRENCH TERRY 2 HILOS DIAGONAL CALADO 1-1 (X2 CABOS) - OSCUROS;22;0.00;NORMAL;VARSITY;VAR-299;T-EN ALMACEN TENIDO;N;0.00;0;0;0;0;00:00;00:00;38;6.000;LOTE  -  VS084  // J;FALSO;0.00;3.12;I9743;RSIMONS
31;CONTROL CALIDAD TONO;2.60;Y5421;REV-030;29/08/2026 13:45:30;29/08/2026 13:45:30;6739CS;TRUE NAVY  COFACO 8897;633.60;;R05;633.60;N;;SE004986;JERSEY 40/1 VORTEX ORG PIMA/LYOCELL;25;0.00;NORMAL;COFACO INDUSTRIES S.A.C.;;D-DESPACHADA;N;0.00;0;0;0;0;00:00;00:00;38;10.000;;FALSO;0.00;0.00;;ROSAEDGA
31;CONTROL CALIDAD TONO;4.60;Y5137;REV-030;29/08/2026 18:30:57;29/08/2026 18:30:57;6739BN;TOTAL ECLIPSE TRAVIS MATHEW 17469 SS27;153.59;;R05;153.59;N;;PI000329;FALSO PIQUE C/SPANDEX ESTAMP DISCHARGE OSCURO- 75/72 POLY + 40/1 PP/POLY + 20D SPANDEX;9;0.00;NORMAL;TRAVIS MATHEW;TMW-2307;E-EN PRODUCCION;N;0.00;0;0;0;0;00:00;00:00;38;9.000;TPA13 GPB1;FALSO;0.00;0.00;I8876;RSIMONS
31;CONTROL CALIDAD TONO;4.60;Y5136;REV-030;29/08/2026 18:30:57;29/08/2026 18:30:57;6739BN;TOTAL ECLIPSE TRAVIS MATHEW 17469 SS27;133.92;;R05;133.92;N;;PI000329;FALSO PIQUE C/SPANDEX ESTAMP DISCHARGE OSCURO- 75/72 POLY + 40/1 PP/POLY + 20D SPANDEX;7;0.00;NORMAL;TRAVIS MATHEW;TMW-2307;E-EN PRODUCCION;N;0.00;0;0;0;0;00:00;00:00;38;9.000;TPA13 GPB1;FALSO;0.00;0.00;I8876;RSIMONS
31;CONTROL CALIDAD TONO;3.60;Y3423;REV-030;30/08/2026 02:15:55;30/08/2026 02:15:55;6739BN;TOTAL ECLIPSE TRAVIS MATHEW 17469 SS27;666.93;;R05;666.93;N;;PI000328;FALSO PIQUE C/SPANDEX C/OSCUROS - 75/72 POLY + 40/1 PP/POLY + 20D SPANDEX;33;0.00;NORMAL;TRAVIS MATHEW;TMW-2317;E-EN PRODUCCION;N;0.00;0;0;0;0;00:00;00:00;38;9.000;PIP27 GPB1;FALSO;0.00;0.00;I9307;ROSAEDGA
31;CONTROL CALIDAD TONO;3.60;Y4116;REV-030;30/08/2026 04:20:16;30/08/2026 04:20:16;N33BBV;WASHED BLACK VINCE MENS 17861 SPRING27;577.62;;R05;577.62;N;;JE005267;JERSEY SOLIDO / 20/1COTTON/ OSCUROS(DESGASTEPRENDA);29;0.00;NORMAL;VINCE;VNC-814;T-EN ALMACEN TENIDO;N;0.00;0;0;0;0;00:00;00:00;38;10.000;JA AU107;FALSO;0.00;3.97;I9221;ROSAEDGA
31;CONTROL CALIDAD TONO;4.60;Y4059;REV-030;30/08/2026 10:54:58;30/08/2026 10:54:58;431APD;SEA SALT VARSITY 17779;415.70;;R05;325.74;N;;FT000407;FRENCH TERRY 2 HILOS DIAGONAL CALADO 1-1 (X2 CABOS) - CLAROS;16;0.00;NORMAL;VARSITY;VAR-299;T-EN ALMACEN TENIDO;N;0.00;0;0;0;0;00:00;00:00;38;6.000;LOTE -  VS084  //  J;FALSO;0.00;3.12;I9744;RSIMONS
31;CONTROL CALIDAD TONO;3.60;Y4059;REV-030;30/08/2026 10:54:58;30/08/2026 10:54:58;431APD;SEA SALT VARSITY 17779;415.70;;R05;89.96;N;;FT000407;FRENCH TERRY 2 HILOS DIAGONAL CALADO 1-1 (X2 CABOS) - CLAROS;16;0.00;NORMAL;VARSITY;VAR-299;T-EN ALMACEN TENIDO;N;0.00;0;0;0;0;00:00;00:00;38;6.000;LOTE -  VS084  //  J;FALSO;0.00;3.12;I9744;RSIMONS
31;CONTROL CALIDAD TONO;3.60;Y4862;REV-030;30/08/2026 10:55:42;30/08/2026 10:55:42;6329VB;STONEWASH  VINCE MENS 17870 SP27;225.68;;R05;225.68;N;;PI000280;PIQUE SIMPLE / 32/1COTT / 185AW / OSCUROS;11;0.00;NORMAL;VINCE;VNC-817;E-EN PRODUCCION;N;0.00;0;0;0;0;00:00;00:00;38;9.000;JA AU107;FALSO;0.00;3.97;I9219;RSIMONS
31;CONTROL CALIDAD TONO;2.60;Y4957;REV-030;30/08/2026 11:42:32;30/08/2026 11:42:32;9339O1;MARROM JAVA 19-1016 TCX  TEXT HEAWOOK 8851;471.45;;R05;471.45;N;;SE005035;INTERLOCK 50/1 PEINADO;22;0.00;NORMAL;THT EXPORT SAC;;D-DESPACHADA;N;0.00;0;0;0;0;00:00;00:00;38;6.000;;FALSO;0.00;0.00;;RSIMONS
31;CONTROL CALIDAD TONO;4.60;Y4975;REV-030;31/08/2026 09:59:40;31/08/2026 09:59:40;633D1B;COUNTRY BLUE 18-3912 TCX VARSITY 16086;630.56;;R05;511.48;N;;FT000406;FRENCH TERRY 2 HILOS DIAGONAL CALADO 1-1 (X2 CABOS) - OSCUROS;25;0.00;NORMAL;VARSITY;VAR-299;T-EN ALMACEN TENIDO;N;0.00;0;0;0;0;00:00;00:00;38;8.000;LOTE  -  VS084  // J;FALSO;0.00;3.12;I9743;ROSAEDGA
31;CONTROL CALIDAD TONO;3.60;Y4975;REV-030;31/08/2026 09:59:40;31/08/2026 09:59:40;633D1B;COUNTRY BLUE 18-3912 TCX VARSITY 16086;630.56;;R05;119.08;N;;FT000406;FRENCH TERRY 2 HILOS DIAGONAL CALADO 1-1 (X2 CABOS) - OSCUROS;25;0.00;NORMAL;VARSITY;VAR-299;T-EN ALMACEN TENIDO;N;0.00;0;0;0;0;00:00;00:00;38;8.000;LOTE  -  VS084  // J;FALSO;0.00;3.12;I9743;ROSAEDGA
31;CONTROL CALIDAD TONO;2.60;Y4334;REV-030;31/08/2026 18:17:38;31/08/2026 18:17:38;633DML;PARISIAN   TEXTILES HEAWOOK 8802;315.10;;R05;315.10;N;;SE003379;JERSEY 20/1 100% ALGODON;15;0.00;NORMAL;TEXTILES THT PERU S.A.C;;D-DESPACHADA;N;0.00;0;0;0;0;00:00;00:00;38;10.000;;FALSO;0.00;0.00;;RSIMONS
31;CONTROL CALIDAD TONO;3.60;Y4589;REV-030;1/09/2026 07:48:25;1/09/2026 07:48:25;633DNO;DEEP LAGOON VINCE WOMENS 17844 SPRING27;621.30;;R05;621.30;N;;JE004986;JERSEY SOLIDO F/SPAN / 30/1MODAL+40D / 235BW / OSCUROS;31;0.00;NORMAL;VINCE WOMENS;VCW-667;E-EN PRODUCCION;N;0.00;0;0;0;0;00:00;00:00;38;10.000;JA M66;FALSO;0.00;3.77;I8960;CAZAOS
31;CONTROL CALIDAD TONO;2.60;Y5435;REV-030;1/09/2026 17:31:19;1/09/2026 17:31:19;N33BCT;NEGRO  TEXT HEAWOOK 8890;378.75;;R05;378.75;N;;SE005028;JERSEY 20/1 100% COTTON;18;0.00;NORMAL;TEXTILES THT PERU S.A.C;;E-EN PRODUCCION;N;0.00;0;0;0;0;00:00;00:00;38;10.000;;FALSO;0.00;0.00;;ROSAEDGA
31;CONTROL CALIDAD TONO;3.60;Y4507;REV-030;1/09/2026 17:36:32;1/09/2026 17:36:32;93299T;ALMOND  VINCE WOMENS 17841 SPRING27;691.40;;R05;691.40;N;;FT000313;FRENCH TERRY 3 HILOS -30/1 PP + 10/1 TC - CLAROS;32;0.00;NORMAL;VINCE WOMENS;VCW-662;E-EN PRODUCCION;N;0.00;0;0;0;0;00:00;00:00;38;8.000;JA PA53;FALSO;0.00;3.97;I8964;ROSAEDGA
31;CONTROL CALIDAD TONO;2.60;Y5068;REV-030;1/09/2026 18:18:09;1/09/2026 18:18:09;733BPR;MIAMI GREEN 19-0230 TCX TEXT HEAWOOK8816;295.90;;R05;295.90;N;;SE005028;JERSEY 20/1 100% COTTON;14;0.00;NORMAL;TEXTILES THT PERU S.A.C;;D-DESPACHADA;N;0.00;0;0;0;0;00:00;00:00;38;10.000;;FALSO;0.00;0.00;;ROSAEDGA
31;CONTROL CALIDAD TONO;5.30;Y3013;REV-030;2/09/2026 16:36:30;2/09/2026 16:36:30;633D7D;COASTAL (STANDAR PF25)  VINCE WOMENS 16649 PREFALL;190.70;;R01;190.70;S;;JE004442;JERSEY SOLIDO // 24/1 PP - OSCUROS;9;0.00;MATIZADO;VINCE WOMENS;VCW-673;E-EN PRODUCCION;N;0.00;0;0;0;0;00:00;00:00;38;10.000;;FALSO;0.00;0.00;I9317;CAZAOS
31;CONTROL CALIDAD TONO;3.60;Y4268;REV-030;2/09/2026 23:52:30;2/09/2026 23:52:30;733BME;EDEN 19 - 6050 TCX FORTY SEVEN 15305;43.46;;R05;43.46;N;;JE004848;JERSEY FLAMÉ 24/1 TC - OSCUROS;2;0.00;NORMAL;FORTY SEVEN;FSE-1223;E-EN PRODUCCION;N;0.00;0;0;0;0;00:00;00:00;38;10.000;JA AU107;FALSO;0.00;3.72;J0417;RSIMONS
31;CONTROL CALIDAD TONO;3.60;Y4628;REV-030;3/09/2026 03:48:18;3/09/2026 03:48:18;531942;PURPLE ROSE15-3716 TCX  ROLLER RABBIT 17225 H25;163.00;;R05;163.00;N;;IN000232;INTERLOCK SOLIDO 50/1 PP - COMPLEMENTO;8;0.00;NORMAL;ROLLER RABBIT;RRT-012F;E-EN PRODUCCION;N;0.00;0;0;0;0;00:00;00:00;38;9.000;02P-26;FALSO;0.00;3.19;J1567;RSIMONS
31;CONTROL CALIDAD TONO;1.60;Y5379;REV-030;3/09/2026 03:53:30;3/09/2026 03:53:30;931CFE;BEIGE CARMELITA 8845;229.45;;R05;229.45;N;;SE004894;INTERLOCK 50/1 PP;8;0.00;NORMAL;TEXTIL CARMELITA SAC;;E-EN PRODUCCION;N;0.00;0;0;0;0;00:00;00:00;38;9.000;;FALSO;0.00;0.00;;RSIMONS
31;CONTROL CALIDAD TONO;4.60;Y2762;REV-030;3/09/2026 17:12:14;3/09/2026 17:12:14;673334;BLUE NIGHTS 19-4023 TCX / WHITE  T.M 11267 SS18;128.14;;R05;128.14;N;;IN000126;INTERLOCK OXFORD SANFORIZADO C/OSCUROS - TEÑIDO 2 F;7;0.00;NORMAL;TRAVIS MATHEW;TMW-2314;E-EN PRODUCCION;N;0.00;0;0;0;0;00:00;00:00;38;8.000;JA PA48;FALSO;0.00;0.00;I9225;ROSAEDGA
31;CONTROL CALIDAD TONO;3.60;Y4571;REV-030;4/09/2026 05:12:31;4/09/2026 05:12:31;2319A3;AWAKEN-DISCHARGE  TOMMY BAHAMAS 17685 SP27;521.13;;R05;521.13;N;;JE004902;JERSEY 30/1 TP(DISCHARGE) - CLARO Y MEDIO(BCI);23;0.00;NORMAL;TOMMY BAHAMA;TBH-444;E-EN PRODUCCION;N;0.00;0;0;0;0;00:00;00:00;38;6.000;JA AU106;FALSO;0.00;2.70;J0007;RSIMONS
31;CONTROL CALIDAD TONO;3.60;Y5190;REV-030;4/09/2026 05:52:25;4/09/2026 05:52:25;931CDH;OFF WHITE VINCE WOMENS 17798 SP27;196.40;;R05;196.40;N;;RI002704;RIB 1X1 SOLIDO LUXURY / 28/1 PP / 210BW /CLAROS;10;0.00;NORMAL;VINCE WOMENS;VCW-670;E-EN PRODUCCION;N;0.00;0;0;0;0;00:00;00:00;38;10.000;JA PIP 27;FALSO;0.00;0.00;I8920;RSIMONS
31;CONTROL CALIDAD TONO;2.60;Y4955;REV-030;4/09/2026 10:16:39;4/09/2026 10:16:39;931B6F;TAPIOCA12-1403TPX  DISCHARGE TEXTILES HEAWOOK 7859;251.70;;R05;251.70;N;;SE003321;JERSEY 30/1 ALGODON;11;0.00;NORMAL;TEXTILES THT PERU S.A.C;;E-EN PRODUCCION;N;0.00;0;0;0;0;00:00;00:00;38;8.000;;FALSO;0.00;0.00;;PAHANSERG
31;CONTROL CALIDAD TONO;3.60;Y5751;REV-030;4/09/2026 12:31:47;4/09/2026 12:31:47;431APB;PEACH BLUSH PANTONE 13-1504  FAHERTY 1778;441.78;;R05;441.78;N;;JE005117;JERSEY SLUB END ON END 24/1 FLAMÉ ORG+24/1 TC ORG - CLAROS;21;0.00;NORMAL;FAHERTY BRAND;FHB-112;E-EN PRODUCCION;N;0.00;0;0;0;0;00:00;00:00;38;6.000;JA AU107;FALSO;0.00;3.48;J0225;PAHANSERG
31;CONTROL CALIDAD TONO;3.60;Y4498;REV-030;4/09/2026 15:30:13;4/09/2026 15:30:13;N33AZQ;BLACK VINCE WOMENS 16487 PREFALL25;584.29;;R05;584.29;N;;FT000314;FRENCH TERRY 3 HILOS -30/1 PP + 10/1 TC - OSCUROS;22;0.00;NORMAL;VINCE WOMENS;VCW-662;E-EN PRODUCCION;N;0.00;0;0;0;0;00:00;00:00;38;9.000;R-JA PA53;FALSO;0.00;0.00;I8959;ROSAEDGA
31;CONTROL CALIDAD TONO;2.60;Y4499;REV-030;4/09/2026 15:30:14;4/09/2026 15:30:14;N33AZQ;BLACK VINCE WOMENS 16487 PREFALL25;0.96;;R05;0.96;N;;CT000061;"CINTA BORLON 3/8"" - 100% COTTON / COD.P-13#8 / PROV:ARACNE";1;0.00;NORMAL;VINCE WOMENS;VCW-662;E-EN PRODUCCION;N;0.00;0;0;0;0;00:00;00:00;38;9.000;CT000061;FALSO;0.00;0.00;I8959;ROSAEDGA
02;HIDROEXTRACTOR;3.00;Y5045;HID-01;28/08/2026 13:23:36;28/08/2026 13:23:59;633DHI;DARK DENIM 19-4118 TPX TEXT HEAWOOK 8659;381.15;;R05;381.15;N;;SE005028;JERSEY 20/1 100% COTTON;18;0.00;NORMAL;TEXTILES THT PERU S.A.C;;E-EN PRODUCCION;N;0.00;0;0;0;0;00:00;00:00;20;8.000;;FALSO;0.00;0.00;;ANCVILLR
02;HIDROEXTRACTOR;4.00;Y4380;HID-01;29/08/2026 07:12:44;29/08/2026 07:13:04;633DGC;NAVY BLAZER #19-3923 TCX TRAVIS MATHEW 17410 SS27;344.74;;R05;29.35;N;;FT000368;FRENCH TERRY W/SPANDEX 30/1 PP+40DN 290AW/OSCUROS;13;0.02;NORMAL;TRAVIS MATHEW;TMW-2320;T-EN ALMACEN TENIDO;N;1.00;0;1;0;0;00:01;00:00;20;7.000;JA PIP-27;FALSO;0.00;4.17;I9310;CACHILUI
02;HIDROEXTRACTOR;3.00;Y4331;HID-01;29/08/2026 09:55:55;29/08/2026 09:56:19;633DMK;SEAPORT TEXTILES HEAWOOK 8802;191.00;;R05;191.00;N;;SE003379;JERSEY 20/1 100% ALGODON;9;0.02;NORMAL;TEXTILES THT PERU S.A.C;;D-DESPACHADA;N;1.00;0;1;0;0;00:01;00:00;20;10.000;;FALSO;0.00;0.00;;MALUJU
02;HIDROEXTRACTOR;1.00;99999;HID-01;29/08/2026 10:00:45;1/09/2026 01:48:46;;FALTA CARGA;0.00;;;0.00;;;;0;0;0.00;;HIALPESA;;P-PROGRAMADA;N;3,828.00;63;48;0;0;63:48;00:00;20;;;FALSO;0.00;0.00;02250;
02;HIDROEXTRACTOR;3.00;Y4334;HID-01;1/09/2026 01:48:52;1/09/2026 02:39:11;633DML;PARISIAN   TEXTILES HEAWOOK 8802;315.10;;R05;315.10;N;;SE003379;JERSEY 20/1 100% ALGODON;15;0.85;NORMAL;TEXTILES THT PERU S.A.C;;D-DESPACHADA;N;51.00;0;51;0;0;00:51;00:00;20;10.000;;FALSO;0.00;0.00;;SANAHUIHER
02;HIDROEXTRACTOR;1.00;99999;HID-01;1/09/2026 02:39:48;1/09/2026 02:40:45;;FALTA CARGA;0.00;;;0.00;;;;0;0;0.00;;HIALPESA;;P-PROGRAMADA;N;1.00;0;1;0;0;00:01;00:00;20;;;FALSO;0.00;0.00;02250;
02;HIDROEXTRACTOR;1.00;99999;HID-01;1/09/2026 02:42:08;1/09/2026 14:40:30;;FALTA CARGA;0.00;;;0.00;;;;0;0;0.00;;HIALPESA;;P-PROGRAMADA;N;718.00;11;58;0;0;11:58;00:00;20;;;FALSO;0.00;0.00;02250;
02;HIDROEXTRACTOR;3.00;Y4232;HID-01;1/09/2026 14:40:34;1/09/2026 14:41:30;6329V0;LAKE TEXTILES HEAWOOK 8802;328.40;;R05;328.40;N;;SE003379;JERSEY 20/1 100% ALGODON;15;0.02;NORMAL;TEXTILES THT PERU S.A.C;;D-DESPACHADA;N;1.00;0;1;0;0;00:01;00:00;20;10.000;;FALSO;0.00;0.00;;AGUIJATO
02;HIDROEXTRACTOR;3.00;Y5762;HID-01;1/09/2026 19:24:15;1/09/2026 20:45:53;111B56;BLANCO TEXTIL  SALAS;247.00;;R05;247.00;N;;SE004618;TOALLA DE BAÑO TANGUIS ANILLO 12/1;6;1.35;NORMAL;CORPORACION TEXTIL SALAS SAC;;D-DESPACHADA;N;81.00;1;21;0;0;01:21;00:00;20;10.000;;FALSO;0.00;0.00;;MEMESAN
02;HIDROEXTRACTOR;1.00;99999;HID-01;1/09/2026 20:46:32;2/09/2026 03:25:47;;FALTA CARGA;0.00;;;0.00;;;;0;0;0.00;;HIALPESA;;P-PROGRAMADA;N;399.00;6;39;0;0;06:39;00:00;20;;;FALSO;0.00;0.00;02250;
02;HIDROEXTRACTOR;3.00;Y5068;HID-01;2/09/2026 03:25:49;2/09/2026 04:01:22;733BPR;MIAMI GREEN 19-0230 TCX TEXT HEAWOOK8816;295.90;;R05;295.90;N;;SE005028;JERSEY 20/1 100% COTTON;14;0.60;NORMAL;TEXTILES THT PERU S.A.C;;D-DESPACHADA;N;36.00;0;36;0;0;00:36;00:00;20;10.000;;FALSO;0.00;0.00;;ESOSOAL
02;HIDROEXTRACTOR;3.00;Y5435;HID-01;2/09/2026 04:01:22;2/09/2026 04:34:36;N33BCT;NEGRO  TEXT HEAWOOK 8890;378.75;;R05;378.75;N;;SE005028;JERSEY 20/1 100% COTTON;18;0.55;NORMAL;TEXTILES THT PERU S.A.C;;E-EN PRODUCCION;N;33.00;0;33;0;0;00:33;00:00;20;10.000;;FALSO;0.00;0.00;;ESOSOAL
02;HIDROEXTRACTOR;1.00;99999;HID-01;2/09/2026 04:35:20;2/09/2026 07:45:07;;FALTA CARGA;0.00;;;0.00;;;;0;0;0.00;;HIALPESA;;P-PROGRAMADA;N;190.00;3;10;0;0;03:10;00:00;20;;;FALSO;0.00;0.00;02250;
02;HIDROEXTRACTOR;3.00;Y4638;HID-01;2/09/2026 07:45:10;2/09/2026 07:46:32;111B63;BLANCO TEXT HEAWOOK 8410;396.87;;R05;54.27;N;;SE004542;PIQUE LACOST 24/1 100% COTTON;17;0.02;NORMAL;TEXTILES THT PERU S.A.C;;E-EN PRODUCCION;N;1.00;0;1;0;0;00:01;00:00;20;10.000;;FALSO;0.00;0.00;;ESOSOAL
02;HIDROEXTRACTOR;4.10;Y5068;HID-01;2/09/2026 16:31:14;2/09/2026 16:32:35;733BPR;MIAMI GREEN 19-0230 TCX TEXT HEAWOOK8816;295.90;;R01;295.90;S;;SE005028;JERSEY 20/1 100% COTTON;14;0.02;MATIZADO;TEXTILES THT PERU S.A.C;;D-DESPACHADA;N;1.00;0;1;0;1;00:01;00:01;20;10.000;;FALSO;0.00;0.00;;ALELOARTE
02;HIDROEXTRACTOR;3.00;Y4329;HID-01;2/09/2026 21:03:57;2/09/2026 21:34:04;433BK8;CARDINAL  TEXTILES HEAWOOK 8802;352.50;;R05;352.50;N;;SE003379;JERSEY 20/1 100% ALGODON;17;0.52;NORMAL;TEXTILES THT PERU S.A.C;;D-DESPACHADA;N;31.00;0;31;0;0;00:31;00:00;20;9.000;;FALSO;0.00;0.00;;MALUJU
02;HIDROEXTRACTOR;1.00;99999;HID-01;2/09/2026 21:34:25;3/09/2026 08:03:13;;FALTA CARGA;0.00;;;0.00;;;;0;0;0.00;;HIALPESA;;P-PROGRAMADA;N;629.00;10;29;0;0;10:29;00:00;20;;;FALSO;0.00;0.00;02250;
02;HIDROEXTRACTOR;5.40;Y4362;HID-01;3/09/2026 01:30:08;3/09/2026 03:18:16;111AM7;BLANCO MULTICOTON  7577;467.30;;R01;15.50;S;;SE004836;JERSEY 28/1 ALG PEINADO;20;1.80;MATIZADO;MULTICOTTON SAC;;T-EN ALMACEN TENIDO;N;108.00;1;48;1;48;01:48;01:48;20;8.000;;FALSO;0.00;0.00;;RSIERRA
02;HIDROEXTRACTOR;3.00;Y5379;HID-01;3/09/2026 14:42:02;3/09/2026 14:43:23;931CFE;BEIGE CARMELITA 8845;229.45;;R05;38.45;N;;SE004894;INTERLOCK 50/1 PP;8;0.02;NORMAL;TEXTIL CARMELITA SAC;;E-EN PRODUCCION;N;1.00;0;1;0;0;00:01;00:00;20;9.000;;FALSO;0.00;0.00;;MEMESAN
02;HIDROEXTRACTOR;5.30;Y3385;HID-01;3/09/2026 15:33:58;3/09/2026 16:46:24;N33BCW;NEGRO TRICOT FINE 8894;526.16;;R05;508.00;N;;SE005014;JERSEY 30/1 ALG. PEINADO;23;1.22;NORMAL;T&F TEXTILES S.A.;;E-EN PRODUCCION;N;73.00;1;13;0;0;01:13;00:00;20;6.000;;FALSO;0.00;0.00;;HUSOJUA
02;HIDROEXTRACTOR;3.00;Y5850;HID-01;3/09/2026 18:42:26;3/09/2026 18:42:52;111BAV;BLANCO   TEXTILES HEAWOOK 8757;441.10;;R05;441.10;N;;SE005028;JERSEY 20/1 100% COTTON;21;0.00;NORMAL;TEXTILES THT PERU S.A.C;;E-EN PRODUCCION;N;0.00;0;0;0;0;00:00;00:00;20;8.000;;FALSO;0.00;0.00;;MEMESAN
02;HIDROEXTRACTOR;3.00;Y5851;HID-01;4/09/2026 00:24:49;4/09/2026 01:47:27;111BAV;BLANCO   TEXTILES HEAWOOK 8757;425.00;;R05;425.00;N;;SE005028;JERSEY 20/1 100% COTTON;20;1.38;NORMAL;TEXTILES THT PERU S.A.C;;E-EN PRODUCCION;N;83.00;1;23;0;0;01:23;00:00;20;8.000;;FALSO;0.00;0.00;;MEMESAN
02;HIDROEXTRACTOR;3.00;Y5431;HID-01;4/09/2026 01:47:27;4/09/2026 02:40:22;433BKM;OXBLOOD RED 19-1524 TCX TEXT HEAWOOK8816;294.80;;R05;294.80;N;;SE005028;JERSEY 20/1 100% COTTON;14;0.88;NORMAL;TEXTILES THT PERU S.A.C;;E-EN PRODUCCION;N;53.00;0;53;0;0;00:53;00:00;20;10.000;;FALSO;0.00;0.00;;MEMESAN
02;HIDROEXTRACTOR;3.00;Y5057;HID-01;4/09/2026 02:40:22;4/09/2026 03:51:48;633DBE;INSIGNIA TEXT HEAWOOK 8444;377.90;;R05;377.90;N;;SE005028;JERSEY 20/1 100% COTTON;18;1.18;NORMAL;TEXTILES THT PERU S.A.C;;E-EN PRODUCCION;N;71.00;1;11;0;0;01:11;00:00;20;9.000;;FALSO;0.00;0.00;;MEMESAN
02;HIDROEXTRACTOR;7.30;Y4228;HID-01;4/09/2026 03:22:42;4/09/2026 05:00:55;633DMI;OCEAN  TEXTILES HEAWOOK 8802;296.00;;R14;296.00;S;;SE003379;JERSEY 20/1 100% ALGODON;14;1.63;HUMECTADO;TEXTILES THT PERU S.A.C;;E-EN PRODUCCION;N;98.00;1;38;1;38;01:38;01:38;20;10.000;;FALSO;0.00;0.00;;PAHANSERG
02;HIDROEXTRACTOR;3.00;Y5436;HID-01;4/09/2026 03:51:48;4/09/2026 04:37:59;N33BCT;NEGRO  TEXT HEAWOOK 8890;358.55;;R05;358.55;N;;SE005028;JERSEY 20/1 100% COTTON;17;0.77;NORMAL;TEXTILES THT PERU S.A.C;;E-EN PRODUCCION;N;46.00;0;46;0;0;00:46;00:00;20;10.000;;FALSO;0.00;0.00;;MEMESAN
02;HIDROEXTRACTOR;1.00;99999;HID-01;4/09/2026 04:39:54;4/09/2026 07:22:40;;TELA SIN PREPARAR;0.00;;;0.00;;;;0;0;0.00;;HIALPESA;;P-PROGRAMADA;N;163.00;2;43;0;0;02:43;00:00;20;;;FALSO;0.00;0.00;02250;
09;ABRIDORA;4.00;Y4401;ABR-01;28/08/2026 05:28:53;28/08/2026 07:18:32;931CEC;CREAM 11-0107 TCX FORTY SEVEN 17840;73.02;;R05;73.02;N;;JE005309;JERSEY 30/1 CT 100% ALGODON - COLORES CLAROS Y BLANCO;3;1.83;NORMAL;FORTY SEVEN;FSE-1228;T-EN ALMACEN TENIDO;N;110.00;1;50;0;0;01:50;00:00;216;10.000;JA AU107;FALSO;0.00;0.00;J1174;MEMESAN
09;ABRIDORA;4.80;Y5217;ABR-01;28/08/2026 05:36:59;28/08/2026 14:02:17;6329NZ;MARINA BLUE STANDARD VARSITY 16086 SP23;510.64;;R05;510.64;N;;FT000406;FRENCH TERRY 2 HILOS DIAGONAL CALADO 1-1 (X2 CABOS) - OSCUROS;21;8.43;NORMAL;VARSITY;VAR-299;E-EN PRODUCCION;N;506.00;8;26;0;0;08:26;00:00;216;6.000;LOTE  -  VS084  // J;FALSO;0.00;2.59;I9741;ANCVILLR
09;ABRIDORA;4.00;Y5398;ABR-01;28/08/2026 07:18:32;28/08/2026 08:37:12;931BJM;VINTAGE WHITE STANDARD VARSITY 16086 SP23;520.49;;R05;93.13;N;;FT000407;FRENCH TERRY 2 HILOS DIAGONAL CALADO 1-1 (X2 CABOS) - CLAROS;22;1.32;NORMAL;VARSITY;VAR-299;T-EN ALMACEN TENIDO;N;79.00;1;19;0;0;01:19;00:00;216;6.000;LOTE -  VS084  //  J;FALSO;0.00;0.00;I9741;ANCVILLR
09;ABRIDORA;5.00;Y4971;ABR-01;28/08/2026 08:42:53;28/08/2026 08:43:32;6739BN;TOTAL ECLIPSE TRAVIS MATHEW 17469 SS27;335.64;;R05;335.64;N;;PI000329;FALSO PIQUE C/SPANDEX ESTAMP DISCHARGE OSCURO- 75/72 POLY + 40/1 PP/POLY + 20D SPANDEX;17;0.02;NORMAL;TRAVIS MATHEW;TMW-2307;T-EN ALMACEN TENIDO;N;1.00;0;1;0;0;00:01;00:00;216;9.000;TPA13 GPB1;FALSO;0.00;0.00;I8876;RSIERRA
09;ABRIDORA;4.00;Y4075;ABR-01;28/08/2026 08:49:05;28/08/2026 09:07:39;931BJM;VINTAGE WHITE STANDARD VARSITY 16086 SP23;481.43;;R05;95.09;N;;FT000407;FRENCH TERRY 2 HILOS DIAGONAL CALADO 1-1 (X2 CABOS) - CLAROS;19;0.30;NORMAL;VARSITY;VAR-299;T-EN ALMACEN TENIDO;N;18.00;0;18;0;0;00:18;00:00;216;6.000;LOTE -  VS084  //  J;FALSO;0.00;0.00;I9743;ANCVILLR
09;ABRIDORA;5.00;Y3867;ABR-01;28/08/2026 09:07:39;28/08/2026 09:08:03;C00002;PREPARADO PARA ESTAMPAR;0.00;;R05;196.00;N;;SE004868;JERSEY FULL SPANDEX 30/1 PIMA ORGANICO - MODAL 50/;0;0.02;NORMAL;INTRATESA S.A.C.;;E-EN PRODUCCION;N;1.00;0;1;0;0;00:01;00:00;216;NO TIENE RECETA;;FALSO;0.00;0.00;;ANCVILLR
09;ABRIDORA;5.00;Y3866;ABR-01;28/08/2026 09:08:03;28/08/2026 09:17:27;C00002;PREPARADO PARA ESTAMPAR;0.00;;R05;134.90;N;;SE004868;JERSEY FULL SPANDEX 30/1 PIMA ORGANICO - MODAL 50/;0;0.15;NORMAL;INTRATESA S.A.C.;;P-PROGRAMADA;N;9.00;0;9;0;0;00:09;00:00;216;NO TIENE RECETA;;FALSO;0.00;0.00;;ANCVILLR
09;ABRIDORA;4.00;Y5377;ABR-01;28/08/2026 11:27:14;28/08/2026 11:30:10;B00004;BLANQUEO PARA PIGMENTAR;54.26;;R05;54.26;N;;PI000322;PIQUE SIMPLE PPT 20/1 PA//250 AW/GARMENT DYE;3;0.05;NORMAL;HIALPESA;;D-DESPACHADA;N;3.00;0;3;0;0;00:03;00:00;216;10.000;JA AU107;FALSO;0.00;0.00;;ANCVILLR
09;ABRIDORA;4.00;Y5380;ABR-01;28/08/2026 11:30:10;28/08/2026 11:32:07;L00BDQ;COMPASS/WHITE BILLY DRADY  17885 F27;31.76;;R05;31.76;N;;DE010395;JERSEY SLUB FEED STRIPE - 32/1 PIMA FLAME;2;0.03;NORMAL;BILLY  DRADDY;M0000554;D-DESPACHADA;N;2.00;0;2;0;0;00:02;00:00;216;10.000;;FALSO;0.00;1.95;O8854;ANCVILLR
09;ABRIDORA;4.00;Y4826;ABR-01;28/08/2026 11:32:07;28/08/2026 11:33:52;631B0X;VENICE CANAL VINCE MENS 17927 PREFALL27;23.36;;R05;23.36;N;;DE010404;MERCERIZED JERSEY 100% SUPIMA COTTON 150GSM;2;0.02;NORMAL;VINCE;M0000550;D-DESPACHADA;N;1.00;0;1;0;0;00:01;00:00;216;10.000;;FALSO;0.00;4.67;O8957;ANCVILLR
09;ABRIDORA;4.00;Y4712;ABR-01;28/08/2026 11:36:16;28/08/2026 11:36:49;111AJ5;GREY HEATHER BILLY DRADY 13296  SP20;9.84;;R05;9.84;N;;JE004261;JERSEY 30/1 HTR MEDIOS - COMPL;1;0.00;NORMAL;BILLY  DRADDY;M0000554;E-EN PRODUCCION;N;0.00;0;0;0;0;00:00;00:00;216;20.000;;FALSO;0.00;0.00;O8851;ANCVILLR
09;ABRIDORA;3.00;Y5193;ABR-01;28/08/2026 11:36:49;28/08/2026 11:37:22;L00BF6;CAMEL STONE MELANGE FAHERTY 17975;20.30;;R05;20.30;N;;DE009307;JERSEY SOLIDO SUEDED / PRENDA 7;1;0.02;NORMAL;FAHERTY BRAND;M0000559;D-DESPACHADA;N;1.00;0;1;0;0;00:01;00:00;216;10.000;;FALSO;0.00;4.82;O8889;ANCVILLR
09;ABRIDORA;3.00;Y5194;ABR-01;28/08/2026 11:36:50;28/08/2026 11:37:22;L00BF6;CAMEL STONE MELANGE FAHERTY 17975;24.34;;R05;24.34;N;;DE009307;JERSEY SOLIDO SUEDED / PRENDA 7;2;0.02;NORMAL;FAHERTY BRAND;M0000559;D-DESPACHADA;N;1.00;0;1;0;0;00:01;00:00;216;10.000;;FALSO;0.00;4.82;O8889;ANCVILLR
09;ABRIDORA;4.00;Y5475;ABR-01;28/08/2026 11:37:23;28/08/2026 11:37:51;633DNK;ROYAL 19-3953 TCX  FORTY SEVEN 17840;21.03;;R05;5.99;N;;JE005298;JERSEY 30/1 CT 100% ALGODON - OSCUROS Y MEDIOS;2;0.00;NORMAL;HIALPESA;;D-DESPACHADA;N;0.00;0;0;0;0;00:00;00:00;216;8.000;TTC TAU07;FALSO;0.00;0.00;;ANCVILLR
09;ABRIDORA;3.00;Y5195;ABR-01;28/08/2026 11:37:52;28/08/2026 11:38:30;L00BF7;BURGUNDY SMOKE MELANGE FAHERTY 17975 FALL26;20.16;;R05;20.16;N;;DE009307;JERSEY SOLIDO SUEDED / PRENDA 7;1;0.02;NORMAL;FAHERTY BRAND;M0000559;D-DESPACHADA;N;1.00;0;1;0;0;00:01;00:00;216;10.000;;FALSO;0.00;4.82;O8889;ANCVILLR
09;ABRIDORA;3.00;Y5196;ABR-01;28/08/2026 11:37:52;28/08/2026 11:38:30;L00BF7;BURGUNDY SMOKE MELANGE FAHERTY 17975 FALL26;24.24;;R05;24.24;N;;DE009307;JERSEY SOLIDO SUEDED / PRENDA 7;2;0.02;NORMAL;FAHERTY BRAND;M0000559;D-DESPACHADA;N;1.00;0;1;0;0;00:01;00:00;216;10.000;;FALSO;0.00;4.82;O8889;ANCVILLR
09;ABRIDORA;3.00;Y5197;ABR-01;28/08/2026 11:38:31;28/08/2026 11:39:25;L00BF8;GLACIER TIDE MELANGE E FAHERTY 17975 FALL26;19.84;;R05;19.84;N;;DE009307;JERSEY SOLIDO SUEDED / PRENDA 7;1;0.02;NORMAL;FAHERTY BRAND;M0000559;D-DESPACHADA;N;1.00;0;1;0;0;00:01;00:00;216;10.000;;FALSO;0.00;4.82;O8889;ANCVILLR
09;ABRIDORA;3.00;Y5198;ABR-01;28/08/2026 11:38:31;28/08/2026 11:39:25;L00BF8;GLACIER TIDE MELANGE E FAHERTY 17975 FALL26;24.72;;R05;24.72;N;;DE009307;JERSEY SOLIDO SUEDED / PRENDA 7;2;0.02;NORMAL;FAHERTY BRAND;M0000559;D-DESPACHADA;N;1.00;0;1;0;0;00:01;00:00;216;10.000;;FALSO;0.00;4.82;O8889;ANCVILLR
09;ABRIDORA;6.00;Y4606;ABR-01;28/08/2026 11:39:25;28/08/2026 11:42:06;9339P7;RUST SEQUOIA 19-1333 TCX  NORDSTROM 18039 F27;12.34;;R05;12.34;N;;JE005459;JERSEY 20/1 PP OSCUROS B/W;1;0.05;NORMAL;HIALPESA;;D-DESPACHADA;N;3.00;0;3;0;0;00:03;00:00;216;8.000;;FALSO;0.00;0.00;;ANCVILLR
09;ABRIDORA;6.00;Y4996;ABR-01;28/08/2026 11:39:26;28/08/2026 11:42:07;9339P7;RUST SEQUOIA 19-1333 TCX  NORDSTROM 18039 F27;5.16;;R05;5.16;N;;RI003120;RIB 1X1 20/1 PP - COMPL B/W;1;0.05;NORMAL;HIALPESA;;D-DESPACHADA;N;3.00;0;3;0;0;00:03;00:00;216;8.000;;FALSO;0.00;0.00;;ANCVILLR
09;ABRIDORA;2.00;Y5381;ABR-01;28/08/2026 12:10:23;28/08/2026 12:11:52;L00BDR;WHITE/ROSIEL  BILLY DRADY 17885 F27;20.62;;R05;20.62;N;;DE010395;JERSEY SLUB FEED STRIPE - 32/1 PIMA FLAME;1;0.02;NORMAL;BILLY  DRADDY;M0000554;D-DESPACHADA;N;1.00;0;1;0;0;00:01;00:00;216;10.000;;FALSO;0.00;1.95;O8854;RSIERRA
09;ABRIDORA;2.00;Y5439;ABR-01;28/08/2026 12:10:23;28/08/2026 12:11:52;L00BDR;WHITE/ROSIEL  BILLY DRADY 17885 F27;12.46;;R05;12.46;N;;DE010395;JERSEY SLUB FEED STRIPE - 32/1 PIMA FLAME;1;0.02;NORMAL;HIALPESA;;D-DESPACHADA;N;1.00;0;1;0;0;00:01;00:00;216;10.000;;FALSO;0.00;0.00;;RSIERRA
09;ABRIDORA;4.00;Y2046;ABR-01;28/08/2026 12:11:52;28/08/2026 12:48:34;433BLH;PORT WINE VINCE MENS 17927 PREFALL27;22.42;;R05;22.42;N;;DE010404;MERCERIZED JERSEY 100% SUPIMA COTTON 150GSM;1;0.62;NORMAL;VINCE;M0000550;D-DESPACHADA;N;37.00;0;37;0;0;00:37;00:00;216;10.000;;FALSO;0.00;4.67;O8479;RSIERRA
09;ABRIDORA;4.00;Y2160;ABR-01;28/08/2026 12:11:53;28/08/2026 12:48:34;433BLH;PORT WINE VINCE MENS 17927 PREFALL27;5.29;;R05;5.29;N;;DE010404;MERCERIZED JERSEY 100% SUPIMA COTTON 150GSM;1;0.62;NORMAL;VINCE;M0000550;D-DESPACHADA;N;37.00;0;37;0;0;00:37;00:00;216;10.000;JA PA53;FALSO;0.00;4.67;O8479;RSIERRA
09;ABRIDORA;4.00;Y4160;ABR-01;28/08/2026 12:48:34;28/08/2026 13:03:23;N33BBI;BLACK 19-0303 TCX FORTY SEVEN 17840;157.04;;R05;157.04;N;;JE005298;JERSEY 30/1 CT 100% ALGODON - OSCUROS Y MEDIOS;7;0.25;NORMAL;FORTY SEVEN;FSE-1234;T-EN ALMACEN TENIDO;N;15.00;0;15;0;0;00:15;00:00;216;8.000;JA AU107;FALSO;0.00;3.32;I9861;ANCVILLR
09;ABRIDORA;3.00;Y4982;ABR-01;28/08/2026 13:03:23;28/08/2026 13:03:49;N33B8U;NEGRO  TEXT HEAWOOK 8675;18.80;;R05;18.80;N;;SE004827;JERSEY 30/1 100% COTTON;1;0.00;NORMAL;TEXTILES THT PERU S.A.C;;D-DESPACHADA;N;0.00;0;0;0;0;00:00;00:00;216;12.000;;FALSO;0.00;0.00;;ANCVILLR
09;ABRIDORA;4.00;Y4863;ABR-01;28/08/2026 13:03:49;28/08/2026 13:12:17;633DO3;COASTAL  VINCE MENS 17870 SP27;240.00;;R05;240.00;N;;PI000280;PIQUE SIMPLE / 32/1COTT / 185AW / OSCUROS;12;0.15;NORMAL;VINCE;VNC-817;E-EN PRODUCCION;N;9.00;0;9;0;0;00:09;00:00;216;9.000;JA AU107;FALSO;0.00;3.97;I9222;ANCVILLR
09;ABRIDORA;4.00;Y4480;ABR-01;28/08/2026 13:12:17;28/08/2026 14:02:17;633DNI;NAVY 19-4010 TCX FORTY SEVEN 17840;535.38;;R05;535.38;N;;JE005298;JERSEY 30/1 CT 100% ALGODON - OSCUROS Y MEDIOS;25;0.83;NORMAL;FORTY SEVEN;FSE-1221;T-EN ALMACEN TENIDO;N;50.00;0;50;0;0;00:50;00:00;216;6.000;TAU-31;FALSO;0.00;3.32;J0210;ANCVILLR
09;ABRIDORA;4.00;Y4481;ABR-01;28/08/2026 14:25:48;28/08/2026 15:32:36;633DNI;NAVY 19-4010 TCX FORTY SEVEN 17840;535.63;;R05;535.63;N;;JE005298;JERSEY 30/1 CT 100% ALGODON - OSCUROS Y MEDIOS;25;1.12;NORMAL;FORTY SEVEN;FSE-1221;T-EN ALMACEN TENIDO;N;67.00;1;7;0;0;01:07;00:00;216;6.000;TAU-31;FALSO;0.00;0.00;J0208;ANCVILLR
09;ABRIDORA;4.00;Y3754;ABR-01;28/08/2026 15:32:36;28/08/2026 16:02:40;633DBN;TRUE BLUE  (HEARTS BL)  ROLLER RABBIT 17225;107.32;;R05;107.32;N;;IN000232;INTERLOCK SOLIDO 50/1 PP - COMPLEMENTO;6;0.50;NORMAL;ROLLER RABBIT;RRT-012B;E-EN PRODUCCION;N;30.00;0;30;0;0;00:30;00:00;216;10.000;JA PIP-27;FALSO;0.00;3.62;I9636;ANCVILLR
09;ABRIDORA;5.00;Y3865;ABR-01;28/08/2026 16:02:41;28/08/2026 17:18:51;C00002;PREPARADO PARA ESTAMPAR;0.00;;R05;332.00;N;;SE004868;JERSEY FULL SPANDEX 30/1 PIMA ORGANICO - MODAL 50/;0;1.27;NORMAL;INTRATESA S.A.C.;;E-EN PRODUCCION;N;76.00;1;16;0;0;01:16;00:00;216;NO TIENE RECETA;;FALSO;0.00;0.00;;ANCVILLR
09;ABRIDORA;1.00;99999;ABR-01;28/08/2026 16:06:46;28/08/2026 16:45:59;;FALTA DE TACHOS;0.00;;;0.00;;;;0;0;0.00;;HIALPESA;;P-PROGRAMADA;N;39.00;0;39;0;0;00:39;00:00;216;;;FALSO;0.00;0.00;02250;
09;ABRIDORA;4.00;Y5132;ABR-01;28/08/2026 17:18:51;28/08/2026 18:27:25;67399U;NAVY BLAZER 19-3923 TCX SUNDAYRED 16974 SP26;536.30;;R05;536.30;N;;FR000227;FRANELA C/SPANDEX 30/1MODAL SIRO+24/1CO/POLY+40D- OSCUROS TEÑIDO 2F;27;1.15;NORMAL;SUN DAY RED;SDR-051;E-EN PRODUCCION;N;69.00;1;9;0;0;01:09;00:00;216;6.000;JA M66;FALSO;0.00;0.00;I8916;ANCVILLR
09;ABRIDORA;4.00;Y5183;ABR-01;28/08/2026 21:07:08;28/08/2026 21:45:20;B00389;ARTIC WHITE VARISTY 15318 SP23;715.11;;R05;715.11;N;;JE005381;JERSEY FLAME (20/1 FLAME CO + 20/1 CO) - C/BLANCO Y CLAROS;32;0.63;NORMAL;VARSITY;VAR-298;T-EN ALMACEN TENIDO;N;38.00;0;38;0;0;00:38;00:00;216;8.000;LOTE- JA AU107 / JA;FALSO;0.00;0.00;I9735;MEMESAN
09;ABRIDORA;4.80;Y5460;ABR-01;28/08/2026 21:45:20;28/08/2026 21:49:36;931BJM;VINTAGE WHITE STANDARD VARSITY 16086 SP23;223.43;;R05;223.43;N;;FT000407;FRENCH TERRY 2 HILOS DIAGONAL CALADO 1-1 (X2 CABOS) - CLAROS;11;0.07;NORMAL;VARSITY;VAR-299;T-EN ALMACEN TENIDO;N;4.00;0;4;0;0;00:04;00:00;216;6.000;LOTE  -  JA AU106  /;FALSO;0.00;0.00;I9743;MEMESAN
09;ABRIDORA;4.70;Y5461;ABR-01;28/08/2026 21:45:20;28/08/2026 21:49:55;931BJM;VINTAGE WHITE STANDARD VARSITY 16086 SP23;257.59;;R05;162.50;N;;FT000407;FRENCH TERRY 2 HILOS DIAGONAL CALADO 1-1 (X2 CABOS) - CLAROS;8;0.07;NORMAL;VARSITY;VAR-299;T-EN ALMACEN TENIDO;N;4.00;0;4;0;0;00:04;00:00;216;6.000;LOTE -  VS084  //  J;FALSO;0.00;0.00;I9743;MEMESAN
09;ABRIDORA;4.00;Y5184;ABR-01;28/08/2026 23:29:03;29/08/2026 00:33:20;B00389;ARTIC WHITE VARISTY 15318 SP23;714.07;;R05;714.07;N;;JE005381;JERSEY FLAME (20/1 FLAME CO + 20/1 CO) - C/BLANCO Y CLAROS;32;1.07;NORMAL;VARSITY;VAR-298;T-EN ALMACEN TENIDO;N;64.00;1;4;0;0;01:04;00:00;216;8.000;LOTE- JA AU107 / JA;FALSO;0.00;0.00;I9735;LMORAN
09;ABRIDORA;4.00;Y3935;ABR-01;29/08/2026 00:33:20;29/08/2026 01:08:18;431ACE;ACK RED  VARSITY 15318 SP23;250.52;;R05;250.52;N;;JE005381;JERSEY FLAME (20/1 FLAME CO + 20/1 CO) - C/BLANCO Y CLAROS;11;0.58;NORMAL;VARSITY;VAR-298;T-EN ALMACEN TENIDO;N;35.00;0;35;0;0;00:35;00:00;216;8.000;LOTE- JA AU107 / JA;FALSO;0.00;0.00;I9735;MEMESAN
09;ABRIDORA;4.00;Y4259;ABR-01;29/08/2026 01:08:21;29/08/2026 03:29:40;631AEK;CAROLINA FORTY SEVEN 15305 F23;182.38;;R05;182.38;N;;JE004852;JERSEY FLAMÉ 24/1 TC - CLAROS;8;2.35;NORMAL;FORTY SEVEN;FSE-1223;T-EN ALMACEN TENIDO;N;141.00;2;21;0;0;02:21;00:00;216;10.000;JA AU107;FALSO;0.00;0.00;J0417;ANCVILLR
09;ABRIDORA;5.00;Y4960;ABR-01;29/08/2026 03:03:20;29/08/2026 05:00:22;971394;ITALIAN SAND TRAVIS MAHTHEW 17469 SS27;467.63;SECADO;R05;467.63;N;;PI000326;FALSO PIQUE C/SPANDEX ESTAMP SUBLIMADO C/CLAROS - 75/72 POLY + 40/1 PP/POLY + 20D SPANDEX;24;1.95;NORMAL;TRAVIS MATHEW;TMW-2311;T-EN ALMACEN TENIDO;N;117.00;1;57;0;0;01:57;00:00;216;8.000;PIP27 GPB1;FALSO;0.00;0.00;I8816;MEMESAN
09;ABRIDORA;4.00;Y4961;ABR-01;29/08/2026 03:03:20;29/08/2026 08:13:23;971394;ITALIAN SAND TRAVIS MAHTHEW 17469 SS27;60.96;SECADO;R05;60.96;N;;PI000327;FALSO PIQUE C/SPANDEX C/CLAROS - 75/72 POLY + 40/1 PP/POLY + 20D SPANDEX;3;5.17;NORMAL;TRAVIS MATHEW;TMW-2311;E-EN PRODUCCION;N;310.00;5;10;0;0;05:10;00:00;216;8.000;PIP27 GPB1;FALSO;0.00;0.00;I8816;MEMESAN
09;ABRIDORA;4.00;Y4506;ABR-01;29/08/2026 03:29:40;29/08/2026 03:52:17;93299T;ALMOND  VINCE WOMENS 17841 SPRING27;691.19;;R05;691.19;N;;FT000313;FRENCH TERRY 3 HILOS -30/1 PP + 10/1 TC - CLAROS;32;0.38;NORMAL;VINCE WOMENS;VCW-662;E-EN PRODUCCION;N;23.00;0;23;0;0;00:23;00:00;216;8.000;JA PA53;FALSO;0.00;3.97;I8964;MEMESAN
09;ABRIDORA;4.00;Y4114;ABR-01;29/08/2026 03:52:17;29/08/2026 05:37:43;7319UZ;WASHED MOUNT DUME VINCE MENS 17861 SPRING27;158.34;;R05;158.34;N;;JE005408;JERSEY SOLIDO / 20/1COTTON/ CLAROS (DESGASTEPRENDA);9;1.75;NORMAL;VINCE;VNC-814;T-EN ALMACEN TENIDO;N;105.00;1;45;0;0;01:45;00:00;216;10.000;;FALSO;0.00;0.00;I9221;MEMESAN
09;ABRIDORA;4.00;Y5216;ABR-01;29/08/2026 05:37:43;29/08/2026 05:46:27;931CIB;SANDSTONE(IGUAL AL COD.931CEE  DE LA CARTA 17840 F;46.78;;R05;13.60;N;;DE010417;JERSEY 24/1 100% COTTON;2;0.15;NORMAL;HIALPESA;;E-EN PRODUCCION;N;9.00;0;9;0;0;00:09;00:00;216;10.000;JA AU103;FALSO;0.00;0.00;;ANCVILLR
09;ABRIDORA;5.00;Y5216;ABR-01;29/08/2026 05:37:43;29/08/2026 05:46:27;931CIB;SANDSTONE(IGUAL AL COD.931CEE  DE LA CARTA 17840 F;46.78;;R05;33.18;N;;DE010417;JERSEY 24/1 100% COTTON;2;0.15;NORMAL;HIALPESA;;E-EN PRODUCCION;N;9.00;0;9;0;0;00:09;00:00;216;10.000;JA AU103;FALSO;0.00;0.00;;ANCVILLR
09;ABRIDORA;4.00;Y4269;ABR-01;29/08/2026 05:46:27;29/08/2026 05:53:47;931B9Y;WHITE WASH FORTY SEVEN 15305 F23;61.00;;R05;61.00;N;;JE004852;JERSEY FLAMÉ 24/1 TC - CLAROS;3;0.12;NORMAL;FORTY SEVEN;FSE-1223;T-EN ALMACEN TENIDO;N;7.00;0;7;0;0;00:07;00:00;216;10.000;JA AU107;FALSO;0.00;0.00;J0417;ANCVILLR
09;ABRIDORA;4.00;Y4112;ABR-01;29/08/2026 05:53:47;29/08/2026 06:18:42;431APQ;WASHED POWDER PUFF VINCE MENS 17861 SPRING27;126.52;;R05;126.52;N;;JE005408;JERSEY SOLIDO / 20/1COTTON/ CLAROS (DESGASTEPRENDA);7;0.42;NORMAL;VINCE;VNC-814;T-EN ALMACEN TENIDO;N;25.00;0;25;0;0;00:25;00:00;216;10.000;;FALSO;0.00;0.00;I9220;ANCVILLR
09;ABRIDORA;4.00;Y5145;ABR-01;29/08/2026 06:18:42;29/08/2026 07:48:43;931C8X;OFF WHITE VINCE WOMENS 17561 F26;681.20;;R05;681.20;N;;FT000313;FRENCH TERRY 3 HILOS -30/1 PP + 10/1 TC - CLAROS;30;1.50;NORMAL;VINCE WOMENS;VCW-662;T-EN ALMACEN TENIDO;N;90.00;1;30;0;0;01:30;00:00;216;8.000;JA PA53;FALSO;0.00;3.97;I8961;ANCVILLR
09;ABRIDORA;3.00;Y5390;ABR-01;29/08/2026 07:48:43;29/08/2026 08:54:55;111B6N;WHITE  ROLLER RABBIT 1722;489.94;;R05;489.94;N;;IN000229;INTERLOCK ESTAMPADO PIGMENTO FULL COBERTURA 50/1 NE;25;1.10;NORMAL;ROLLER RABBIT;RRT-012F;E-EN PRODUCCION;N;66.00;1;6;0;0;01:06;00:00;216;8.000;02P-26;FALSO;0.00;2.10;J1568;MALUJU
09;ABRIDORA;4.00;Y4229;ABR-01;29/08/2026 08:54:55;29/08/2026 09:08:59;633DNK;ROYAL 19-3953 TCX  FORTY SEVEN 17840;624.42;;R05;624.42;N;;JE005298;JERSEY 30/1 CT 100% ALGODON - OSCUROS Y MEDIOS;29;0.23;NORMAL;FORTY SEVEN;FSE-1221;T-EN ALMACEN TENIDO;N;14.00;0;14;0;0;00:14;00:00;216;8.000;TTC TAU24;FALSO;0.00;3.32;J0208;MALUJU
09;ABRIDORA;4.00;Y5430;ABR-01;29/08/2026 08:54:56;29/08/2026 09:09:00;633DNK;ROYAL 19-3953 TCX  FORTY SEVEN 17840;104.28;;R05;104.28;N;;JE005298;JERSEY 30/1 CT 100% ALGODON - OSCUROS Y MEDIOS;5;0.23;NORMAL;FORTY SEVEN;FSE-1234;T-EN ALMACEN TENIDO;N;14.00;0;14;0;0;00:14;00:00;216;8.000;TTC TAU24;FALSO;0.00;3.32;I9865;MALUJU
09;ABRIDORA;3.00;Y4768;ABR-01;29/08/2026 09:09:00;29/08/2026 09:13:22;631AYU;AZUL 15-4415TCX   TEXT HEAWOOK 8778;281.20;;R05;281.20;N;;SE004776;RIB 2X1 LYCRADO 30/1 20 ALGODON 95%SPANDEX 5%DENSI;14;0.08;NORMAL;THT EXPORT SAC;;D-DESPACHADA;N;5.00;0;5;0;0;00:05;00:00;216;8.000;;FALSO;0.00;0.00;;MALUJU
09;ABRIDORA;4.00;Y4068;ABR-01;29/08/2026 09:42:49;29/08/2026 09:48:54;7319QP;SAGE 16-5808 TCX VARSITY 16086;466.02;;R05;33.12;N;;FT000406;FRENCH TERRY 2 HILOS DIAGONAL CALADO 1-1 (X2 CABOS) - OSCUROS;22;0.10;NORMAL;VARSITY;VAR-299;T-EN ALMACEN TENIDO;N;6.00;0;6;0;0;00:06;00:00;216;6.000;LOTE  -  VS084  // J;FALSO;0.00;3.12;I9743;MALUJU
09;ABRIDORA;4.00;Y4366;ABR-01;29/08/2026 09:48:54;29/08/2026 09:50:15;111BB8;WHITE PANTONE 11-0601 FAHERTY 17789 SP27;28.00;;R05;28.00;N;;DE009841;JERSEY 40/1 PIMA PEINA;2;0.03;NORMAL;HIALPESA;;D-DESPACHADA;N;2.00;0;2;0;0;00:02;00:00;216;10.000;JA PA51;FALSO;0.00;0.00;;RSIERRA
09;ABRIDORA;4.00;Y4512;ABR-01;29/08/2026 10:02:19;29/08/2026 10:22:17;N33AFF;FLINT BLACK MISMO DE LA CARTA 14186  FORTY SEVEN 1;355.82;;R05;355.82;N;;JE004634;JERSEY 36/1 TC 135GR/M2 A/W C/OSCUROS;18;0.33;NORMAL;FORTY SEVEN;FSE-1233;D-DESPACHADA;N;20.00;0;20;0;0;00:20;00:00;216;7.000;JA AU107;FALSO;0.00;3.72;I9857;MALUJU
09;ABRIDORA;4.00;Y4968;ABR-01;29/08/2026 10:22:17;29/08/2026 10:44:10;L00BDA;TIDEWATER / H. GREY VINCE MENS 17871 SP27;579.37;;R05;55.78;N;;MS000204;FLAT BACK PIQUE SUEDED(BACK)/30/1COTT+20NYLON/315AW/CLAROS;26;0.37;NORMAL;VINCE;VNC-816;E-EN PRODUCCION;N;22.00;0;22;0;0;00:22;00:00;216;10.000;46615;FALSO;0.00;0.00;I9217;MALUJU
09;ABRIDORA;5.00;Y4968;ABR-01;29/08/2026 10:45:25;29/08/2026 10:46:02;L00BDA;TIDEWATER / H. GREY VINCE MENS 17871 SP27;579.37;;R05;523.59;N;;MS000204;FLAT BACK PIQUE SUEDED(BACK)/30/1COTT+20NYLON/315AW/CLAROS;26;0.02;NORMAL;VINCE;VNC-816;E-EN PRODUCCION;N;1.00;0;1;0;0;00:01;00:00;216;10.000;46615;FALSO;0.00;0.00;I9217;RSIERRA
09;ABRIDORA;4.00;Y4266;ABR-01;29/08/2026 12:05:31;29/08/2026 13:07:46;633DLW;DARK NAVY FORTY SEVEN 15305;42.26;;R05;42.26;N;;JE004848;JERSEY FLAMÉ 24/1 TC - OSCUROS;2;1.03;NORMAL;FORTY SEVEN;FSE-1223;T-EN ALMACEN TENIDO;N;62.00;1;2;0;0;01:02;00:00;216;10.000;JA AU107;FALSO;0.00;3.72;J0417;MALUJU
09;ABRIDORA;3.00;Y4460;ABR-01;29/08/2026 13:07:46;29/08/2026 13:14:02;433BHY;RED FORTY SEVEN 17472;365.29;;R05;365.29;N;;JE005304;JERSEYSOLIDO 20/1 - OPEN END / COLORES: MEDIOS Y OSCUROS/ALT GG20;15;0.12;NORMAL;FORTY SEVEN;FSE-1219;T-EN ALMACEN TENIDO;N;7.00;0;7;0;0;00:07;00:00;216;10.000;VS083;FALSO;0.00;2.42;J1536;MALUJU
09;ABRIDORA;3.00;Y5385;ABR-01;29/08/2026 13:07:47;29/08/2026 13:14:02;433BHY;RED FORTY SEVEN 17472;125.30;;R05;125.30;N;;JE005304;JERSEYSOLIDO 20/1 - OPEN END / COLORES: MEDIOS Y OSCUROS/ALT GG20;6;0.12;NORMAL;FORTY SEVEN;FSE-1256;T-EN ALMACEN TENIDO;N;7.00;0;7;0;0;00:07;00:00;216;10.000;VS083;FALSO;0.00;2.42;J1533;MALUJU
09;ABRIDORA;2.00;Y5591;ABR-01;29/08/2026 13:14:02;29/08/2026 13:15:25;N33B6V;BLACK NORDTROM 17345 SP26;10.00;;R05;10.00;N;;DE010371;RIB 2X2 C/SPANDEX;1;0.02;NORMAL;HIALPESA;;D-DESPACHADA;N;1.00;0;1;0;0;00:01;00:00;216;10.000;JA PA54;FALSO;0.00;0.00;;MALUJU
09;ABRIDORA;4.00;Y3977;ABR-01;29/08/2026 13:14:03;29/08/2026 13:15:25;N33B6V;BLACK NORDTROM 17345 SP26;21.70;;R05;20.52;N;;PI000306;PIQUE LACOSTE SOLIDO /RESI(30GR) /24/1 PP / 215AW /  OSCUROS;1;0.02;NORMAL;HIALPESA;;D-DESPACHADA;N;1.00;0;1;0;0;00:01;00:00;216;10.000;JA PA54;FALSO;0.00;0.00;;MALUJU
09;ABRIDORA;5.00;Y4985;ABR-01;29/08/2026 13:15:25;29/08/2026 13:19:21;6739CW;NAVY BLAZER 19-3923 TCX/NAVY BLAZER 19-3923 TCX SU;10.03;;R05;10.03;N;;IN000125;INTERLOCK OXFORD SANFORIZADO C/CLAROS - TEÑIDO 2 F;1;0.07;NORMAL;HIALPESA;;D-DESPACHADA;N;4.00;0;4;0;0;00:04;00:00;216;15.000;;FALSO;0.00;0.00;;MALUJU
09;ABRIDORA;5.00;Y3254;ABR-01;29/08/2026 13:15:26;29/08/2026 13:19:21;6739CW;NAVY BLAZER 19-3923 TCX/NAVY BLAZER 19-3923 TCX SU;5.06;;R05;5.06;N;;IN000125;INTERLOCK OXFORD SANFORIZADO C/CLAROS - TEÑIDO 2 F;1;0.07;NORMAL;HIALPESA;;D-DESPACHADA;N;4.00;0;4;0;0;00:04;00:00;216;15.000;JA PA48;FALSO;0.00;0.00;;MALUJU
09;ABRIDORA;6.00;Y4603;ABR-01;29/08/2026 13:19:21;29/08/2026 13:19:33;6329W4;BLUE SWEEP 18-3936 TCX  NORDSTROM 18039 F27;12.86;;R05;12.86;N;;JE005459;JERSEY 20/1 PP OSCUROS B/W;2;0.00;NORMAL;HIALPESA;;D-DESPACHADA;N;0.00;0;0;0;0;00:00;00:00;216;12.000;;FALSO;0.00;0.00;;MALUJU
09;ABRIDORA;6.00;Y5001;ABR-01;29/08/2026 13:21:26;29/08/2026 13:22:39;6329W4;BLUE SWEEP 18-3936 TCX  NORDSTROM 18039 F27;5.16;;R05;5.16;N;;RI003120;RIB 1X1 20/1 PP - COMPL B/W;1;0.02;NORMAL;HIALPESA;;D-DESPACHADA;N;1.00;0;1;0;0;00:01;00:00;216;12.000;;FALSO;0.00;0.00;;MALUJU
09;ABRIDORA;4.00;Y4003;ABR-01;29/08/2026 13:22:39;29/08/2026 13:44:18;9329A1;CAFÉ LATTE VINCE MENS 17924 PREFALL27;5.00;;R05;5.00;N;;DE010371;RIB 2X2 C/SPANDEX;1;0.37;NORMAL;HIALPESA;;D-DESPACHADA;N;22.00;0;22;0;0;00:22;00:00;216;15.000;;FALSO;0.00;0.00;;RSIERRA
09;ABRIDORA;6.00;Y4602;ABR-01;29/08/2026 13:59:35;29/08/2026 14:00:47;N319NW;BEIGE SILVER 14-4501 TCX  NORDSTROM 18039 F27;12.48;;R05;12.48;N;;JE005460;JERSEY 20/1 PP CLAROS B/W;1;0.02;NORMAL;HIALPESA;;D-DESPACHADA;N;1.00;0;1;0;0;00:01;00:00;216;10.000;JA PA50;FALSO;0.00;0.00;;MALUJU
09;ABRIDORA;6.00;Y5002;ABR-01;29/08/2026 13:59:36;29/08/2026 14:00:47;N319NW;BEIGE SILVER 14-4501 TCX  NORDSTROM 18039 F27;5.16;;R05;5.16;N;;RI003120;RIB 1X1 20/1 PP - COMPL B/W;1;0.02;NORMAL;HIALPESA;;D-DESPACHADA;N;1.00;0;1;0;0;00:01;00:00;216;10.000;;FALSO;0.00;0.00;;MALUJU
09;ABRIDORA;6.00;Y5225;ABR-01;29/08/2026 14:11:50;29/08/2026 14:26:12;6739CG;COASTAL VINCE MENS 17757 SP27;21.08;;R05;21.08;N;;DE010265;MACRO HONEYCOMB 230GSM 50%COTTON 50%POLY;1;0.25;NORMAL;VINCE;M0000550;D-DESPACHADA;N;15.00;0;15;0;0;00:15;00:00;216;10.000;AU102 PB32;FALSO;0.00;0.00;O8956;MALUJU
09;ABRIDORA;4.00;Y4236;ABR-01;29/08/2026 14:26:12;29/08/2026 15:57:09;N33BBI;BLACK 19-0303 TCX FORTY SEVEN 17840;703.23;;R05;703.23;N;;JE005298;JERSEY 30/1 CT 100% ALGODON - OSCUROS Y MEDIOS;32;1.52;NORMAL;FORTY SEVEN;FSE-1221;T-EN ALMACEN TENIDO;N;91.00;1;31;0;0;01:31;00:00;216;8.000;JA AU107;FALSO;0.00;3.32;J0208;MALUJU
09;ABRIDORA;3.00;Y5420;ABR-01;29/08/2026 15:57:09;29/08/2026 16:07:31;6739CS;TRUE NAVY  COFACO 8897;639.35;;R05;639.35;N;;SE004986;JERSEY 40/1 VORTEX ORG PIMA/LYOCELL;25;0.17;NORMAL;COFACO INDUSTRIES S.A.C.;;D-DESPACHADA;N;10.00;0;10;0;0;00:10;00:00;216;10.000;;FALSO;0.00;0.00;;MALUJU
09;ABRIDORA;3.00;Y5421;ABR-01;29/08/2026 17:43:51;29/08/2026 18:34:54;6739CS;TRUE NAVY  COFACO 8897;633.60;;R05;633.60;N;;SE004986;JERSEY 40/1 VORTEX ORG PIMA/LYOCELL;25;0.85;NORMAL;COFACO INDUSTRIES S.A.C.;;D-DESPACHADA;N;51.00;0;51;0;0;00:51;00:00;216;10.000;;FALSO;0.00;0.00;;MALUJU
09;ABRIDORA;5.00;Y2763;ABR-01;30/08/2026 01:24:44;30/08/2026 03:10:36;N72106;QUIETSHADE/ WHITE  TRAVIS MATHEW 10795 F/H2017;380.74;;R05;380.74;N;;IN000125;INTERLOCK OXFORD SANFORIZADO C/CLAROS - TEÑIDO 2 F;19;1.77;NORMAL;TRAVIS MATHEW;TMW-2314;E-EN PRODUCCION;N;106.00;1;46;0;0;01:46;00:00;216;7.000;JA PA48;FALSO;0.00;0.00;I9224;MEMESAN
09;ABRIDORA;4.00;Y5178;ABR-01;30/08/2026 03:10:03;30/08/2026 03:13:33;631AX9;SPLISH SPLASH 16-4520 TCX ROLLER 17225;93.04;;R05;93.04;N;;IN000232;INTERLOCK SOLIDO 50/1 PP - COMPLEMENTO;5;0.05;NORMAL;ROLLER RABBIT;RRT-012G;E-EN PRODUCCION;N;3.00;0;3;0;0;00:03;00:00;216;9.000;02P-26;FALSO;0.00;3.62;J1553;MEMESAN
09;ABRIDORA;3.00;Y5391;ABR-01;30/08/2026 03:10:36;30/08/2026 03:12:34;111B6N;WHITE  ROLLER RABBIT 1722;525.58;;R05;525.58;N;;IN000229;INTERLOCK ESTAMPADO PIGMENTO FULL COBERTURA 50/1 NE;26;0.03;NORMAL;ROLLER RABBIT;RRT-012F;E-EN PRODUCCION;N;2.00;0;2;0;0;00:02;00:00;216;8.000;02P-26;FALSO;0.00;2.10;J1569;MEMESAN
09;ABRIDORA;4.00;Y5141;ABR-01;30/08/2026 03:57:37;30/08/2026 09:25:14;931C8X;OFF WHITE VINCE WOMENS 17561 F26;675.26;;R05;675.26;N;;FT000313;FRENCH TERRY 3 HILOS -30/1 PP + 10/1 TC - CLAROS;26;5.47;NORMAL;VINCE WOMENS;VCW-662;T-EN ALMACEN TENIDO;N;328.00;5;28;0;0;05:28;00:00;216;8.000;JA PA53;FALSO;0.00;3.97;I8959;ANCVILLR
09;ABRIDORA;4.00;Y4407;ABR-01;30/08/2026 04:10:30;30/08/2026 04:10:39;N33BBI;BLACK 19-0303 TCX FORTY SEVEN 17840;538.00;;R05;538.00;N;;JE005298;JERSEY 30/1 CT 100% ALGODON - OSCUROS Y MEDIOS;25;0.00;NORMAL;FORTY SEVEN;FSE-1228;T-EN ALMACEN TENIDO;N;0.00;0;0;0;0;00:00;00:00;216;6.000;TAU-31;FALSO;0.00;3.32;J1174;CACHILUI
09;ABRIDORA;3.00;Y5080;ABR-01;30/08/2026 04:31:45;30/08/2026 05:19:30;111B6N;WHITE  ROLLER RABBIT 1722;447.78;;R05;447.78;N;;IN000229;INTERLOCK ESTAMPADO PIGMENTO FULL COBERTURA 50/1 NE;22;0.80;NORMAL;ROLLER RABBIT;RRT-012G;T-EN ALMACEN TENIDO;N;48.00;0;48;0;0;00:48;00:00;216;8.000;02P-26;FALSO;0.00;3.32;J1555;LMORAN
09;ABRIDORA;4.00;Y3202;ABR-01;30/08/2026 05:19:31;30/08/2026 05:47:28;111688;BLANCO T.SUR;443.81;;R05;443.81;N;;JE004456;JERSEY 30/1-100% ALGODON ACABADO ABIERTO /CLAROS;23;0.47;NORMAL;TEXTILES DEL SUR S.A.;;E-EN PRODUCCION;N;28.00;0;28;0;0;00:28;00:00;216;8.000;JA AU106;FALSO;0.00;0.00;;LMORAN
09;ABRIDORA;5.40;Y4388;ABR-01;30/08/2026 05:47:28;30/08/2026 05:47:35;3339D8;ORANGE 17-1562 TCX FORTY SEVEN 17840;131.80;;R14;131.80;S;;JE005298;JERSEY 30/1 CT 100% ALGODON - OSCUROS Y MEDIOS;6;0.00;HUMECTADO;FORTY SEVEN;FSE-1228;T-EN ALMACEN TENIDO;N;0.00;0;0;0;0;00:00;00:00;216;9.000;TTC TAU20;FALSO;0.00;3.32;J1171;CACHILUI
09;ABRIDORA;4.00;Y4841;ABR-01;30/08/2026 05:56:39;30/08/2026 07:38:34;111BAD;POLAR WHITE FORTY SEVEN 13694;446.75;;R05;446.75;N;;JE005309;JERSEY 30/1 CT 100% ALGODON - COLORES CLAROS Y BLANCO;21;1.70;NORMAL;FORTY SEVEN;FSE-1228;T-EN ALMACEN TENIDO;N;102.00;1;42;0;0;01:42;00:00;216;9.000;JA AU107;FALSO;0.00;0.00;J1169;LMORAN
09;ABRIDORA;4.00;Y4842;ABR-01;30/08/2026 08:14:19;30/08/2026 08:51:53;111BAD;POLAR WHITE FORTY SEVEN 13694;446.60;;R05;446.60;N;;JE005309;JERSEY 30/1 CT 100% ALGODON - COLORES CLAROS Y BLANCO;21;0.62;NORMAL;FORTY SEVEN;FSE-1228;T-EN ALMACEN TENIDO;N;37.00;0;37;0;0;00:37;00:00;216;9.000;JA AU107;FALSO;0.00;4.00;J1169;ANCVILLR
09;ABRIDORA;4.00;Y3203;ABR-01;30/08/2026 08:51:54;30/08/2026 09:18:11;111688;BLANCO T.SUR;443.17;;R05;443.17;N;;JE004456;JERSEY 30/1-100% ALGODON ACABADO ABIERTO /CLAROS;23;0.45;NORMAL;TEXTILES DEL SUR S.A.;;E-EN PRODUCCION;N;27.00;0;27;0;0;00:27;00:00;216;8.000;JA AU106;FALSO;0.00;0.00;;ANCVILLR
09;ABRIDORA;5.12;Y2406;ABR-01;30/08/2026 09:18:11;30/08/2026 09:24:21;631AZ5;ATOMIZER 14-4514 TPG ROLLER RABBIT 17228;110.76;;R01;110.76;S;;IN000252;INTERLOCK SOLIDO 40/1 PIMA MODAL 50/50 - 225 AW;6;0.10;MATIZADO;ROLLER RABBIT;RRT-017;T-EN ALMACEN TENIDO;N;6.00;0;6;0;6;00:06;00:06;216;10.000;PA54 M65;FALSO;0.00;0.00;I9053;ANCVILLR
09;ABRIDORA;4.00;Y4743;ABR-01;30/08/2026 09:38:17;30/08/2026 10:14:29;631B00;TIDE WATER VINCE MENS 17864 SP27;135.24;;R05;135.24;N;;JE003190;JERSEY 40/1 P. PIMA  C/CLARO 1% ANTIP 135 A/W;6;0.60;NORMAL;VINCE;VNC-813;E-EN PRODUCCION;N;36.00;0;36;0;0;00:36;00:00;216;10.000;;FALSO;0.00;0.00;I9203;ANCVILLR
09;ABRIDORA;4.00;Y5471;ABR-01;30/08/2026 10:14:29;30/08/2026 11:12:33;531917;FRAGRANT LILAC  14-3204 TCX  FAHERTY 17153 FALL25;10.28;;R05;10.28;N;;JE005389;JERSEY SOLIDO ESMERILADO 30/1 PP - 150 AW - COMPLEMENTO/CLAROS;1;0.97;NORMAL;HIALPESA;;E-EN PRODUCCION;N;58.00;0;58;0;0;00:58;00:00;216;20.000;JA PIP-27;FALSO;0.00;0.00;;ANCVILLR
09;ABRIDORA;4.70;Y4059;ABR-01;30/08/2026 11:33:43;30/08/2026 12:03:13;431APD;SEA SALT VARSITY 17779;415.70;;R05;325.74;N;;FT000407;FRENCH TERRY 2 HILOS DIAGONAL CALADO 1-1 (X2 CABOS) - CLAROS;16;0.50;NORMAL;VARSITY;VAR-299;T-EN ALMACEN TENIDO;N;30.00;0;30;0;0;00:30;00:00;216;6.000;LOTE -  VS084  //  J;FALSO;0.00;3.12;I9744;ANCVILLR
09;ABRIDORA;4.00;Y4059;ABR-01;30/08/2026 11:33:43;30/08/2026 12:12:11;431APD;SEA SALT VARSITY 17779;415.70;;R05;89.96;N;;FT000407;FRENCH TERRY 2 HILOS DIAGONAL CALADO 1-1 (X2 CABOS) - CLAROS;16;0.65;NORMAL;VARSITY;VAR-299;T-EN ALMACEN TENIDO;N;39.00;0;39;0;0;00:39;00:00;216;6.000;LOTE -  VS084  //  J;FALSO;0.00;3.12;I9744;ANCVILLR
09;ABRIDORA;3.00;Y4957;ABR-01;30/08/2026 12:17:58;30/08/2026 12:18:17;9339O1;MARROM JAVA 19-1016 TCX  TEXT HEAWOOK 8851;471.45;;R05;471.45;N;;SE005035;INTERLOCK 50/1 PEINADO;22;0.02;NORMAL;THT EXPORT SAC;;D-DESPACHADA;N;1.00;0;1;0;0;00:01;00:00;216;6.000;;FALSO;0.00;0.00;;ANCVILLR
09;ABRIDORA;5.00;Y5137;ABR-01;30/08/2026 12:18:17;30/08/2026 12:19:01;6739BN;TOTAL ECLIPSE TRAVIS MATHEW 17469 SS27;153.59;;R05;153.59;N;;PI000329;FALSO PIQUE C/SPANDEX ESTAMP DISCHARGE OSCURO- 75/72 POLY + 40/1 PP/POLY + 20D SPANDEX;9;0.02;NORMAL;TRAVIS MATHEW;TMW-2307;E-EN PRODUCCION;N;1.00;0;1;0;0;00:01;00:00;216;9.000;TPA13 GPB1;FALSO;0.00;0.00;I8876;ANCVILLR
09;ABRIDORA;5.00;Y5136;ABR-01;30/08/2026 12:20:21;30/08/2026 14:16:56;6739BN;TOTAL ECLIPSE TRAVIS MATHEW 17469 SS27;133.92;;R05;133.92;N;;PI000329;FALSO PIQUE C/SPANDEX ESTAMP DISCHARGE OSCURO- 75/72 POLY + 40/1 PP/POLY + 20D SPANDEX;7;1.93;NORMAL;TRAVIS MATHEW;TMW-2307;E-EN PRODUCCION;N;116.00;1;56;0;0;01:56;00:00;216;9.000;TPA13 GPB1;FALSO;0.00;0.00;I8876;ANCVILLR
09;ABRIDORA;4.00;Y5386;ABR-01;31/08/2026 10:02:00;31/08/2026 10:09:58;L00BFU;ULTIMATE GREY  SUNDAY 17987 FALL/HOLLIDAY27;65.16;;R05;65.16;N;;DE010451;DOBLE FACE C/NYLON - 30/1COTT/POLY(H/C)+30/1COTT(H/C);4;0.12;NORMAL;SUN DAY RED;M0000556;D-DESPACHADA;N;7.00;0;7;0;0;00:07;00:00;216;10.000;;FALSO;0.00;3.00;O8848;ANCVILLR
09;ABRIDORA;4.00;Y5384;ABR-01;31/08/2026 10:09:58;31/08/2026 10:18:09;L00BFT;GOLD  SUNDAY 17987 FALL/HOLLIDAY27;64.34;;R05;64.34;N;;DE010451;DOBLE FACE C/NYLON - 30/1COTT/POLY(H/C)+30/1COTT(H/C);4;0.15;NORMAL;SUN DAY RED;M0000556;D-DESPACHADA;N;9.00;0;9;0;0;00:09;00:00;216;10.000;46666;FALSO;0.00;3.00;O8848;ANCVILLR
09;ABRIDORA;4.00;Y5179;ABR-01;31/08/2026 10:18:09;31/08/2026 10:41:52;L00BFR;VINTAGE INDIGO  SUNDAY 17987 FALL/HOLLIDAY27;65.66;;R05;65.66;N;;DE010451;DOBLE FACE C/NYLON - 30/1COTT/POLY(H/C)+30/1COTT(H/C);4;0.38;NORMAL;SUN DAY RED;M0000556;D-DESPACHADA;N;23.00;0;23;0;0;00:23;00:00;216;10.000;;FALSO;0.00;3.00;O8848;ANCVILLR
09;ABRIDORA;4.00;Y4969;ABR-01;31/08/2026 10:41:52;31/08/2026 15:42:51;L00BDA;TIDEWATER / H. GREY VINCE MENS 17871 SP27;441.16;;R05;38.94;N;;MS000204;FLAT BACK PIQUE SUEDED(BACK)/30/1COTT+20NYLON/315AW/CLAROS;20;5.02;NORMAL;VINCE;VNC-816;E-EN PRODUCCION;N;301.00;5;1;0;0;05:01;00:00;216;10.000;46617;FALSO;0.00;0.00;I9217;ANCVILLR
09;ABRIDORA;5.00;Y4969;ABR-01;31/08/2026 10:41:52;31/08/2026 15:42:51;L00BDA;TIDEWATER / H. GREY VINCE MENS 17871 SP27;441.16;;R05;402.22;N;;MS000204;FLAT BACK PIQUE SUEDED(BACK)/30/1COTT+20NYLON/315AW/CLAROS;20;5.02;NORMAL;VINCE;VNC-816;E-EN PRODUCCION;N;301.00;5;1;0;0;05:01;00:00;216;10.000;46617;FALSO;0.00;0.00;I9217;ANCVILLR
09;ABRIDORA;4.00;Y5638;ABR-01;31/08/2026 15:42:51;31/08/2026 17:11:05;931CEE;SANDSTONE 12-4302 TCX  FORTY SEVEN 17840;229.00;;R05;207.00;N;;JE005309;JERSEY 30/1 CT 100% ALGODON - COLORES CLAROS Y BLANCO;11;1.48;NORMAL;FORTY SEVEN;FSE-1228;T-EN ALMACEN TENIDO;N;89.00;1;29;0;0;01:29;00:00;216;8.000;JA AU107;FALSO;0.00;0.00;J1171;ANCVILLR
09;ABRIDORA;4.00;Y5637;ABR-01;31/08/2026 15:42:52;31/08/2026 17:11:05;931CEE;SANDSTONE 12-4302 TCX  FORTY SEVEN 17840;464.30;;R05;464.30;N;;JE005309;JERSEY 30/1 CT 100% ALGODON - COLORES CLAROS Y BLANCO;24;1.48;NORMAL;FORTY SEVEN;FSE-1228;D-DESPACHADA;N;89.00;1;29;0;0;01:29;00:00;216;8.000;JA AU107;FALSO;0.00;0.00;J1174;ANCVILLR
09;ABRIDORA;4.00;Y5758;ABR-01;31/08/2026 17:11:06;31/08/2026 18:20:07;931CEE;SANDSTONE 12-4302 TCX  FORTY SEVEN 17840;643.22;;R05;643.22;N;;JE005309;JERSEY 30/1 CT 100% ALGODON - COLORES CLAROS Y BLANCO;32;1.15;NORMAL;FORTY SEVEN;FSE-1252;T-EN ALMACEN TENIDO;N;69.00;1;9;0;0;01:09;00:00;216;8.000;JA AU107;FALSO;0.00;4.00;J1663;ANCVILLR
09;ABRIDORA;4.00;Y5759;ABR-01;31/08/2026 17:11:06;31/08/2026 18:20:07;931CEE;SANDSTONE 12-4302 TCX  FORTY SEVEN 17840;87.96;;R05;66.40;N;;JE005309;JERSEY 30/1 CT 100% ALGODON - COLORES CLAROS Y BLANCO;4;1.15;NORMAL;FORTY SEVEN;FSE-1252;T-EN ALMACEN TENIDO;N;69.00;1;9;0;0;01:09;00:00;216;8.000;JA AU107;FALSO;0.00;4.00;J1663;ANCVILLR
09;ABRIDORA;4.00;Y4717;ABR-01;31/08/2026 18:32:27;31/08/2026 18:32:32;111B9E;WHITE  PETIT HOURS 17576  PRESPRING26;207.12;;R05;207.12;N;;JE005433;JERSEY ESTAMPADO PIGMENTO 36/1 PP - 135 BW;10;0.00;NORMAL;PETITE PLUME;PTP-007A;E-EN PRODUCCION;N;0.00;0;0;0;0;00:00;00:00;216;8.000;JA PIP-27;FALSO;0.00;1.95;I9385;CACHILUI
09;ABRIDORA;4.00;Y1947;ABR-01;31/08/2026 20:21:32;31/08/2026 21:18:41;7319US;DOUGH HTR BILLY DRADY  17835;401.10;;R05;318.92;N;;MS000169;DOBLE FACE ROMBO ACOLCHADO(CLAROS) 30/1POLYC 65/35+70/24 NYLON;9;0.95;NORMAL;BILLY  DRADDY;BDR-265B;E-EN PRODUCCION;N;57.00;0;57;0;0;00:57;00:00;216;7.000;TAU29 GPB1;FALSO;0.00;0.00;I8799;SANAHUIHER
09;ABRIDORA;5.00;Y1947;ABR-01;31/08/2026 20:21:32;31/08/2026 21:18:41;7319US;DOUGH HTR BILLY DRADY  17835;401.10;;R05;82.18;N;;MS000169;DOBLE FACE ROMBO ACOLCHADO(CLAROS) 30/1POLYC 65/35+70/24 NYLON;9;0.95;NORMAL;BILLY  DRADDY;BDR-265B;E-EN PRODUCCION;N;57.00;0;57;0;0;00:57;00:00;216;7.000;TAU29 GPB1;FALSO;0.00;0.00;I8799;SANAHUIHER
09;ABRIDORA;4.00;Y1949;ABR-01;31/08/2026 21:18:41;31/08/2026 21:56:37;931C4U;VINTAGE  BILLY DRADDY 17239  FALL26;551.88;;R05;437.54;N;;MS000169;DOBLE FACE ROMBO ACOLCHADO(CLAROS) 30/1POLYC 65/35+70/24 NYLON;12;0.63;NORMAL;BILLY  DRADDY;BDR-265B;T-EN ALMACEN TENIDO;N;38.00;0;38;0;0;00:38;00:00;216;6.000;TAU29 GPB1;FALSO;0.00;0.00;I8800;SANAHUIHER
09;ABRIDORA;5.00;Y1949;ABR-01;31/08/2026 21:18:42;31/08/2026 21:56:38;931C4U;VINTAGE  BILLY DRADDY 17239  FALL26;551.88;;R05;114.34;N;;MS000169;DOBLE FACE ROMBO ACOLCHADO(CLAROS) 30/1POLYC 65/35+70/24 NYLON;12;0.63;NORMAL;BILLY  DRADDY;BDR-265B;T-EN ALMACEN TENIDO;N;38.00;0;38;0;0;00:38;00:00;216;6.000;TAU29 GPB1;FALSO;0.00;0.00;I8800;SANAHUIHER
09;ABRIDORA;3.00;Y3994;ABR-01;31/08/2026 21:56:38;31/08/2026 21:56:53;L00BFW;PARKE STRIPE  ROLLER 17991;22.56;;R05;22.56;N;;DE010418;LISTADO 40/1 INTERLOCK PIMA/MODAL - PARKE STRIPE;2;0.00;NORMAL;ROLLER RABBIT;M0000557;D-DESPACHADA;N;0.00;0;0;0;0;00:00;00:00;216;10.000;46785;FALSO;0.00;0.00;O8856;SANAHUIHER
09;ABRIDORA;3.00;Y4141;ABR-01;31/08/2026 21:56:38;31/08/2026 21:56:53;L00BFW;PARKE STRIPE  ROLLER 17991;25.24;;R05;25.24;N;;DE010418;LISTADO 40/1 INTERLOCK PIMA/MODAL - PARKE STRIPE;1;0.00;NORMAL;ROLLER RABBIT;M0000557;D-DESPACHADA;N;0.00;0;0;0;0;00:00;00:00;216;10.000;;FALSO;0.00;0.00;O8856;SANAHUIHER
09;ABRIDORA;4.00;Y4954;ABR-01;31/08/2026 21:56:39;31/08/2026 21:56:53;L00BFW;PARKE STRIPE  ROLLER 17991;83.00;;R05;83.00;N;;DE010418;LISTADO 40/1 INTERLOCK PIMA/MODAL - PARKE STRIPE;4;0.00;NORMAL;HIALPESA;;D-DESPACHADA;N;0.00;0;0;0;0;00:00;00:00;216;10.000;46784;FALSO;0.00;0.00;;SANAHUIHER
09;ABRIDORA;4.00;Y5593;ABR-01;31/08/2026 22:29:07;1/09/2026 00:34:14;L00BAK;RED OCHRE COMBO VINCE MENS 176888 PREFALL26;293.52;;R05;293.52;N;;RI003096;RIB 1X1 FEEDSTRIPE / 28/1PP / 215BW;15;2.08;NORMAL;VINCE WOMENS;VCW-669;E-EN PRODUCCION;N;125.00;2;5;0;0;02:05;00:00;216;10.000;;FALSO;0.00;0.00;I8922;SANAHUIHER
09;ABRIDORA;4.00;Y5594;ABR-01;31/08/2026 22:29:08;1/09/2026 00:34:14;L00BAK;RED OCHRE COMBO VINCE MENS 176888 PREFALL26;158.46;;R05;158.46;N;;RI003096;RIB 1X1 FEEDSTRIPE / 28/1PP / 215BW;8;2.08;NORMAL;VINCE WOMENS;VCW-669;E-EN PRODUCCION;N;125.00;2;5;0;0;02:05;00:00;216;10.000;46825;FALSO;0.00;0.00;I8922;SANAHUIHER
09;ABRIDORA;4.00;Y5760;ABR-01;1/09/2026 00:34:14;1/09/2026 01:12:11;931AWO;WHITE WASH MISMO DE LA CARTA 14186 FORTY SEVEN 141;372.90;;R05;372.90;N;;JE004635;JERSEY 36/1 TC 135GR/M2 A/W C/CLAROS;19;0.63;NORMAL;FORTY SEVEN;FSE-1233;D-DESPACHADA;N;38.00;0;38;0;0;00:38;00:00;216;10.000;;FALSO;0.00;3.72;I9873;SANAHUIHER
09;ABRIDORA;4.00;Y5761;ABR-01;1/09/2026 00:34:14;1/09/2026 01:12:11;931AWO;WHITE WASH MISMO DE LA CARTA 14186 FORTY SEVEN 141;204.68;;R05;204.68;N;;JE004635;JERSEY 36/1 TC 135GR/M2 A/W C/CLAROS;10;0.63;NORMAL;FORTY SEVEN;FSE-1233;D-DESPACHADA;N;38.00;0;38;0;0;00:38;00:00;216;10.000;JA AU107;FALSO;0.00;3.72;I9873;SANAHUIHER
09;ABRIDORA;3.00;Y5754;ABR-01;1/09/2026 01:12:11;1/09/2026 01:35:14;111B6N;WHITE  ROLLER RABBIT 1722;511.94;;R05;511.94;N;;IN000229;INTERLOCK ESTAMPADO PIGMENTO FULL COBERTURA 50/1 NE;26;0.38;NORMAL;ROLLER RABBIT;RRT-012F;E-EN PRODUCCION;N;23.00;0;23;0;0;00:23;00:00;216;8.000;02P-26;FALSO;0.00;2.15;J1567;SANAHUIHER
09;ABRIDORA;4.00;Y3423;ABR-01;1/09/2026 01:35:14;1/09/2026 01:36:31;6739BN;TOTAL ECLIPSE TRAVIS MATHEW 17469 SS27;666.93;;R05;666.93;N;;PI000328;FALSO PIQUE C/SPANDEX C/OSCUROS - 75/72 POLY + 40/1 PP/POLY + 20D SPANDEX;33;0.02;NORMAL;TRAVIS MATHEW;TMW-2317;E-EN PRODUCCION;N;1.00;0;1;0;0;00:01;00:00;216;9.000;PIP27 GPB1;FALSO;0.00;0.00;I9307;SANAHUIHER
09;ABRIDORA;4.00;Y5792;ABR-01;1/09/2026 02:20:48;1/09/2026 02:20:59;531967;WALLPAPER PIPING PETIT 17582 FALL26;10.28;;R05;10.28;N;;JE005389;JERSEY SOLIDO ESMERILADO 30/1 PP - 150 AW - COMPLEMENTO/CLAROS;1;0.00;NORMAL;HIALPESA;;D-DESPACHADA;N;0.00;0;0;0;0;00:00;00:00;216;20.000;JA PIP-27;FALSO;0.00;0.00;;MALUJU
09;ABRIDORA;5.00;Y5400;ABR-01;1/09/2026 02:24:07;1/09/2026 02:24:12;111B0Z;WHITE VINCE WOMENS 16463 PREFALL25;202.84;;R05;202.84;N;;JE002933;JERSEY 40/1 PIMA/MODAL 50/50 - CLAROS;11;0.00;NORMAL;VINCE WOMENS;VCW-665;E-EN PRODUCCION;N;0.00;0;0;0;0;00:00;00:00;216;9.000;PIP27 M67;FALSO;0.00;3.37;I8970;ESOSOAL
09;ABRIDORA;5.00;Y5403;ABR-01;1/09/2026 02:24:07;1/09/2026 02:24:13;111B0Z;WHITE VINCE WOMENS 16463 PREFALL25;104.88;;R05;104.88;N;;JE002933;JERSEY 40/1 PIMA/MODAL 50/50 - CLAROS;6;0.00;NORMAL;VINCE WOMENS;VCW-665;E-EN PRODUCCION;N;0.00;0;0;0;0;00:00;00:00;216;9.000;PA48 M64;FALSO;0.00;3.37;I8970;ESOSOAL
09;ABRIDORA;5.00;Y5404;ABR-01;1/09/2026 02:24:07;1/09/2026 02:24:13;111B0Z;WHITE VINCE WOMENS 16463 PREFALL25;91.42;;R05;91.42;N;;JE002933;JERSEY 40/1 PIMA/MODAL 50/50 - CLAROS;5;0.00;NORMAL;VINCE WOMENS;VCW-665;E-EN PRODUCCION;N;0.00;0;0;0;0;00:00;00:00;216;9.000;PA48-M64;FALSO;0.00;3.37;I8970;ESOSOAL
09;ABRIDORA;4.00;Y5777;ABR-01;1/09/2026 02:24:51;1/09/2026 03:09:11;1119SV;WHITE J.JILL 9408 HOLLIDAY2014;7.94;;R05;7.94;N;;JE000455;JERSEY PARA PRUEBA DE HILADO 30/1 - 60/1;2;0.75;NORMAL;HIALPESA TEJEDURIA PRUEBA DE HILADOS;;D-DESPACHADA;N;45.00;0;45;0;0;00:45;00:00;216;15.000;;FALSO;0.00;0.00;;ESOSOAL
09;ABRIDORA;4.00;Y4744;ABR-01;1/09/2026 03:09:12;1/09/2026 04:04:36;6329VA;STONEWASH VINCE MENS 17864 SP27;124.34;;R05;124.34;N;;JE003190;JERSEY 40/1 P. PIMA  C/CLARO 1% ANTIP 135 A/W;5;0.92;NORMAL;VINCE;VNC-813;E-EN PRODUCCION;N;55.00;0;55;0;0;00:55;00:00;216;10.000;;FALSO;0.00;0.00;I9204;MALUJU
09;ABRIDORA;4.00;Y5312;ABR-01;1/09/2026 04:04:36;1/09/2026 04:20:48;6329L4;MARINE BLUE-DISCHARGE VARSITY 15318 SP23;545.06;;R05;545.06;N;;JE005382;JERSEY FLAME (20/1 FLAME CO + 20/1 CO) - C/OSCUROS;24;0.27;NORMAL;VARSITY;VAR-298;T-EN ALMACEN TENIDO;N;16.00;0;16;0;0;00:16;00:00;216;6.000;JA AU107;FALSO;0.00;3.29;I9735;MALUJU
09;ABRIDORA;4.00;Y4975;ABR-01;1/09/2026 06:16:07;1/09/2026 07:41:26;633D1B;COUNTRY BLUE 18-3912 TCX VARSITY 16086;630.56;;R05;119.08;N;;FT000406;FRENCH TERRY 2 HILOS DIAGONAL CALADO 1-1 (X2 CABOS) - OSCUROS;25;1.42;NORMAL;VARSITY;VAR-299;T-EN ALMACEN TENIDO;N;85.00;1;25;0;0;01:25;00:00;216;8.000;LOTE  -  VS084  // J;FALSO;0.00;3.12;I9743;MALUJU
09;ABRIDORA;5.00;Y3864;ABR-01;1/09/2026 07:41:26;1/09/2026 07:41:45;C00002;PREPARADO PARA ESTAMPAR;0.00;;R05;224.05;N;;SE004868;JERSEY FULL SPANDEX 30/1 PIMA ORGANICO - MODAL 50/;0;0.00;NORMAL;INTRATESA S.A.C.;;E-EN PRODUCCION;N;0.00;0;0;0;0;00:00;00:00;216;NO TIENE RECETA;;FALSO;0.00;0.00;;MEMESAN
09;ABRIDORA;5.00;Y3863;ABR-01;1/09/2026 07:41:45;1/09/2026 08:20:04;C00002;PREPARADO PARA ESTAMPAR;0.00;;R05;104.30;N;;SE004868;JERSEY FULL SPANDEX 30/1 PIMA ORGANICO - MODAL 50/;0;0.65;NORMAL;INTRATESA S.A.C.;;E-EN PRODUCCION;N;39.00;0;39;0;0;00:39;00:00;216;NO TIENE RECETA;;FALSO;0.00;0.00;;MEMESAN
09;ABRIDORA;4.00;Y4862;ABR-01;1/09/2026 08:20:04;1/09/2026 08:47:50;6329VB;STONEWASH  VINCE MENS 17870 SP27;225.68;;R05;225.68;N;;PI000280;PIQUE SIMPLE / 32/1COTT / 185AW / OSCUROS;11;0.45;NORMAL;VINCE;VNC-817;E-EN PRODUCCION;N;27.00;0;27;0;0;00:27;00:00;216;9.000;JA AU107;FALSO;0.00;3.97;I9219;MEMESAN
09;ABRIDORA;4.00;Y4116;ABR-01;1/09/2026 08:47:50;1/09/2026 09:42:28;N33BBV;WASHED BLACK VINCE MENS 17861 SPRING27;577.62;;R05;577.62;N;;JE005267;JERSEY SOLIDO / 20/1COTTON/ OSCUROS(DESGASTEPRENDA);29;0.92;NORMAL;VINCE;VNC-814;T-EN ALMACEN TENIDO;N;55.00;0;55;0;0;00:55;00:00;216;10.000;JA AU107;FALSO;0.00;3.97;I9221;MEMESAN
09;ABRIDORA;3.00;Y5422;ABR-01;1/09/2026 09:42:28;1/09/2026 10:53:31;6739CS;TRUE NAVY  COFACO 8897;631.50;;R05;631.50;N;;SE004986;JERSEY 40/1 VORTEX ORG PIMA/LYOCELL;26;1.18;NORMAL;COFACO INDUSTRIES S.A.C.;;T-EN ALMACEN TENIDO;N;71.00;1;11;0;0;01:11;00:00;216;10.000;;FALSO;0.00;0.00;;MEMESAN
09;ABRIDORA;4.00;Y4377;ABR-01;1/09/2026 10:53:31;1/09/2026 10:54:04;633C5S;NAVY HEATHER TOMMY BAHAMAS 14316 SP22;19.00;;R05;19.00;N;;JE004894;JERSEY OSC - 30/1 POLYCOTT 60%CO/40%POLY TEÑIDO 1F(COTTON)(BCI);1;0.02;NORMAL;TOMMY BAHAMA;M0000564;E-EN PRODUCCION;N;1.00;0;1;0;0;00:01;00:00;216;12.000;;FALSO;0.00;0.00;O8992;MEMESAN
09;ABRIDORA;4.00;Y4995;ABR-01;1/09/2026 10:56:33;1/09/2026 10:57:09;9339NM;CHOCOLATE SPICE TOMMY BAHAMAS 17837 F27;20.08;;R05;20.08;N;;JE004890;JERSEY 30/1 AC COMPACTADO - OSCUROS (GG24)(BCI);1;0.02;NORMAL;TOMMY BAHAMA;M0000564;E-EN PRODUCCION;N;1.00;0;1;0;0;00:01;00:00;216;10.000;JA AU104;FALSO;0.00;0.00;O8982;MEMESAN
09;ABRIDORA;4.00;Y5121;ABR-01;1/09/2026 10:56:34;1/09/2026 10:57:09;9339NM;CHOCOLATE SPICE TOMMY BAHAMAS 17837 F27;8.23;;R05;8.23;N;;RI002642;RIB 1X1 30/1 AC - COMPACTADO (COMPLEMENTO)(BCI);1;0.02;NORMAL;TOMMY BAHAMA;M0000564;E-EN PRODUCCION;N;1.00;0;1;0;0;00:01;00:00;216;10.000;;FALSO;0.00;0.00;O8982;MEMESAN
09;ABRIDORA;4.00;Y5119;ABR-01;1/09/2026 10:57:09;1/09/2026 10:58:37;3339D6;MECCA ORANGE TOMMY BAHAMAS 17837 F27;18.40;;R05;18.40;N;;JE004890;JERSEY 30/1 AC COMPACTADO - OSCUROS (GG24)(BCI);1;0.02;NORMAL;TOMMY BAHAMA;M0000564;E-EN PRODUCCION;N;1.00;0;1;0;0;00:01;00:00;216;15.000;JA AU104;FALSO;0.00;0.00;O8986;MEMESAN
09;ABRIDORA;2.00;Y5207;ABR-01;1/09/2026 10:59:48;1/09/2026 11:00:21;N33B2S;RAIN CLOUD  VINCE MENS 16992 PRESPRING25;15.00;;R05;15.00;N;;DE010461;FELPA CALADO 230 GR/M2;1;0.02;NORMAL;HIALPESA;;D-DESPACHADA;N;1.00;0;1;0;0;00:01;00:00;216;15.000;TAU18-PB34;FALSO;0.00;0.00;;MEMESAN
09;ABRIDORA;2.00;Y5206;ABR-01;1/09/2026 11:00:21;1/09/2026 11:01:01;N33B2S;RAIN CLOUD  VINCE MENS 16992 PRESPRING25;16.00;;R05;16.00;N;;DE010461;FELPA CALADO 230 GR/M2;1;0.02;NORMAL;HIALPESA;;D-DESPACHADA;N;1.00;0;1;0;0;00:01;00:00;216;15.000;TAU18-PB34;FALSO;0.00;0.00;;MEMESAN
09;ABRIDORA;2.00;Y4548;ABR-01;1/09/2026 11:01:01;1/09/2026 11:01:33;931CIF;ITALIAN SAND HIALPESA DE10466-OA;22.15;;R05;22.15;N;;DE010466;DOBLE FACE MINI-ROMBO 30/1 PA;1;0.00;NORMAL;HIALPESA;;E-EN PRODUCCION;N;0.00;0;0;0;0;00:00;00:00;216;10.000;JA AU106;FALSO;0.00;0.00;;MEMESAN
09;ABRIDORA;2.00;Y4549;ABR-01;1/09/2026 11:01:33;1/09/2026 11:02:36;931CIG;ITALIAN SAND HIALPESA DE10466-OB;28.92;;R05;28.92;N;;DE010466;DOBLE FACE MINI-ROMBO 30/1 PA;2;0.02;NORMAL;HIALPESA;;E-EN PRODUCCION;N;1.00;0;1;0;0;00:01;00:00;216;12.000;JA AU106;FALSO;0.00;0.00;;MEMESAN
09;ABRIDORA;4.00;Y5729;ABR-01;1/09/2026 11:02:36;1/09/2026 11:04:54;B00004;BLANQUEO PARA PIGMENTAR;35.03;;R05;35.03;N;;DE010479;SOJOURN - 100% REGENERATIVE ORGANIC CERTIFIED PIMA COTTON;1;0.03;NORMAL;HIALPESA;;E-EN PRODUCCION;N;2.00;0;2;0;0;00:02;00:00;216;10.000;JA PA48;FALSO;0.00;0.00;;RSIERRA
09;ABRIDORA;4.00;Y4376;ABR-01;1/09/2026 11:04:54;1/09/2026 12:56:30;N329E3;TURBULENCE HEATHER  TOMMY BAHAMAS  17838 F27;18.60;;R05;18.60;N;;JE004894;JERSEY OSC - 30/1 POLYCOTT 60%CO/40%POLY TEÑIDO 1F(COTTON)(BCI);2;1.87;NORMAL;TOMMY BAHAMA;M0000564;D-DESPACHADA;N;112.00;1;52;0;0;01:52;00:00;216;15.000;;FALSO;0.00;0.00;O8993;RSIERRA
09;ABRIDORA;5.00;Y4457;ABR-01;1/09/2026 12:56:30;1/09/2026 12:56:58;N73717;EBONY # TRAVIS MATHEW 17741 F/H27;60.82;;R05;60.82;N;;DE010001;DOBLE FACE MESH PIMA + 50/36 POLY;3;0.00;NORMAL;TRAVIS MATHEW;M0000562;E-EN PRODUCCION;N;0.00;0;0;0;0;00:00;00:00;216;10.000;HF61005;FALSO;0.00;4.71;O8975;ANCVILLR
09;ABRIDORA;4.00;Y4993;ABR-01;1/09/2026 12:56:58;1/09/2026 12:57:52;633DNB;KINGFISH TOMMY BAHAMAS 17837 F27;11.02;;R05;11.02;N;;JE004890;JERSEY 30/1 AC COMPACTADO - OSCUROS (GG24)(BCI);1;0.02;NORMAL;TOMMY BAHAMA;M0000564;E-EN PRODUCCION;N;1.00;0;1;0;0;00:01;00:00;216;15.000;JA AU104;FALSO;0.00;0.00;O8985;ANCVILLR
09;ABRIDORA;4.00;Y5122;ABR-01;1/09/2026 12:56:58;1/09/2026 12:57:53;633DNB;KINGFISH TOMMY BAHAMAS 17837 F27;8.23;;R05;8.23;N;;RI002642;RIB 1X1 30/1 AC - COMPACTADO (COMPLEMENTO)(BCI);2;0.02;NORMAL;TOMMY BAHAMA;M0000564;E-EN PRODUCCION;N;1.00;0;1;0;0;00:01;00:00;216;15.000;;FALSO;0.00;0.00;O8985;ANCVILLR
09;ABRIDORA;4.00;Y4275;ABR-01;1/09/2026 14:01:17;1/09/2026 14:19:34;9339KC;DARK MAROON FORTY SEVEN 15305;42.32;;R05;42.32;N;;JE004848;JERSEY FLAMÉ 24/1 TC - OSCUROS;2;0.30;NORMAL;FORTY SEVEN;FSE-1223;E-EN PRODUCCION;N;18.00;0;18;0;0;00:18;00:00;216;10.000;JA AU107;FALSO;0.00;3.72;J0417;ANCVILLR
09;ABRIDORA;4.00;Y4386;ABR-01;1/09/2026 14:19:34;1/09/2026 14:35:27;332754;VIBRANT ORANGE 15-1264 TCX FORTY SEVEN 17840;100.19;;R05;100.19;N;;JE005309;JERSEY 30/1 CT 100% ALGODON - COLORES CLAROS Y BLANCO;5;0.27;NORMAL;FORTY SEVEN;FSE-1228;T-EN ALMACEN TENIDO;N;16.00;0;16;0;0;00:16;00:00;216;9.000;JA AU107;FALSO;0.00;0.00;J1171;AGUIJATO
09;ABRIDORA;4.00;Y4127;ABR-01;1/09/2026 14:35:27;1/09/2026 15:03:43;433BLM;HIBISCUS 18-1762 TCX ROLLER RABBIT 17225;92.14;;R05;92.14;N;;IN000232;INTERLOCK SOLIDO 50/1 PP - COMPLEMENTO;5;0.47;NORMAL;ROLLER RABBIT;RRT-012E;E-EN PRODUCCION;N;28.00;0;28;0;0;00:28;00:00;216;9.000;JA PIP-27;FALSO;0.00;3.62;I9756;AGUIJATO
09;ABRIDORA;5.00;Y3199;ABR-01;1/09/2026 15:03:43;1/09/2026 15:13:00;931BD5;JAZMIN  TEXT SUR 7977;280.10;;R05;280.10;N;;PI000300;PIQUE LICRADO NE 30/1 ACABADO ABIERTO, COLORES CLAROS;14;0.15;NORMAL;TEXTILES DEL SUR S.A.;;E-EN PRODUCCION;N;9.00;0;9;0;0;00:09;00:00;216;10.000;JA AU106;FALSO;0.00;0.00;;AGUIJATO
09;ABRIDORA;4.00;Y5650;ABR-01;1/09/2026 15:13:00;1/09/2026 15:14:23;6329NZ;MARINA BLUE STANDARD VARSITY 16086 SP23;302.18;;R05;87.94;N;;FT000406;FRENCH TERRY 2 HILOS DIAGONAL CALADO 1-1 (X2 CABOS) - OSCUROS;11;0.03;NORMAL;VARSITY;VAR-299;T-EN ALMACEN TENIDO;N;2.00;0;2;0;0;00:02;00:00;216;6.000;JA AU107;FALSO;0.00;2.59;I9741;RSIERRA
09;ABRIDORA;4.00;Y5780;ABR-01;1/09/2026 15:32:19;1/09/2026 16:25:23;B00004;BLANQUEO PARA PIGMENTAR;467.76;;R05;444.50;N;;JE002855;JERSEY SOLIDO 30/1 BLANQUEO;23;0.88;NORMAL;BILLY  DRADDY;BDR-280;T-EN ALMACEN TENIDO;N;53.00;0;53;0;0;00:53;00:00;216;10.000;JA PIP-27;FALSO;0.00;2.40;I9764;AGUIJATO
09;ABRIDORA;4.00;Y4077;ABR-01;1/09/2026 16:25:23;1/09/2026 16:25:33;931BJM;VINTAGE WHITE STANDARD VARSITY 16086 SP23;505.76;;R05;141.44;N;;FT000407;FRENCH TERRY 2 HILOS DIAGONAL CALADO 1-1 (X2 CABOS) - CLAROS;18;0.00;NORMAL;VARSITY;VAR-299;T-EN ALMACEN TENIDO;N;0.00;0;0;0;0;00:00;00:00;216;6.000;LOTE -  VS084  //  J;FALSO;0.00;0.00;I9742;ALELOARTE
09;ABRIDORA;6.00;Y4077;ABR-01;1/09/2026 16:25:23;1/09/2026 16:25:36;931BJM;VINTAGE WHITE STANDARD VARSITY 16086 SP23;505.76;;R05;364.32;N;;FT000407;FRENCH TERRY 2 HILOS DIAGONAL CALADO 1-1 (X2 CABOS) - CLAROS;18;0.00;NORMAL;VARSITY;VAR-299;T-EN ALMACEN TENIDO;N;0.00;0;0;0;0;00:00;00:00;216;6.000;LOTE -  VS084  //  J;FALSO;0.00;0.00;I9742;ALELOARTE
09;ABRIDORA;4.00;Y5781;ABR-01;1/09/2026 17:37:04;1/09/2026 21:04:04;B00004;BLANQUEO PARA PIGMENTAR;413.92;;R05;390.96;N;;JE002855;JERSEY SOLIDO 30/1 BLANQUEO;20;3.45;NORMAL;BILLY  DRADDY;BDR-280;T-EN ALMACEN TENIDO;N;207.00;3;27;0;0;03:27;00:00;216;10.000;JA PIP-27;FALSO;0.00;2.40;I9765;MEMESAN
09;ABRIDORA;4.00;Y5639;ABR-01;1/09/2026 21:04:04;1/09/2026 21:04:46;B00004;BLANQUEO PARA PIGMENTAR;72.34;;R05;72.34;N;;DE010417;JERSEY 24/1 100% COTTON;3;0.00;NORMAL;HIALPESA;;E-EN PRODUCCION;N;0.00;0;0;0;0;00:00;00:00;216;10.000;JA AU106;FALSO;0.00;0.00;;RCASAN
09;ABRIDORA;4.00;Y4037;ABR-01;1/09/2026 21:04:47;1/09/2026 21:19:14;B00399;OYSTER  80/20 VARSITY 15493;304.98;;R05;304.98;N;;JE005383;JERSEY FLAME 20/1 GREY MELANGE 80/20;12;0.25;NORMAL;VARSITY;VAR-298;T-EN ALMACEN TENIDO;N;15.00;0;15;0;0;00:15;00:00;216;9.000;H000573;FALSO;0.00;3.72;I9740;RCASAN
09;ABRIDORA;4.00;Y4525;ABR-01;1/09/2026 21:51:26;1/09/2026 22:52:52;111B92;OPTIC WHITE   VINCE WOMENS 17401 PREFALL26;522.22;;R05;522.22;N;;IN000242;INTERLOCK SOLIDO / 50/1PP / 185BW / CLAROS;24;1.02;NORMAL;VINCE WOMENS;VCW-663;E-EN PRODUCCION;N;61.00;1;1;0;0;01:01;00:00;216;8.000;02P-26;FALSO;0.00;3.82;I8967;RCASAN
09;ABRIDORA;3.00;Y5395;ABR-01;1/09/2026 22:52:52;1/09/2026 22:53:03;111B6N;WHITE  ROLLER RABBIT 1722;28.10;;R05;28.10;N;;RI002964;RIB 1X1 40/1 PP - COMPLEMENTO;2;0.02;NORMAL;ROLLER RABBIT;RRT-012F;E-EN PRODUCCION;N;1.00;0;1;0;0;00:01;00:00;216;8.000;JA PA48;FALSO;0.00;3.42;J1572;RCASAN
09;ABRIDORA;3.00;Y5755;ABR-01;1/09/2026 22:52:52;1/09/2026 22:53:03;111B6N;WHITE  ROLLER RABBIT 1722;168.64;;R05;168.64;N;;IN000229;INTERLOCK ESTAMPADO PIGMENTO FULL COBERTURA 50/1 NE;9;0.02;NORMAL;ROLLER RABBIT;RRT-012F;E-EN PRODUCCION;N;1.00;0;1;0;0;00:01;00:00;216;8.000;02P-26;FALSO;0.00;2.15;J1567;RCASAN
09;ABRIDORA;3.00;Y5393;ABR-01;1/09/2026 22:53:04;1/09/2026 23:36:34;111B6N;WHITE  ROLLER RABBIT 1722;311.26;;R05;311.26;N;;IN000229;INTERLOCK ESTAMPADO PIGMENTO FULL COBERTURA 50/1 NE;16;0.72;NORMAL;ROLLER RABBIT;RRT-012F;E-EN PRODUCCION;N;43.00;0;43;0;0;00:43;00:00;216;8.000;02P-26;FALSO;0.00;3.32;J1572;RCASAN
09;ABRIDORA;4.00;Y5394;ABR-01;1/09/2026 22:53:04;1/09/2026 23:36:34;111B6N;WHITE  ROLLER RABBIT 1722;5.42;;R05;5.42;N;;IN000232;INTERLOCK SOLIDO 50/1 PP - COMPLEMENTO;1;0.72;NORMAL;ROLLER RABBIT;RRT-012F;E-EN PRODUCCION;N;43.00;0;43;0;0;00:43;00:00;216;8.000;02P-26;FALSO;0.00;3.62;J1572;RCASAN
09;ABRIDORA;5.00;Y3196;ABR-01;1/09/2026 23:36:34;2/09/2026 00:15:48;111AW3;BLANCO  TEXT SUR 7977;561.24;;R05;561.24;N;;PI000300;PIQUE LICRADO NE 30/1 ACABADO ABIERTO, COLORES CLAROS;28;0.65;NORMAL;TEXTILES DEL SUR S.A.;;E-EN PRODUCCION;N;39.00;0;39;0;0;00:39;00:00;216;8.000;JA AU106;FALSO;0.00;0.00;;RCASAN
09;ABRIDORA;3.00;Y4652;ABR-01;2/09/2026 00:43:05;2/09/2026 01:21:42;111BC1;WHITE CARMELITA 8845;167.95;;R05;142.00;N;;SE004894;INTERLOCK 50/1 PP;6;0.63;NORMAL;TEXTIL CARMELITA SAC;;E-EN PRODUCCION;N;38.00;0;38;0;0;00:38;00:00;216;10.000;;FALSO;0.00;0.00;;RCASAN
09;ABRIDORA;4.00;Y4746;ABR-01;2/09/2026 01:21:42;2/09/2026 01:22:07;N319N7;VAPOR VINCE MENS 17864 SP27;113.82;;R05;113.82;N;;JE003190;JERSEY 40/1 P. PIMA  C/CLARO 1% ANTIP 135 A/W;5;0.02;NORMAL;VINCE;VNC-813;E-EN PRODUCCION;N;1.00;0;1;0;0;00:01;00:00;216;10.000;;FALSO;0.00;0.00;I9202;RCASAN
09;ABRIDORA;4.00;Y4745;ABR-01;2/09/2026 01:22:07;2/09/2026 02:18:55;7319V0;MOUNT DUME VINCE MENS 17864 SP27;125.04;;R05;125.04;N;;JE003190;JERSEY 40/1 P. PIMA  C/CLARO 1% ANTIP 135 A/W;5;0.93;NORMAL;VINCE;VNC-813;E-EN PRODUCCION;N;56.00;0;56;0;0;00:56;00:00;216;10.000;;FALSO;0.00;0.00;I9203;RCASAN
09;ABRIDORA;4.00;Y4832;ABR-01;2/09/2026 02:18:55;2/09/2026 03:32:40;931CEE;SANDSTONE 12-4302 TCX  FORTY SEVEN 17840;688.30;;R05;688.30;N;;JE005309;JERSEY 30/1 CT 100% ALGODON - COLORES CLAROS Y BLANCO;33;1.23;NORMAL;FORTY SEVEN;FSE-1228;T-EN ALMACEN TENIDO;N;74.00;1;14;0;0;01:14;00:00;216;8.000;JA AU107;FALSO;0.00;0.00;J1169;RCASAN
09;ABRIDORA;4.00;Y4507;ABR-01;2/09/2026 03:32:40;2/09/2026 04:28:04;93299T;ALMOND  VINCE WOMENS 17841 SPRING27;691.40;;R05;691.40;N;;FT000313;FRENCH TERRY 3 HILOS -30/1 PP + 10/1 TC - CLAROS;32;0.93;NORMAL;VINCE WOMENS;VCW-662;E-EN PRODUCCION;N;56.00;0;56;0;0;00:56;00:00;216;8.000;JA PA53;FALSO;0.00;3.97;I8964;ESOSOAL
09;ABRIDORA;3.00;Y4769;ABR-01;2/09/2026 04:28:04;2/09/2026 06:02:09;931CFN;CARAMELO 16-1336TCX   TEXT HEAWOOK 8851;593.00;;R05;593.00;N;;SE005035;INTERLOCK 50/1 PEINADO;28;1.57;NORMAL;THT EXPORT SAC;;D-DESPACHADA;N;94.00;1;34;0;0;01:34;00:00;216;9.000;;FALSO;0.00;0.00;;ESOSOAL
09;ABRIDORA;6.00;Y4484;ABR-01;2/09/2026 06:02:10;2/09/2026 07:42:48;671367;BRISK BLUE VINCE MENS 17757 SP27;475.70;;R05;475.70;N;;PI000331;PIQUE CALADO MACRO HONEY SOLIDO/20/1X2CBS COTT/POLY/265AW/CLAROS;24;1.67;NORMAL;VINCE;VNC-821;E-EN PRODUCCION;N;100.00;1;40;0;0;01:40;00:00;216;6.000;TOG-1 PRO1;FALSO;0.00;0.00;I9610;ESOSOAL
09;ABRIDORA;5.00;Y4942;ABR-01;2/09/2026 07:42:48;2/09/2026 08:07:47;C00002;PREPARADO PARA ESTAMPAR;0.00;;R05;158.80;N;;SE005044;FRENCH TERRY 30/1 PIMA PEINADO C/LYCRA;0;0.42;NORMAL;ABUCORP PERU SAC.;;E-EN PRODUCCION;N;25.00;0;25;0;0;00:25;00:00;216;NO TIENE RECETA;;FALSO;0.00;0.00;;ESOSOAL
09;ABRIDORA;5.40;Y4113;ABR-01;2/09/2026 08:07:47;2/09/2026 08:35:12;633DO2;WASHED COASTAL VINCE MENS 17861 SPRING27;193.82;;R01;193.82;S;;JE005267;JERSEY SOLIDO / 20/1COTTON/ OSCUROS(DESGASTEPRENDA);10;0.47;MATIZADO;VINCE;VNC-814;E-EN PRODUCCION;N;28.00;0;28;0;28;00:28;00:28;216;10.000;;FALSO;0.00;3.97;I9221;AGUIJATO
09;ABRIDORA;3.00;Y4653;ABR-01;2/09/2026 08:30:34;2/09/2026 09:51:47;633DOZ;NAVY  CARMELITA 8845;204.85;;R05;186.00;N;;SE004894;INTERLOCK 50/1 PP;8;1.35;NORMAL;TEXTIL CARMELITA SAC;;E-EN PRODUCCION;N;81.00;1;21;0;0;01:21;00:00;216;10.000;;FALSO;0.00;0.00;;MEMESAN
09;ABRIDORA;3.00;Y5424;ABR-01;2/09/2026 08:35:13;2/09/2026 09:46:34;6739CS;TRUE NAVY  COFACO 8897;646.40;;R05;646.40;N;;SE004986;JERSEY 40/1 VORTEX ORG PIMA/LYOCELL;25;1.18;NORMAL;COFACO INDUSTRIES S.A.C.;;T-EN ALMACEN TENIDO;N;71.00;1;11;0;0;01:11;00:00;216;10.000;;FALSO;0.00;0.00;;MEMESAN
09;ABRIDORA;5.00;Y5203;ABR-01;2/09/2026 09:59:50;2/09/2026 10:03:12;C00002;PREPARADO PARA ESTAMPAR;0.00;;R05;14.10;N;;SE004784;RIB 1X1 30/1 100% ORGANICO PIMA COTTON;0;0.07;NORMAL;PERUVIAN FIT S.A.C.;;P-PROGRAMADA;N;4.00;0;4;0;0;00:04;00:00;216;NO TIENE RECETA;;FALSO;0.00;0.00;;MEMESAN
09;ABRIDORA;4.00;Y4408;ABR-01;2/09/2026 10:30:24;2/09/2026 11:59:37;N33BBI;BLACK 19-0303 TCX FORTY SEVEN 17840;537.14;;R05;537.14;N;;JE005298;JERSEY 30/1 CT 100% ALGODON - OSCUROS Y MEDIOS;25;1.48;NORMAL;FORTY SEVEN;FSE-1228;T-EN ALMACEN TENIDO;N;89.00;1;29;0;0;01:29;00:00;216;6.000;TAU-31;FALSO;0.00;3.32;J1174;ANCVILLR
09;ABRIDORA;1.70;Y1610;ABR-01;2/09/2026 11:59:37;2/09/2026 16:57:36;N33BBL;BLACK V2  COFACO 8825;28.95;;R01;28.95;S;;SE004971;BABY RIB 1X1 30/1 BCI SPANDEX FULL CRUDO;2;4.97;MATIZADO;COFACO INDUSTRIES S.A.C.;;E-EN PRODUCCION;N;298.00;4;58;4;58;04:58;04:58;216;8.000;;FALSO;0.00;0.00;;AGUIJATO
09;ABRIDORA;1.70;Y1834;ABR-01;2/09/2026 11:59:37;2/09/2026 16:57:37;N33BBL;BLACK V2  COFACO 8825;596.95;;R01;596.95;S;;SE004970;JERSEY 30/1 COP TANGUIS BCI 100% CRUDO;25;4.97;MATIZADO;COFACO INDUSTRIES S.A.C.;;E-EN PRODUCCION;N;298.00;4;58;4;58;04:58;04:58;216;8.000;;FALSO;0.00;0.00;;AGUIJATO
09;ABRIDORA;4.00;Y4411;ABR-01;2/09/2026 16:57:37;2/09/2026 17:50:51;N33BBI;BLACK 19-0303 TCX FORTY SEVEN 17840;536.80;;R05;536.80;N;;JE005298;JERSEY 30/1 CT 100% ALGODON - OSCUROS Y MEDIOS;26;0.88;NORMAL;FORTY SEVEN;FSE-1228;E-EN PRODUCCION;N;53.00;0;53;0;0;00:53;00:00;216;6.000;TAU-31;FALSO;0.00;3.32;J1169;ANCVILLR
09;ABRIDORA;4.00;Y4412;ABR-01;2/09/2026 17:50:51;2/09/2026 19:15:53;N33BBI;BLACK 19-0303 TCX FORTY SEVEN 17840;524.42;;R05;524.42;N;;JE005298;JERSEY 30/1 CT 100% ALGODON - OSCUROS Y MEDIOS;25;1.42;NORMAL;FORTY SEVEN;FSE-1228;E-EN PRODUCCION;N;85.00;1;25;0;0;01:25;00:00;216;6.000;TAU-31;FALSO;0.00;3.32;J1168;AGUIJATO
09;ABRIDORA;4.00;Y5756;ABR-01;2/09/2026 19:15:53;2/09/2026 20:27:25;N33BBI;BLACK 19-0303 TCX FORTY SEVEN 17840;538.12;;R05;538.12;N;;JE005298;JERSEY 30/1 CT 100% ALGODON - OSCUROS Y MEDIOS;25;1.20;NORMAL;FORTY SEVEN;FSE-1228;E-EN PRODUCCION;N;72.00;1;12;0;0;01:12;00:00;216;6.000;TAU-31;FALSO;0.00;3.32;J1171;MALUJU
09;ABRIDORA;4.00;Y5378;ABR-01;2/09/2026 20:27:26;2/09/2026 22:13:27;N33BBI;BLACK 19-0303 TCX FORTY SEVEN 17840;541.66;;R05;541.66;N;;JE005298;JERSEY 30/1 CT 100% ALGODON - OSCUROS Y MEDIOS;25;1.77;NORMAL;FORTY SEVEN;FSE-1228;E-EN PRODUCCION;N;106.00;1;46;0;0;01:46;00:00;216;6.000;TAU-31;FALSO;0.00;3.32;J1170;MALUJU
09;ABRIDORA;5.40;Y3013;ABR-01;2/09/2026 22:13:27;2/09/2026 22:34:03;633D7D;COASTAL (STANDAR PF25)  VINCE WOMENS 16649 PREFALL;190.70;;R01;190.70;S;;JE004442;JERSEY SOLIDO // 24/1 PP - OSCUROS;9;0.35;MATIZADO;VINCE WOMENS;VCW-673;E-EN PRODUCCION;N;21.00;0;21;0;21;00:21;00:21;216;10.000;;FALSO;0.00;0.00;I9317;MALUJU
09;ABRIDORA;4.70;Y2463;ABR-01;2/09/2026 22:34:03;2/09/2026 22:35:27;93299Z;UMBER   COFACO 8867;38.85;;R11;38.85;S;;SE004971;BABY RIB 1X1 30/1 BCI SPANDEX FULL CRUDO;2;0.02;DISPERSO;COFACO INDUSTRIES S.A.C.;;E-EN PRODUCCION;N;1.00;0;1;0;1;00:01;00:01;216;8.500;;FALSO;0.00;0.00;;MALUJU
09;ABRIDORA;4.90;Y2462;ABR-01;2/09/2026 22:35:26;2/09/2026 23:24:43;93299Z;UMBER   COFACO 8867;584.85;;R11;584.85;S;;SE004970;JERSEY 30/1 COP TANGUIS BCI 100% CRUDO;30;0.82;DISPERSO;COFACO INDUSTRIES S.A.C.;;E-EN PRODUCCION;N;49.00;0;49;0;49;00:49;00:49;216;8.500;;FALSO;0.00;0.00;;MALUJU
09;ABRIDORA;3.00;Y2463;ABR-01;2/09/2026 22:35:27;2/09/2026 23:24:43;93299Z;UMBER   COFACO 8867;38.85;;R11;38.85;S;;SE004971;BABY RIB 1X1 30/1 BCI SPANDEX FULL CRUDO;2;0.82;DISPERSO;COFACO INDUSTRIES S.A.C.;;E-EN PRODUCCION;N;49.00;0;49;0;49;00:49;00:49;216;8.500;;FALSO;0.00;0.00;;MALUJU
09;ABRIDORA;4.00;Y5020;ABR-01;2/09/2026 23:24:43;3/09/2026 00:10:09;431APR;POWDER PUFF  VINCE MENS 17870 SP27;164.36;;R05;164.36;N;;PI000281;PIQUE SIMPLE / 32/1COTT / 185AW / CLAROS;8;0.77;NORMAL;VINCE;VNC-817;E-EN PRODUCCION;N;46.00;0;46;0;0;00:46;00:00;216;9.000;JA AU107;FALSO;0.00;0.00;I9222;MALUJU
09;ABRIDORA;5.00;Y5201;ABR-01;3/09/2026 00:10:10;3/09/2026 00:10:31;C00002;PREPARADO PARA ESTAMPAR;0.00;;R05;365.30;N;;SE004870;RIB 1X1 30/1 ORGANICA 100% PIMA COTTON;0;0.00;NORMAL;PERUVIAN FIT S.A.C.;;E-EN PRODUCCION;N;0.00;0;0;0;0;00:00;00:00;216;NO TIENE RECETA;;FALSO;0.00;0.00;;MALUJU
09;ABRIDORA;5.00;Y4479;ABR-01;3/09/2026 00:10:31;3/09/2026 01:12:06;C00002;PREPARADO PARA ESTAMPAR;0.00;;R05;172.70;N;;SE005010;HEAVY JERSEY 10/1 100% ORGANICO PIMA COTTONS;0;1.03;NORMAL;PERUVIAN FIT S.A.C.;;P-PROGRAMADA;N;62.00;1;2;0;0;01:02;00:00;216;NO TIENE RECETA;;FALSO;0.00;0.00;;MALUJU
09;ABRIDORA;4.00;Y5764;ABR-01;3/09/2026 01:02:07;3/09/2026 01:03:16;931BJM;VINTAGE WHITE STANDARD VARSITY 16086 SP23;253.34;;R05;52.28;N;;FT000407;FRENCH TERRY 2 HILOS DIAGONAL CALADO 1-1 (X2 CABOS) - CLAROS;10;0.02;NORMAL;VARSITY;VAR-299;T-EN ALMACEN TENIDO;N;1.00;0;1;0;0;00:01;00:00;216;6.000;LOTE  -  JA AU105  /;FALSO;0.00;3.12;I9744;ALELOARTE
09;ABRIDORA;4.00;Y4405;ABR-01;3/09/2026 01:26:22;3/09/2026 01:26:44;N329E4;WOLF GREY 17-0000 TCX  FORTY SEVEN 17840;45.80;;R05;45.80;N;;JE005309;JERSEY 30/1 CT 100% ALGODON - COLORES CLAROS Y BLANCO;2;0.00;NORMAL;FORTY SEVEN;FSE-1228;T-EN ALMACEN TENIDO;N;0.00;0;0;0;0;00:00;00:00;216;10.000;JA AU107;FALSO;0.00;0.00;J1174;MALUJU
09;ABRIDORA;4.00;Y4273;ABR-01;3/09/2026 01:26:44;3/09/2026 01:27:24;931BAG;DUNE FORTY SEVEN 15305 F23;116.34;;R05;116.34;N;;JE004852;JERSEY FLAMÉ 24/1 TC - CLAROS;5;0.02;NORMAL;FORTY SEVEN;FSE-1223;E-EN PRODUCCION;N;1.00;0;1;0;0;00:01;00:00;216;8.000;JA AU107;FALSO;0.00;0.00;J0417;MALUJU
09;ABRIDORA;3.00;Y5049;ABR-01;3/09/2026 01:27:24;3/09/2026 01:27:48;232871;ATHLETIC GOLD  FORTY SEVEN 17472;69.64;;R05;54.74;N;;JE005296;JERSEYSOLIDO 18/1 - OPEN END / SOLO PARA BLANCO;4;0.00;NORMAL;FORTY SEVEN;FSE-1256;E-EN PRODUCCION;N;0.00;0;0;0;0;00:00;00:00;216;10.000;VS043;FALSO;0.00;0.00;J1537;MALUJU
09;ABRIDORA;2.00;Y5049;ABR-01;3/09/2026 01:27:25;3/09/2026 01:27:48;232871;ATHLETIC GOLD  FORTY SEVEN 17472;69.64;;R05;14.90;N;;JE005296;JERSEYSOLIDO 18/1 - OPEN END / SOLO PARA BLANCO;4;0.00;NORMAL;FORTY SEVEN;FSE-1256;E-EN PRODUCCION;N;0.00;0;0;0;0;00:00;00:00;216;10.000;VS043;FALSO;0.00;0.00;J1537;MALUJU
09;ABRIDORA;4.00;Y4385;ABR-01;3/09/2026 01:27:48;3/09/2026 01:28:09;232876;GALLEY GOLD 14-0957 TCX FORTY SEVEN 17840;45.12;;R05;45.12;N;;JE005309;JERSEY 30/1 CT 100% ALGODON - COLORES CLAROS Y BLANCO;2;0.02;NORMAL;FORTY SEVEN;FSE-1228;T-EN ALMACEN TENIDO;N;1.00;0;1;0;0;00:01;00:00;216;10.000;JA AU107;FALSO;0.00;0.00;J1171;MALUJU
09;ABRIDORA;4.00;Y4907;ABR-01;3/09/2026 01:28:09;3/09/2026 02:24:02;931CEE;SANDSTONE 12-4302 TCX  FORTY SEVEN 17840;732.74;;R05;732.74;N;;JE005309;JERSEY 30/1 CT 100% ALGODON - COLORES CLAROS Y BLANCO;36;0.93;NORMAL;FORTY SEVEN;FSE-1252;T-EN ALMACEN TENIDO;N;56.00;0;56;0;0;00:56;00:00;216;8.000;JA AU107;FALSO;0.00;4.00;J1663;MALUJU
09;ABRIDORA;4.00;Y5790;ABR-01;3/09/2026 02:24:02;3/09/2026 03:00:50;111B92;OPTIC WHITE   VINCE WOMENS 17401 PREFALL26;509.89;;R05;509.89;N;;IN000242;INTERLOCK SOLIDO / 50/1PP / 185BW / CLAROS;23;0.60;NORMAL;VINCE WOMENS;VCW-672;E-EN PRODUCCION;N;36.00;0;36;0;0;00:36;00:00;216;8.000;02P-26;FALSO;0.00;3.82;I9330;MALUJU
09;ABRIDORA;4.00;Y5789;ABR-01;3/09/2026 03:00:50;3/09/2026 03:33:03;111B92;OPTIC WHITE   VINCE WOMENS 17401 PREFALL26;508.14;;R05;508.14;N;;IN000242;INTERLOCK SOLIDO / 50/1PP / 185BW / CLAROS;23;0.55;NORMAL;VINCE WOMENS;VCW-672;E-EN PRODUCCION;N;33.00;0;33;0;0;00:33;00:00;216;8.000;02P-26;FALSO;0.00;3.82;I9330;MALUJU
09;ABRIDORA;4.00;Y3182;ABR-01;3/09/2026 03:33:03;3/09/2026 04:13:02;111B45;WHITE BILLY DRADY 16961 SP26;141.32;;R05;141.32;N;;JE004874;JERSEY FLAME 32/1 PP C/ CLAROS Y MEDIOS;8;0.67;NORMAL;BILLY  DRADDY;BDR-277;E-EN PRODUCCION;N;40.00;0;40;0;0;00:40;00:00;216;10.000;;FALSO;0.00;3.62;I9343;MALUJU
09;ABRIDORA;4.00;Y4062;ABR-01;3/09/2026 04:13:02;3/09/2026 05:37:39;6329V6;JETTY VARSITY 1779;424.98;;R05;87.28;N;;FT000406;FRENCH TERRY 2 HILOS DIAGONAL CALADO 1-1 (X2 CABOS) - OSCUROS;18;1.40;NORMAL;VARSITY;VAR-299;E-EN PRODUCCION;N;84.00;1;24;0;0;01:24;00:00;216;6.000;JA AU107;FALSO;0.00;0.00;I9744;MALUJU
09;ABRIDORA;4.00;Y4527;ABR-01;3/09/2026 05:37:39;3/09/2026 06:22:22;631AZP;VISTA BLUE VINCE WOMENS 17842 SPRING27;501.52;;R05;501.52;N;;IN000242;INTERLOCK SOLIDO / 50/1PP / 185BW / CLAROS;25;0.75;NORMAL;VINCE WOMENS;VCW-663;E-EN PRODUCCION;N;45.00;0;45;0;0;00:45;00:00;216;6.000;02P-26;FALSO;0.00;0.00;I8967;MALUJU
09;ABRIDORA;4.00;Y4143;ABR-01;3/09/2026 07:35:28;3/09/2026 09:02:05;633C3M;CADET BLUE MISMO DE LA CARTA14186 FORTY SEVEN 141;625.08;;R05;625.08;N;;JE004634;JERSEY 36/1 TC 135GR/M2 A/W C/OSCUROS;32;1.45;NORMAL;FORTY SEVEN;FSE-1233;E-EN PRODUCCION;N;87.00;1;27;0;0;01:27;00:00;216;10.000;JA AU107;FALSO;0.00;3.72;I9858;AGUIJATO
09;ABRIDORA;4.00;Y4268;ABR-01;3/09/2026 09:02:05;3/09/2026 09:36:20;733BME;EDEN 19 - 6050 TCX FORTY SEVEN 15305;43.46;;R05;43.46;N;;JE004848;JERSEY FLAMÉ 24/1 TC - OSCUROS;2;0.57;NORMAL;FORTY SEVEN;FSE-1223;E-EN PRODUCCION;N;34.00;0;34;0;0;00:34;00:00;216;10.000;JA AU107;FALSO;0.00;3.72;J0417;MEMESAN
09;ABRIDORA;4.00;Y5889;ABR-01;3/09/2026 09:36:20;3/09/2026 11:34:02;N33BBI;BLACK 19-0303 TCX FORTY SEVEN 17840;534.96;;R05;534.96;N;;JE005298;JERSEY 30/1 CT 100% ALGODON - OSCUROS Y MEDIOS;25;1.97;NORMAL;FORTY SEVEN;FSE-1252;E-EN PRODUCCION;N;118.00;1;58;0;0;01:58;00:00;216;6.000;TAU-31;FALSO;0.00;4.00;J1661;MEMESAN
09;ABRIDORA;4.00;Y4146;ABR-01;3/09/2026 11:34:03;3/09/2026 13:42:42;931AWO;WHITE WASH MISMO DE LA CARTA 14186 FORTY SEVEN 141;576.56;;R05;576.56;N;;JE004635;JERSEY 36/1 TC 135GR/M2 A/W C/CLAROS;29;2.13;NORMAL;FORTY SEVEN;FSE-1233;E-EN PRODUCCION;N;128.00;2;8;0;0;02:08;00:00;216;10.000;JA AU107;FALSO;0.00;3.72;I9873;LMORAN
09;ABRIDORA;4.00;Y5887;ABR-01;3/09/2026 13:42:42;3/09/2026 15:17:18;931CEE;SANDSTONE 12-4302 TCX  FORTY SEVEN 17840;609.70;;R05;609.70;N;;JE005309;JERSEY 30/1 CT 100% ALGODON - COLORES CLAROS Y BLANCO;30;1.58;NORMAL;FORTY SEVEN;FSE-1252;T-EN ALMACEN TENIDO;N;95.00;1;35;0;0;01:35;00:00;216;8.000;JA AU107;FALSO;0.00;4.00;J1663;MEMESAN
09;ABRIDORA;4.00;Y5888;ABR-01;3/09/2026 13:42:42;3/09/2026 13:58:34;931CEE;SANDSTONE 12-4302 TCX  FORTY SEVEN 17840;124.04;;R05;124.04;N;;JE005309;JERSEY 30/1 CT 100% ALGODON - COLORES CLAROS Y BLANCO;5;0.27;NORMAL;FORTY SEVEN;FSE-1252;T-EN ALMACEN TENIDO;N;16.00;0;16;0;0;00:16;00:00;216;8.000;JA AU107;FALSO;0.00;4.00;J1663;MEMESAN
09;ABRIDORA;8.40;Y4106;ABR-01;3/09/2026 15:17:18;3/09/2026 19:14:30;672380;STONEWASH VINCE MENS 17866 SP27;701.29;;R01;701.29;S;;RI002861;DOBLE KNIT CALADO / 30/1PT+20/1X2CAPT+50/36POLY / OSCUROS;35;3.95;MATIZADO;VINCE;VNC-818;E-EN PRODUCCION;N;237.00;3;57;3;57;03:57;03:57;216;8.000;JA AU107;FALSO;0.00;0.00;I9215;AGUIJATO
09;ABRIDORA;4.00;Y4908;ABR-01;3/09/2026 19:14:30;3/09/2026 20:24:44;931CEE;SANDSTONE 12-4302 TCX  FORTY SEVEN 17840;732.58;;R05;732.58;N;;JE005309;JERSEY 30/1 CT 100% ALGODON - COLORES CLAROS Y BLANCO;36;1.17;NORMAL;FORTY SEVEN;FSE-1252;T-EN ALMACEN TENIDO;N;70.00;1;10;0;0;01:10;00:00;216;8.000;JA AU107;FALSO;0.00;4.00;J1663;MEMESAN
09;ABRIDORA;3.00;Y5387;ABR-01;3/09/2026 20:24:45;3/09/2026 21:28:04;433BHY;RED FORTY SEVEN 17472;658.47;;R05;658.47;N;;JE005304;JERSEYSOLIDO 20/1 - OPEN END / COLORES: MEDIOS Y OSCUROS/ALT GG20;28;1.07;NORMAL;FORTY SEVEN;FSE-1256;E-EN PRODUCCION;N;64.00;1;4;0;0;01:04;00:00;216;10.000;VS083;FALSO;0.00;2.42;J1537;MEMESAN
09;ABRIDORA;6.00;Y3767;ABR-01;3/09/2026 21:28:04;3/09/2026 22:04:29;373077;ORANGE DAWN VINCE MENS 17757 SPRING27;323.01;;R05;323.01;N;;PI000332;PIQUE CALADO MACRO HONEY SOLIDO/20/1X2CBS COTT/POLY/265AW/OSCUROS;16;0.60;NORMAL;VINCE;VNC-821;E-EN PRODUCCION;N;36.00;0;36;0;0;00:36;00:00;216;8.000;TOG-1 PRO1;FALSO;0.00;0.00;I9611;MEMESAN
09;ABRIDORA;5.00;Y2762;ABR-01;3/09/2026 22:04:29;3/09/2026 22:40:33;673334;BLUE NIGHTS 19-4023 TCX / WHITE  T.M 11267 SS18;128.14;;R05;128.14;N;;IN000126;INTERLOCK OXFORD SANFORIZADO C/OSCUROS - TEÑIDO 2 F;7;0.60;NORMAL;TRAVIS MATHEW;TMW-2314;E-EN PRODUCCION;N;36.00;0;36;0;0;00:36;00:00;216;8.000;JA PA48;FALSO;0.00;0.00;I9225;MEMESAN
09;ABRIDORA;4.00;Y4133;ABR-01;3/09/2026 22:40:33;4/09/2026 00:46:04;6739BN;TOTAL ECLIPSE TRAVIS MATHEW 17469 SS27;42.40;;R05;42.40;N;;DE009807;FALSO PIQUE C/SPANDEX ESTAMP SUBLIMADO 75/72 POLY + 40/1 PIMA/POLY;2;2.10;NORMAL;TRAVIS MATHEW;M0000562;E-EN PRODUCCION;N;126.00;2;6;0;0;02:06;00:00;216;10.000;;FALSO;0.00;4.00;O8921;MEMESAN
09;ABRIDORA;4.00;Y4986;ABR-01;3/09/2026 22:40:33;4/09/2026 00:46:04;6739BN;TOTAL ECLIPSE TRAVIS MATHEW 17469 SS27;53.32;;R05;53.32;N;;PI000328;FALSO PIQUE C/SPANDEX C/OSCUROS - 75/72 POLY + 40/1 PP/POLY + 20D SPANDEX;3;2.10;NORMAL;TRAVIS MATHEW;M0000562;E-EN PRODUCCION;N;126.00;2;6;0;0;02:06;00:00;216;10.000;;FALSO;0.00;4.41;O8979;MEMESAN
09;ABRIDORA;4.00;Y5750;ABR-01;4/09/2026 00:46:04;4/09/2026 01:48:49;111B2F;WHITE ( ESTANDAR) FAHERTY 16651 SUMM15;431.04;;R05;431.04;N;;JE005117;JERSEY SLUB END ON END 24/1 FLAMÉ ORG+24/1 TC ORG - CLAROS;20;1.03;NORMAL;FAHERTY BRAND;FHB-112;E-EN PRODUCCION;N;62.00;1;2;0;0;01:02;00:00;216;8.000;JA AU107;FALSO;0.00;3.48;J0225;MEMESAN
09;ABRIDORA;4.00;Y5763;ABR-01;4/09/2026 01:48:49;4/09/2026 02:40:44;1119TW;WHITE OPTICO LLP  9524  SUMMER 15;455.76;;R05;455.76;N;;JE004420;JERSEY 30/1 PP - PPE FULL COBERTURA - 165 A/W CLAROS;23;0.87;NORMAL;LILLY PULITZER;LLP-759;E-EN PRODUCCION;N;52.00;0;52;0;0;00:52;00:00;216;8.000;JA PIP-27;FALSO;0.00;2.10;J1902;MEMESAN
09;ABRIDORA;4.00;Y4320;ABR-01;4/09/2026 02:40:44;4/09/2026 03:13:35;111B1U;WHITE TRAVIS M 16585 SS25;176.60;;R05;176.60;N;;JE005085;JERSEY 30/1 AP - CLAROS;8;0.55;NORMAL;TRAVIS MATHEW;TMW-2324;E-EN PRODUCCION;N;33.00;0;33;0;0;00:33;00:00;216;10.000;JA-AU106;FALSO;0.00;3.72;I9876;MEMESAN
09;ABRIDORA;4.00;Y5173;ABR-01;4/09/2026 03:13:35;4/09/2026 03:14:06;7319UT;GENTLE BREEZE TOMMY BAHAMAS 17837 F27;28.64;;R05;28.64;N;;JE004891;JERSEY 30/1 AC COMPACTADO - CLAROS(GG24)(BCI);1;0.02;NORMAL;TOMMY BAHAMA;M0000564;E-EN PRODUCCION;N;1.00;0;1;0;0;00:01;00:00;216;12.000;;FALSO;0.00;0.00;O8988;MEMESAN
09;ABRIDORA;4.00;Y5465;ABR-01;4/09/2026 03:14:06;4/09/2026 04:29:15;631B1V;RAINDROP BLUE TOMMY 17986 FALL27;25.52;;R05;20.36;N;;JE004902;JERSEY 30/1 TP(DISCHARGE) - CLARO Y MEDIO(BCI);1;1.25;NORMAL;TOMMY BAHAMA;M0000564;E-EN PRODUCCION;N;75.00;1;15;0;0;01:15;00:00;216;10.000;;FALSO;0.00;0.00;O9002;MEMESAN
09;ABRIDORA;5.20;Y5378;ABR-01;4/09/2026 04:00:08;4/09/2026 05:40:24;N33BBI;BLACK 19-0303 TCX FORTY SEVEN 17840;541.66;;R05;541.66;N;;JE005298;JERSEY 30/1 CT 100% ALGODON - OSCUROS Y MEDIOS;25;1.67;NORMAL;FORTY SEVEN;FSE-1228;E-EN PRODUCCION;N;100.00;1;40;0;0;01:40;00:00;216;6.000;TAU-31;FALSO;0.00;3.32;J1170;LMORAN
09;ABRIDORA;4.00;Y5724;ABR-01;4/09/2026 05:49:36;4/09/2026 06:00:22;931CHT;WHITE COCONUT 11-0608 TCX NORDSTROM 17936;20.54;;R05;20.54;N;;PI000338;PIQUE PIMA RESINADO A/W BLANCO Y CLAROS;1;0.18;NORMAL;HIALPESA;;E-EN PRODUCCION;N;11.00;0;11;0;0;00:11;00:00;216;10.000;JA PIP27;FALSO;0.00;0.00;;RCASAN
09;ABRIDORA;5.20;Y5756;ABR-01;4/09/2026 06:00:34;4/09/2026 06:30:20;N33BBI;BLACK 19-0303 TCX FORTY SEVEN 17840;538.12;;R05;538.12;N;;JE005298;JERSEY 30/1 CT 100% ALGODON - OSCUROS Y MEDIOS;25;0.50;NORMAL;FORTY SEVEN;FSE-1228;E-EN PRODUCCION;N;30.00;0;30;0;0;00:30;00:00;216;6.000;TAU-31;FALSO;0.00;3.32;J1171;LMORAN
09;ABRIDORA;5.00;Y2761;ABR-01;4/09/2026 06:44:18;4/09/2026 08:46:18;671163;ALLURE/ OPTIC WHITE TMW 12818 SS20;137.12;;R05;137.12;N;;IN000125;INTERLOCK OXFORD SANFORIZADO C/CLAROS - TEÑIDO 2 F;7;2.03;NORMAL;TRAVIS MATHEW;TMW-2314;E-EN PRODUCCION;N;122.00;2;2;0;0;02:02;00:00;216;8.000;JA PA48;FALSO;0.00;5.21;I9225;SANAHUIHER
09;ABRIDORA;4.00;Y5890;ABR-01;4/09/2026 08:46:18;4/09/2026 09:39:16;N33BBI;BLACK 19-0303 TCX FORTY SEVEN 17840;534.72;;R05;534.72;N;;JE005298;JERSEY 30/1 CT 100% ALGODON - OSCUROS Y MEDIOS;25;0.88;NORMAL;FORTY SEVEN;FSE-1252;E-EN PRODUCCION;N;53.00;0;53;0;0;00:53;00:00;216;6.000;TAU-31;FALSO;0.00;4.00;J1661;ANCVILLR
09;ABRIDORA;4.00;Y5971;ABR-01;4/09/2026 09:39:16;4/09/2026 10:03:34;N33BBI;BLACK 19-0303 TCX FORTY SEVEN 17840;477.46;;R05;477.46;N;;JE005298;JERSEY 30/1 CT 100% ALGODON - OSCUROS Y MEDIOS;23;0.40;NORMAL;FORTY SEVEN;FSE-1252;E-EN PRODUCCION;N;24.00;0;24;0;0;00:24;00:00;216;6.000;TAU-31;FALSO;0.00;4.00;J1661;AGUIJATO
09;ABRIDORA;4.00;Y5972;ABR-01;4/09/2026 09:39:17;4/09/2026 10:03:34;N33BBI;BLACK 19-0303 TCX FORTY SEVEN 17840;59.62;;R05;29.06;N;;JE005298;JERSEY 30/1 CT 100% ALGODON - OSCUROS Y MEDIOS;2;0.40;NORMAL;FORTY SEVEN;FSE-1252;E-EN PRODUCCION;N;24.00;0;24;0;0;00:24;00:00;216;6.000;TAU-31;FALSO;0.00;4.00;J1661;AGUIJATO
09;ABRIDORA;4.00;Y5744;ABR-01;4/09/2026 13:27:03;4/09/2026 15:44:43;N33AAD;FLINT BLACK FORTY SEVEN 13694 F20;660.32;;R05;660.32;N;;JE005298;JERSEY 30/1 CT 100% ALGODON - OSCUROS Y MEDIOS;31;2.28;NORMAL;FORTY SEVEN;FSE-1252;E-EN PRODUCCION;N;137.00;2;17;0;0;02:17;00:00;216;8.000;JA AU107;FALSO;0.00;4.00;J1671;AGUIJATO
09;ABRIDORA;4.00;Y5217;ABR-02;28/08/2026 05:36:59;28/08/2026 07:00:31;6329NZ;MARINA BLUE STANDARD VARSITY 16086 SP23;510.64;;R05;87.52;N;;FT000406;FRENCH TERRY 2 HILOS DIAGONAL CALADO 1-1 (X2 CABOS) - OSCUROS;21;1.40;NORMAL;VARSITY;VAR-299;E-EN PRODUCCION;N;84.00;1;24;0;0;01:24;00:00;68;6.000;LOTE  -  VS084  // J;FALSO;0.00;2.59;I9741;ANCVILLR
09;ABRIDORA;3.00;Y5238;ABR-02;28/08/2026 20:00:35;28/08/2026 22:43:02;6739CS;TRUE NAVY  COFACO 8897;640.15;;R05;640.15;N;;SE004986;JERSEY 40/1 VORTEX ORG PIMA/LYOCELL;24;2.72;NORMAL;COFACO INDUSTRIES S.A.C.;;E-EN PRODUCCION;N;163.00;2;43;0;0;02:43;00:00;68;10.000;;FALSO;0.00;0.00;;ANCVILLR
09;ABRIDORA;4.00;Y4380;ABR-02;28/08/2026 22:43:02;29/08/2026 00:54:32;633DGC;NAVY BLAZER #19-3923 TCX TRAVIS MATHEW 17410 SS27;344.74;;R05;55.34;N;;FT000368;FRENCH TERRY W/SPANDEX 30/1 PP+40DN 290AW/OSCUROS;13;2.18;NORMAL;TRAVIS MATHEW;TMW-2320;T-EN ALMACEN TENIDO;N;131.00;2;11;0;0;02:11;00:00;68;7.000;JA PIP-27;FALSO;0.00;4.17;I9310;RSCSEG
09;ABRIDORA;5.00;Y4380;ABR-02;28/08/2026 22:43:03;29/08/2026 00:54:33;633DGC;NAVY BLAZER #19-3923 TCX TRAVIS MATHEW 17410 SS27;344.74;;R05;260.05;N;;FT000368;FRENCH TERRY W/SPANDEX 30/1 PP+40DN 290AW/OSCUROS;13;2.18;NORMAL;TRAVIS MATHEW;TMW-2320;T-EN ALMACEN TENIDO;N;131.00;2;11;0;0;02:11;00:00;68;7.000;JA PIP-27;FALSO;0.00;4.17;I9310;RSCSEG
09;ABRIDORA;4.00;Y4526;ABR-02;29/08/2026 00:54:34;29/08/2026 03:03:19;631AZP;VISTA BLUE VINCE WOMENS 17842 SPRING27;499.80;;R05;499.80;N;;IN000242;INTERLOCK SOLIDO / 50/1PP / 185BW / CLAROS;23;2.15;NORMAL;VINCE WOMENS;VCW-663;E-EN PRODUCCION;N;129.00;2;9;0;0;02:09;00:00;68;6.000;02P-26;FALSO;0.00;3.82;I8967;ANCVILLR
09;ABRIDORA;4.00;Y5457;ABR-02;29/08/2026 20:21:34;29/08/2026 22:17:30;B00389;ARTIC WHITE VARISTY 15318 SP23;72.86;;R05;72.86;N;;JE005381;JERSEY FLAME (20/1 FLAME CO + 20/1 CO) - C/BLANCO Y CLAROS;3;1.93;NORMAL;VARSITY;VAR-298;T-EN ALMACEN TENIDO;N;116.00;1;56;0;0;01:56;00:00;68;8.000;LOTE-  JA AU107 /  J;FALSO;0.00;0.00;I9735;ANCVILLR
09;ABRIDORA;4.00;Y5458;ABR-02;29/08/2026 20:21:34;29/08/2026 22:17:30;B00389;ARTIC WHITE VARISTY 15318 SP23;467.48;;R05;467.48;N;;JE005381;JERSEY FLAME (20/1 FLAME CO + 20/1 CO) - C/BLANCO Y CLAROS;19;1.93;NORMAL;VARSITY;VAR-298;T-EN ALMACEN TENIDO;N;116.00;1;56;0;0;01:56;00:00;68;8.000;LOTE- JA AU107 / JA;FALSO;0.00;3.42;I9735;ANCVILLR
09;ABRIDORA;4.00;Y4948;ABR-02;29/08/2026 22:17:30;30/08/2026 00:54:54;633DRR;GLACIER BLUE FORTY SEVEN 18305;184.88;;R05;184.88;N;;JE004848;JERSEY FLAMÉ 24/1 TC - OSCUROS;8;2.62;NORMAL;FORTY SEVEN;FSE-1223;E-EN PRODUCCION;N;157.00;2;37;0;0;02:37;00:00;68;10.000;JA AU107;FALSO;0.00;3.72;J0417;ANCVILLR
09;ABRIDORA;4.00;Y5180;ABR-02;30/08/2026 00:54:54;30/08/2026 01:32:32;L00BFS;OLIVE  SUNDAY 17987 FALL/HOLLIDAY27;68.94;ACABADO S/HUMEDO;R05;68.94;N;;DE010451;DOBLE FACE C/NYLON - 30/1COTT/POLY(H/C)+30/1COTT(H/C);4;0.63;NORMAL;SUN DAY RED;M0000556;D-DESPACHADA;N;38.00;0;38;0;0;00:38;00:00;68;10.000;;FALSO;0.00;3.00;O8848;MEMESAN
09;ABRIDORA;3.00;Y5174;ABR-02;30/08/2026 01:32:32;30/08/2026 03:10:03;931C8A;SANDSTONE FORTY SEVEN 17472;690.19;;R05;648.40;N;;JE005296;JERSEYSOLIDO 18/1 - OPEN END / SOLO PARA BLANCO;31;1.63;NORMAL;FORTY SEVEN;FSE-1256;T-EN ALMACEN TENIDO;N;98.00;1;38;0;0;01:38;00:00;68;10.000;VS050;FALSO;0.00;0.00;J1537;MEMESAN
09;ABRIDORA;2.00;Y5174;ABR-02;30/08/2026 01:32:32;30/08/2026 03:10:03;931C8A;SANDSTONE FORTY SEVEN 17472;690.19;;R05;41.79;N;;JE005296;JERSEYSOLIDO 18/1 - OPEN END / SOLO PARA BLANCO;31;1.63;NORMAL;FORTY SEVEN;FSE-1256;T-EN ALMACEN TENIDO;N;98.00;1;38;0;0;01:38;00:00;68;10.000;VS050;FALSO;0.00;0.00;J1537;MEMESAN
09;ABRIDORA;4.00;Y4117;ABR-02;31/08/2026 12:17:51;31/08/2026 15:02:09;N33BBV;WASHED BLACK VINCE MENS 17861 SPRING27;574.69;;R05;574.69;N;;JE005267;JERSEY SOLIDO / 20/1COTTON/ OSCUROS(DESGASTEPRENDA);28;2.75;NORMAL;VINCE;VNC-814;E-EN PRODUCCION;N;165.00;2;45;0;0;02:45;00:00;68;10.000;JA AU107;FALSO;0.00;3.97;I9220;ANCVILLR
09;ABRIDORA;4.00;Y4493;ABR-02;31/08/2026 15:06:52;31/08/2026 16:49:15;633D10;COASTAL  VINCE WOMENS FT313 PREFALL25;655.80;;R05;655.80;N;;FT000314;FRENCH TERRY 3 HILOS -30/1 PP + 10/1 TC - OSCUROS;29;1.72;NORMAL;VINCE WOMENS;VCW-662;E-EN PRODUCCION;N;103.00;1;43;0;0;01:43;00:00;68;9.000;R-JA PA53;FALSO;0.00;0.00;I8961;ANCVILLR
09;ABRIDORA;5.00;Y5126;ABR-02;31/08/2026 17:39:04;31/08/2026 18:15:02;C00002;PREPARADO PARA ESTAMPAR;0.00;;R05;264.30;N;;SE004870;RIB 1X1 30/1 ORGANICA 100% PIMA COTTON;0;0.60;NORMAL;PERUVIAN FIT S.A.C.;;E-EN PRODUCCION;N;36.00;0;36;0;0;00:36;00:00;68;NO TIENE RECETA;;FALSO;0.00;0.00;;ANCVILLR
09;ABRIDORA;4.00;Y4589;ABR-02;1/09/2026 09:08:06;1/09/2026 09:15:42;633DNO;DEEP LAGOON VINCE WOMENS 17844 SPRING27;621.30;;R05;621.30;N;;JE004986;JERSEY SOLIDO F/SPAN / 30/1MODAL+40D / 235BW / OSCUROS;31;0.12;NORMAL;VINCE WOMENS;VCW-667;E-EN PRODUCCION;N;7.00;0;7;0;0;00:07;00:00;68;10.000;JA M66;FALSO;0.00;3.77;I8960;MEMESAN
09;ABRIDORA;4.00;Y5082;ABR-02;1/09/2026 09:15:42;1/09/2026 09:16:37;111B6N;WHITE  ROLLER RABBIT 1722;20.26;;R05;20.26;N;;IN000232;INTERLOCK SOLIDO 50/1 PP - COMPLEMENTO;1;0.02;NORMAL;ROLLER RABBIT;RRT-012G;E-EN PRODUCCION;N;1.00;0;1;0;0;00:01;00:00;68;8.000;02P-26;FALSO;0.00;3.62;J1559;ALELOARTE
09;ABRIDORA;3.00;Y5083;ABR-02;1/09/2026 09:15:43;1/09/2026 09:16:37;111B6N;WHITE  ROLLER RABBIT 1722;22.85;;R05;22.85;N;;RI002964;RIB 1X1 40/1 PP - COMPLEMENTO;2;0.02;NORMAL;ROLLER RABBIT;RRT-012G;E-EN PRODUCCION;N;1.00;0;1;0;0;00:01;00:00;68;8.000;JA PA48;FALSO;0.00;3.42;J1559;ALELOARTE
09;ABRIDORA;3.00;Y5081;ABR-02;1/09/2026 09:16:38;1/09/2026 12:47:47;111B6N;WHITE  ROLLER RABBIT 1722;247.54;;R05;247.54;N;;IN000229;INTERLOCK ESTAMPADO PIGMENTO FULL COBERTURA 50/1 NE;13;3.52;NORMAL;ROLLER RABBIT;RRT-012G;E-EN PRODUCCION;N;211.00;3;31;0;0;03:31;00:00;68;8.000;02P-26;FALSO;0.00;3.32;J1558;ALELOARTE
09;ABRIDORA;4.00;Y5143;ABR-02;1/09/2026 14:48:06;1/09/2026 16:40:24;931C8X;OFF WHITE VINCE WOMENS 17561 F26;680.74;;R05;680.74;N;;FT000313;FRENCH TERRY 3 HILOS -30/1 PP + 10/1 TC - CLAROS;30;1.87;NORMAL;VINCE WOMENS;VCW-662;T-EN ALMACEN TENIDO;N;112.00;1;52;0;0;01:52;00:00;68;8.000;JA PA53;FALSO;0.00;3.97;I8959;AGUIJATO
09;ABRIDORA;4.00;Y4078;ABR-02;1/09/2026 16:41:13;2/09/2026 08:11:10;931BJM;VINTAGE WHITE STANDARD VARSITY 16086 SP23;508.26;;R05;142.94;N;;FT000407;FRENCH TERRY 2 HILOS DIAGONAL CALADO 1-1 (X2 CABOS) - CLAROS;18;15.50;NORMAL;VARSITY;VAR-299;T-EN ALMACEN TENIDO;N;930.00;15;30;0;0;15:30;00:00;68;6.000;LOTE -  VS084  //  J;FALSO;0.00;0.00;I9742;AGUIJATO
09;ABRIDORA;5.00;Y4944;ABR-02;2/09/2026 10:04:36;2/09/2026 10:04:51;C00002;PREPARADO PARA ESTAMPAR;0.00;;R05;17.10;N;;SE004784;RIB 1X1 30/1 100% ORGANICO PIMA COTTON;0;0.00;NORMAL;PERUVIAN FIT S.A.C.;;P-PROGRAMADA;N;0.00;0;0;0;0;00:00;00:00;68;NO TIENE RECETA;;FALSO;0.00;0.00;;ALELOARTE
09;ABRIDORA;5.00;Y5646;ABR-02;2/09/2026 10:08:00;2/09/2026 10:59:14;L00BAG;NAVY BLAZER STRIPE TRAVIS MATHEW 17683 SS27;321.71;ACABADO S/HUMEDO;R05;315.59;N;;FT000413;FRENCH TERRY LIST ING C/SPANDEX - 30/1 PP + 40D C/OSCUROS;10;0.87;NORMAL;TRAVIS MATHEW;TMW-2306;E-EN PRODUCCION;N;52.00;0;52;0;0;00:52;00:00;68;10.000;46525;FALSO;0.00;0.00;I8835;MEMESAN
09;ABRIDORA;4.00;Y5646;ABR-02;2/09/2026 10:08:01;2/09/2026 10:59:14;L00BAG;NAVY BLAZER STRIPE TRAVIS MATHEW 17683 SS27;321.71;ACABADO S/HUMEDO;R05;6.12;N;;FT000413;FRENCH TERRY LIST ING C/SPANDEX - 30/1 PP + 40D C/OSCUROS;10;0.85;NORMAL;TRAVIS MATHEW;TMW-2306;E-EN PRODUCCION;N;51.00;0;51;0;0;00:51;00:00;68;10.000;46525;FALSO;0.00;0.00;I8835;MEMESAN
09;ABRIDORA;3.00;Y5425;ABR-02;2/09/2026 10:59:14;2/09/2026 12:10:51;6739CS;TRUE NAVY  COFACO 8897;634.85;ACABADO S/HUMEDO;R05;634.85;N;;SE004986;JERSEY 40/1 VORTEX ORG PIMA/LYOCELL;25;1.18;NORMAL;COFACO INDUSTRIES S.A.C.;;E-EN PRODUCCION;N;71.00;1;11;0;0;01:11;00:00;68;10.000;;FALSO;0.00;0.00;;MEMESAN
09;ABRIDORA;5.00;Y3833;ABR-02;2/09/2026 12:10:51;2/09/2026 12:12:13;C00002;PREPARADO PARA ESTAMPAR;0.00;;R05;19.10;N;;SE004784;RIB 1X1 30/1 100% ORGANICO PIMA COTTON;0;0.03;NORMAL;PERUVIAN FIT S.A.C.;;P-PROGRAMADA;N;2.00;0;2;0;0;00:02;00:00;68;NO TIENE RECETA;;FALSO;0.00;0.00;;ALELOARTE
09;ABRIDORA;5.00;Y5202;ABR-02;2/09/2026 12:12:13;2/09/2026 12:12:55;C00002;PREPARADO PARA ESTAMPAR;0.00;;R05;14.10;N;;SE004784;RIB 1X1 30/1 100% ORGANICO PIMA COTTON;0;0.00;NORMAL;PERUVIAN FIT S.A.C.;;P-PROGRAMADA;N;0.00;0;0;0;0;00:00;00:00;68;NO TIENE RECETA;;FALSO;0.00;0.00;;ALELOARTE
09;ABRIDORA;5.00;Y5450;ABR-02;2/09/2026 12:12:55;2/09/2026 12:13:44;C00002;PREPARADO PARA ESTAMPAR;0.00;;R05;18.05;N;;SE005045;INTERLOCK 50/ 1 PIMA PEINADO;0;0.02;NORMAL;ABUCORP PERU SAC.;;E-EN PRODUCCION;N;1.00;0;1;0;0;00:01;00:00;68;NO TIENE RECETA;;FALSO;0.00;0.00;;ALELOARTE
09;ABRIDORA;5.00;Y4983;ABR-02;2/09/2026 12:13:44;2/09/2026 12:22:23;C00002;PREPARADO PARA ESTAMPAR;0.00;;R05;18.50;N;;SE005045;INTERLOCK 50/ 1 PIMA PEINADO;0;0.15;NORMAL;ABUCORP PERU SAC.;;P-PROGRAMADA;N;9.00;0;9;0;0;00:09;00:00;68;NO TIENE RECETA;;FALSO;0.00;0.00;;ALELOARTE
09;ABRIDORA;4.00;Y4532;ABR-02;2/09/2026 16:52:35;2/09/2026 18:20:08;93299V;ALMOND VINCE WOMENS 17842 SPRING27;619.92;SECADO;R05;619.92;N;;IN000242;INTERLOCK SOLIDO / 50/1PP / 185BW / CLAROS;28;1.47;NORMAL;VINCE WOMENS;VCW-663;E-EN PRODUCCION;N;88.00;1;28;0;0;01:28;00:00;68;9.000;02P-26;FALSO;0.00;3.82;I8967;ANCVILLR
09;ABRIDORA;4.00;Y5765;ABR-02;3/09/2026 01:03:24;3/09/2026 01:03:39;931BJM;VINTAGE WHITE STANDARD VARSITY 16086 SP23;243.50;;R05;60.66;N;;FT000407;FRENCH TERRY 2 HILOS DIAGONAL CALADO 1-1 (X2 CABOS) - CLAROS;9;0.00;NORMAL;VARSITY;VAR-299;T-EN ALMACEN TENIDO;N;0.00;0;0;0;0;00:00;00:00;68;6.000;LOTE -  VS084  //  J;FALSO;0.00;3.12;I9742;ALELOARTE
09;ABRIDORA;4.00;Y4545;ABR-02;3/09/2026 08:32:56;3/09/2026 09:12:19;772214;ICEBERG GREEN / ICEBERG GREEN #  TRAVIS MATHEW 176;20.10;TERMOFIJADO;R05;20.10;N;;PI000294;FALSO PIQUE C/SPAN/75/72+50/1P/CLAROS;1;0.67;NORMAL;HIALPESA;;E-EN PRODUCCION;N;40.00;0;40;0;0;00:40;00:00;68;10.000;D08214;FALSO;0.00;0.00;;MEMESAN
09;ABRIDORA;5.00;Y4136;ABR-02;3/09/2026 08:32:56;3/09/2026 09:12:19;772214;ICEBERG GREEN / ICEBERG GREEN #  TRAVIS MATHEW 176;62.36;TERMOFIJADO;R05;62.36;N;;DE009807;FALSO PIQUE C/SPANDEX ESTAMP SUBLIMADO 75/72 POLY + 40/1 PIMA/POLY;3;0.67;NORMAL;TRAVIS MATHEW;M0000562;E-EN PRODUCCION;N;40.00;0;40;0;0;00:40;00:00;68;10.000;PA54 GPB1;FALSO;0.00;4.41;O8922;MEMESAN
09;ABRIDORA;3.00;Y5150;ABR-02;3/09/2026 09:12:19;3/09/2026 10:02:43;631AXP;POWDER BLUE FORTY SEVEN 17472;124.06;;R05;106.06;N;;JE005296;JERSEYSOLIDO 18/1 - OPEN END / SOLO PARA BLANCO;6;0.83;NORMAL;FORTY SEVEN;FSE-1229;T-EN ALMACEN TENIDO;N;50.00;0;50;0;0;00:50;00:00;68;10.000;VS043;FALSO;0.00;0.00;J1594;MEMESAN
09;ABRIDORA;2.00;Y5150;ABR-02;3/09/2026 09:12:20;3/09/2026 10:02:43;631AXP;POWDER BLUE FORTY SEVEN 17472;124.06;;R05;18.00;N;;JE005296;JERSEYSOLIDO 18/1 - OPEN END / SOLO PARA BLANCO;6;0.83;NORMAL;FORTY SEVEN;FSE-1229;T-EN ALMACEN TENIDO;N;50.00;0;50;0;0;00:50;00:00;68;10.000;VS043;FALSO;0.00;0.00;J1594;MEMESAN
09;ABRIDORA;5.40;Y4862;ABR-02;3/09/2026 10:02:43;3/09/2026 11:30:24;6329VB;STONEWASH  VINCE MENS 17870 SP27;225.68;;R01;225.68;S;;PI000280;PIQUE SIMPLE / 32/1COTT / 185AW / OSCUROS;11;1.47;MATIZADO;VINCE;VNC-817;E-EN PRODUCCION;N;88.00;1;28;1;28;01:28;01:28;68;9.000;JA AU107;FALSO;0.00;3.97;I9219;MEMESAN
09;ABRIDORA;6.00;Y5474;ABR-02;3/09/2026 11:34:49;3/09/2026 11:35:11;111BDF;WHITE FORTY SEVEN  18095;10.60;;R05;10.60;N;;DE010417;JERSEY 24/1 100% COTTON;1;0.02;NORMAL;HIALPESA;;E-EN PRODUCCION;N;1.00;0;1;0;0;00:01;00:00;68;20.000;;FALSO;0.00;0.00;;LMORAN
09;ABRIDORA;2.00;Y4029;ABR-02;3/09/2026 11:35:12;3/09/2026 11:35:38;N33BD2;TAP SHOE 19-4004 TCX TUCKERNUCK 17998;25.50;;R05;25.50;N;;DE010463;JERSEY FULL SPANDEX 30/1+20 DE (48% PIMA-48%MODAL-4%SPANDEX);2;0.00;NORMAL;HIALPESA;;E-EN PRODUCCION;N;0.00;0;0;0;0;00:00;00:00;68;10.000;;FALSO;0.00;0.00;;LMORAN
09;ABRIDORA;4.00;Y4006;ABR-02;3/09/2026 11:35:38;3/09/2026 11:36:19;N33BDA;BLACK 27CW1000175CK  NORDSTROM 17936 SUMMER27;5.90;;R05;5.90;N;;JE004901;JERSEY SOLIDO 30/1 TANG PEINADO C/CLAROS Y MEDIO  160AW(BCI);1;0.02;NORMAL;HIALPESA;;D-DESPACHADA;N;1.00;0;1;0;0;00:01;00:00;68;20.000;JA AU100;FALSO;0.00;0.00;;LMORAN
09;ABRIDORA;4.00;Y5169;ABR-02;3/09/2026 11:36:19;3/09/2026 11:36:42;B00004;BLANQUEO PARA PIGMENTAR;34.00;;R05;34.00;N;;DE010360;PIQUE DOBLE BLANQUEADO PPT - 24/1 PP;2;0.00;NORMAL;HIALPESA;;D-DESPACHADA;N;0.00;0;0;0;0;00:00;00:00;68;9.000;JA PA54;FALSO;0.00;0.00;;LMORAN
09;ABRIDORA;4.00;Y5634;ABR-02;3/09/2026 11:36:20;3/09/2026 11:36:43;B00004;BLANQUEO PARA PIGMENTAR;17.72;;R05;15.00;N;;DE010360;PIQUE DOBLE BLANQUEADO PPT - 24/1 PP;1;0.00;NORMAL;HIALPESA;;E-EN PRODUCCION;N;0.00;0;0;0;0;00:00;00:00;68;9.000;JA PA54;FALSO;0.00;0.00;;LMORAN
09;ABRIDORA;6.00;Y5472;ABR-02;3/09/2026 11:36:43;3/09/2026 11:37:08;633DSD;NAVY(IGUAL AL COD.633DNI DE LA CARTA 17840 FORTY S;10.03;;R05;10.03;N;;DE010417;JERSEY 24/1 100% COTTON;1;0.02;NORMAL;HIALPESA;;E-EN PRODUCCION;N;1.00;0;1;0;0;00:01;00:00;68;20.000;JA AU106;FALSO;0.00;0.00;;LMORAN
09;ABRIDORA;5.00;Y3253;ABR-02;3/09/2026 11:37:09;3/09/2026 11:42:10;971428;CREME BRULEE 13-1006 TCX/CREME BRULEE 13-1006 TCX;5.26;;R05;5.26;N;;IN000125;INTERLOCK OXFORD SANFORIZADO C/CLAROS - TEÑIDO 2 F;1;0.08;NORMAL;HIALPESA;;E-EN PRODUCCION;N;5.00;0;5;0;0;00:05;00:00;68;15.000;JA PA48;FALSO;0.00;0.00;;LMORAN
09;ABRIDORA;5.00;Y5388;ABR-02;3/09/2026 11:37:09;3/09/2026 11:42:10;971428;CREME BRULEE 13-1006 TCX/CREME BRULEE 13-1006 TCX;11.42;;R05;11.42;N;;IN000125;INTERLOCK OXFORD SANFORIZADO C/CLAROS - TEÑIDO 2 F;1;0.08;NORMAL;HIALPESA;;E-EN PRODUCCION;N;5.00;0;5;0;0;00:05;00:00;68;15.000;;FALSO;0.00;0.00;;LMORAN
09;ABRIDORA;2.00;Y4638;ABR-02;3/09/2026 12:01:24;3/09/2026 15:43:10;111B63;BLANCO TEXT HEAWOOK 8410;396.87;;R05;342.60;N;;SE004542;PIQUE LACOST 24/1 100% COTTON;17;3.70;NORMAL;TEXTILES THT PERU S.A.C;;E-EN PRODUCCION;N;222.00;3;42;0;0;03:42;00:00;68;10.000;;FALSO;0.00;0.00;;LMORAN
09;ABRIDORA;5.10;Y5382;ABR-02;3/09/2026 15:49:08;3/09/2026 15:51:57;6739CJ;REGAL BILLY DRADY 17813 F27;12.45;;R05;12.45;N;;DE009926;DOBLE FACE FULL JACQUARD W/SPANDEX (BRUSHED);2;0.03;NORMAL;HIALPESA;;E-EN PRODUCCION;N;2.00;0;2;0;0;00:02;00:00;68;18.000;9926;FALSO;0.00;0.00;;HUSOJUA
09;ABRIDORA;5.00;Y5844;ABR-02;3/09/2026 15:52:34;3/09/2026 15:53:11;L00BEM;EGRET/ENGLISH MANOR FAHERTY 17935 SUMMER27;35.68;;R05;35.68;N;;DE010413;RIB 2X2 FULL SPANDEX STRIPE (SHORE FADE);2;0.02;NORMAL;HIALPESA;;E-EN PRODUCCION;N;1.00;0;1;0;0;00:01;00:00;68;10.000;;FALSO;0.00;0.00;;HUSOJUA
09;ABRIDORA;4.00;Y5478;ABR-02;3/09/2026 15:53:11;3/09/2026 15:53:34;931CEE;SANDSTONE 12-4302 TCX  FORTY SEVEN 17840;21.84;;R05;5.16;N;;JE005309;JERSEY 30/1 CT 100% ALGODON - COLORES CLAROS Y BLANCO;2;0.00;NORMAL;HIALPESA;;E-EN PRODUCCION;N;0.00;0;0;0;0;00:00;00:00;68;10.000;JA AU104;FALSO;0.00;0.00;;HUSOJUA
09;ABRIDORA;6.00;Y5473;ABR-02;3/09/2026 15:53:34;3/09/2026 15:54:01;232883;GALLEY GOLD(IGUAL AL COD. 232876 DELA CARTA 17840;10.03;;R05;10.03;N;;DE010417;JERSEY 24/1 100% COTTON;1;0.02;NORMAL;HIALPESA;;E-EN PRODUCCION;N;1.00;0;1;0;0;00:01;00:00;68;20.000;JA AU106;FALSO;0.00;0.00;;HUSOJUA
09;ABRIDORA;4.00;Y5170;ABR-02;3/09/2026 15:54:01;3/09/2026 15:56:58;631AZI;DUSK BLUE TOMMY BAHAMAS 17837 F27;18.25;;R05;18.25;N;;JE004891;JERSEY 30/1 AC COMPACTADO - CLAROS(GG24)(BCI);2;0.03;NORMAL;TOMMY BAHAMA;M0000564;E-EN PRODUCCION;N;2.00;0;2;0;0;00:02;00:00;68;12.000;;FALSO;0.00;0.00;O8984;HUSOJUA
09;ABRIDORA;4.00;Y4494;ABR-02;3/09/2026 15:56:58;3/09/2026 17:58:25;633D10;COASTAL  VINCE WOMENS FT313 PREFALL25;581.44;;R05;581.44;N;;FT000314;FRENCH TERRY 3 HILOS -30/1 PP + 10/1 TC - OSCUROS;23;2.03;NORMAL;VINCE WOMENS;VCW-662;E-EN PRODUCCION;N;122.00;2;2;0;0;02:02;00:00;68;9.000;R-JA PA53;FALSO;0.00;0.00;I8959;HUSOJUA
09;ABRIDORA;4.00;Y4628;ABR-02;3/09/2026 17:58:26;3/09/2026 18:23:01;531942;PURPLE ROSE15-3716 TCX  ROLLER RABBIT 17225 H25;163.00;ACABADO S/HUMEDO;R05;163.00;N;;IN000232;INTERLOCK SOLIDO 50/1 PP - COMPLEMENTO;8;0.42;NORMAL;ROLLER RABBIT;RRT-012F;E-EN PRODUCCION;N;25.00;0;25;0;0;00:25;00:00;68;9.000;02P-26;FALSO;0.00;3.19;J1567;MEMESAN
09;ABRIDORA;2.00;Y5379;ABR-02;4/09/2026 03:45:20;4/09/2026 04:10:28;931CFE;BEIGE CARMELITA 8845;229.45;;R05;191.00;N;;SE004894;INTERLOCK 50/1 PP;8;0.42;NORMAL;TEXTIL CARMELITA SAC;;E-EN PRODUCCION;N;25.00;0;25;0;0;00:25;00:00;68;9.000;;FALSO;0.00;0.00;;HAMATEO
09;ABRIDORA;4.00;Y1683;ABR-02;4/09/2026 04:05:23;4/09/2026 04:05:32;931BSX;VINTAGE B-022 BILLY DRADY 16682 F25;443.95;;R05;40.84;N;;FT000274;FRENCH TERRY C/SPANDEX 30/1 TP +30DN - CLAROS;17;0.00;NORMAL;BILLY  DRADDY;BDR-268A;E-EN PRODUCCION;N;0.00;0;0;0;0;00:00;00:00;68;10.000;LOTE- JA AU106//Z320;FALSO;0.00;0.00;I8808;HAMATEO
09;ABRIDORA;5.00;Y1683;ABR-02;4/09/2026 04:05:23;4/09/2026 04:05:37;931BSX;VINTAGE B-022 BILLY DRADY 16682 F25;443.95;;R05;403.11;N;;FT000274;FRENCH TERRY C/SPANDEX 30/1 TP +30DN - CLAROS;17;0.00;NORMAL;BILLY  DRADDY;BDR-268A;E-EN PRODUCCION;N;0.00;0;0;0;0;00:00;00:00;68;10.000;LOTE- JA AU106//Z320;FALSO;0.00;0.00;I8808;HAMATEO
09;ABRIDORA;2.00;Y5589;ABR-02;4/09/2026 08:55:18;4/09/2026 09:52:03;111BDG;MELANGE 10 %  TEXT HEAWOOK 8940;311.75;;R05;311.75;N;;SE005048;JERSEY 24/1 MELANGE 1%;15;0.95;NORMAL;TEXTILES THT PERU S.A.C;;E-EN PRODUCCION;N;57.00;0;57;0;0;00:57;00:00;68;8.000;;FALSO;0.00;0.00;;ANCVILLR
09;ABRIDORA;2.00;Y5804;ABR-02;4/09/2026 09:52:03;4/09/2026 14:10:45;111BDG;MELANGE 10 %  TEXT HEAWOOK 8940;291.85;;R05;291.85;N;;SE005048;JERSEY 24/1 MELANGE 1%;14;4.30;NORMAL;TEXTILES THT PERU S.A.C;;E-EN PRODUCCION;N;258.00;4;18;0;0;04:18;00:00;68;8.000;;FALSO;0.00;0.00;;AGUIJATO
09;ABRIDORA;4.00;Y5470;ABR-02;4/09/2026 14:11:15;4/09/2026 14:11:43;111AJ6;WHITE TOMMY B 13336 SP20;50.36;;R05;40.26;N;;JE004902;JERSEY 30/1 TP(DISCHARGE) - CLARO Y MEDIO(BCI);2;0.00;NORMAL;TOMMY BAHAMA;M0000564;E-EN PRODUCCION;N;0.00;0;0;0;0;00:00;00:00;68;10.000;;FALSO;0.00;0.00;O9010;AGUIJATO
09;ABRIDORA;4.00;Y5124;ABR-02;4/09/2026 14:11:43;4/09/2026 14:12:01;633DPM;COBALT VINCE MENS 17924 PREFALL27;33.34;;R05;33.34;N;;FT000411;FRENCH TERRY 3H DIAG SUEDED/30/1+30/1COTT+10/1OPENEND/360AW/CLAROS;2;0.02;NORMAL;VINCE;M0000550;E-EN PRODUCCION;N;1.00;0;1;0;0;00:01;00:00;68;10.000;;FALSO;0.00;4.77;O8970;AGUIJATO
09;ABRIDORA;4.00;Y5389;ABR-02;4/09/2026 14:12:01;4/09/2026 14:12:31;332751;PAPAYA VINCE WOMENS 17797 SP27;17.54;;R05;17.54;N;;JE004441;JERSEY SOLIDO // 24/1 PP - CLAROS;2;0.00;NORMAL;VINCE WOMENS;M0000566;E-EN PRODUCCION;N;0.00;0;0;0;0;00:00;00:00;68;12.000;;FALSO;0.00;3.97;O9027;AGUIJATO
09;ABRIDORA;4.00;Y4302;ABR-02;4/09/2026 14:12:31;4/09/2026 14:13:11;9339P6;BROWN STONE 19-1322 TCX  NORDSTROM 18038 F27;13.32;;R05;13.32;N;;PI000306;PIQUE LACOSTE SOLIDO /RESI(30GR) /24/1 PP / 215AW /  OSCUROS;1;0.02;NORMAL;HIALPESA;;E-EN PRODUCCION;N;1.00;0;1;0;0;00:01;00:00;68;15.000;;FALSO;0.00;0.00;;AGUIJATO
09;ABRIDORA;4.00;Y4304;ABR-02;4/09/2026 14:13:11;4/09/2026 14:13:44;733BSJ;OLIVE EXTRACT 18-0625 TCX  NORDSTROM 18038 F27;14.00;;R05;14.00;N;;PI000306;PIQUE LACOSTE SOLIDO /RESI(30GR) /24/1 PP / 215AW /  OSCUROS;1;0.00;NORMAL;HIALPESA;;E-EN PRODUCCION;N;0.00;0;0;0;0;00:00;00:00;68;12.000;;FALSO;0.00;0.00;;AGUIJATO
09;ABRIDORA;4.00;Y5476;ABR-02;4/09/2026 14:13:45;4/09/2026 14:14:06;733BQ4;TAILGATE TEAL 19-4922 TCX FORTY SEVEN 17840;21.03;;R05;5.91;N;;JE005298;JERSEY 30/1 CT 100% ALGODON - OSCUROS Y MEDIOS;1;0.02;NORMAL;HIALPESA;;E-EN PRODUCCION;N;1.00;0;1;0;0;00:01;00:00;68;10.000;TTC TAU07;FALSO;0.00;0.00;;AGUIJATO
09;ABRIDORA;4.00;Y5477;ABR-02;4/09/2026 14:14:06;4/09/2026 14:14:39;9339PK;DARK CACAO COLORO 024-21-05  FORTY SEVEN   18089 P;20.25;;R05;5.15;N;;JE005298;JERSEY 30/1 CT 100% ALGODON - OSCUROS Y MEDIOS;1;0.00;NORMAL;HIALPESA;;E-EN PRODUCCION;N;0.00;0;0;0;0;00:00;00:00;68;10.000;TTC TAU07;FALSO;0.00;0.00;;AGUIJATO
09;ABRIDORA;4.00;Y4004;ABR-02;4/09/2026 14:14:39;4/09/2026 14:15:08;7319VC;GREEN HARBOR 14-4908 TCX  NORDSTROM 17936 SUMMER27;4.24;;R05;4.24;N;;DE010371;RIB 2X2 C/SPANDEX;1;0.02;NORMAL;HIALPESA;;E-EN PRODUCCION;N;1.00;0;1;0;0;00:01;00:00;68;20.000;;FALSO;0.00;0.00;;AGUIJATO
09;ABRIDORA;4.00;Y5698;ABR-02;4/09/2026 14:15:08;4/09/2026 14:15:31;L00BGI;COMPASS/WHITE   BDR  FALL 27;13.94;;R05;13.94;N;;DE010478;RIB POINTELLE  100% COTTON/ END O END 1 PASADA DE UN COLOR A Y 1 PASADA DE COLOR B;1;0.00;NORMAL;HIALPESA;;E-EN PRODUCCION;N;0.00;0;0;0;0;00:00;00:00;68;16.000;44063;FALSO;0.00;0.00;;AGUIJATO
09;ABRIDORA;3.00;Y5199;ABR-02;4/09/2026 14:47:00;4/09/2026 14:47:52;L00BF9;PINE LEAF MELANGE E FAHERTY 17975 FALL26;24.48;;R05;24.48;N;;DE009307;JERSEY SOLIDO SUEDED / PRENDA 7;2;0.02;NORMAL;FAHERTY BRAND;M0000559;E-EN PRODUCCION;N;1.00;0;1;0;0;00:01;00:00;68;10.000;;FALSO;0.00;4.82;O8889;ANCVILLR
09;ABRIDORA;3.00;Y5200;ABR-02;4/09/2026 14:47:00;4/09/2026 14:47:52;L00BF9;PINE LEAF MELANGE E FAHERTY 17975 FALL26;23.10;;R05;23.10;N;;DE009307;JERSEY SOLIDO SUEDED / PRENDA 7;1;0.00;NORMAL;FAHERTY BRAND;M0000559;E-EN PRODUCCION;N;0.00;0;0;0;0;00:00;00:00;68;10.000;;FALSO;0.00;4.82;O8889;ANCVILLR
09;ABRIDORA;8.60;Y2381;ABR-02;4/09/2026 14:50:51;4/09/2026 14:51:13;111B9E;WHITE  PETIT HOURS 17576  PRESPRING26;125.22;;R05;125.22;N;;JE005388;JERSEY ESMERILADO ESTAMPADO PIGMENTO 30/1 PP - 150 AW;6;0.02;NORMAL;HIALPESA;;E-EN PRODUCCION;N;1.00;0;1;0;0;00:01;00:00;68;9.000;;FALSO;0.00;0.00;;ANCVILLR
09;ABRIDORA;5.00;Y3806;ABR-02;4/09/2026 14:53:14;4/09/2026 14:53:44;C00002;PREPARADO PARA ESTAMPAR;0.00;;R05;145.60;N;;SE005025;JERSEY 40/1 PIMA ORGANICO - PPT;0;0.00;NORMAL;INTRATESA S.A.C.;;E-EN PRODUCCION;N;0.00;0;0;0;0;00:00;00:00;68;NO TIENE RECETA;;FALSO;0.00;0.00;;ANCVILLR
09;ABRIDORA;5.00;Y3803;ABR-02;4/09/2026 14:53:44;4/09/2026 16:01:32;C00002;PREPARADO PARA ESTAMPAR;0.00;;R05;32.45;N;;SE005025;JERSEY 40/1 PIMA ORGANICO - PPT;0;1.13;NORMAL;INTRATESA S.A.C.;;P-PROGRAMADA;N;68.00;1;8;0;0;01:08;00:00;68;NO TIENE RECETA;;FALSO;0.00;0.00;;ANCVILLR
03;SECADO;5.00;Y4109;RAM-01;9/08/2026 14:23:34;4/09/2026 15:53:09;111B6N;WHITE  ROLLER RABBIT 1722;11.52;;R05;11.52;N;;IN000232;INTERLOCK SOLIDO 50/1 PP - COMPLEMENTO;1;625.50;NORMAL;ROLLER RABBIT;RRT-011T;E-EN PRODUCCION;N;37,530.00;625;30;0;0;;00:00;45;8.000;JA PA-54;FALSO;0.00;2.45;I9632;ANCVILLR
03;SECADO;5.00;Y5221;RAM-01;29/08/2026 00:47:52;29/08/2026 02:20:39;L00BDC;OFF WHITE/PALE BAY VINCE WOMENS 17854 SP27;313.70;;R05;313.70;N;;IN000249;INTERLOCK FEEDSTRIPE / 50/1PP/ 185BW;14;1.55;NORMAL;VINCE WOMENS;VCW-664;E-EN PRODUCCION;N;93.00;1;33;0;0;01:33;00:00;45;10.000;46607;FALSO;0.00;0.00;I8974;ANCVILLR
03;SECADO;5.00;Y3754;RAM-01;29/08/2026 02:20:39;29/08/2026 03:01:02;633DBN;TRUE BLUE  (HEARTS BL)  ROLLER RABBIT 17225;107.32;;R05;107.32;N;;IN000232;INTERLOCK SOLIDO 50/1 PP - COMPLEMENTO;6;0.68;NORMAL;ROLLER RABBIT;RRT-012B;E-EN PRODUCCION;N;41.00;0;41;0;0;00:41;00:00;45;10.000;JA PIP-27;FALSO;0.00;3.62;I9636;ANCVILLR
03;SECADO;5.00;Y4526;RAM-01;29/08/2026 04:40:38;29/08/2026 04:41:15;631AZP;VISTA BLUE VINCE WOMENS 17842 SPRING27;499.80;SECADO;R05;499.80;N;;IN000242;INTERLOCK SOLIDO / 50/1PP / 185BW / CLAROS;23;0.02;NORMAL;VINCE WOMENS;VCW-663;E-EN PRODUCCION;N;1.00;0;1;0;0;00:01;00:00;45;6.000;02P-26;FALSO;0.00;3.82;I8967;ANCVILLR
03;SECADO;4.00;Y5390;RAM-01;29/08/2026 09:22:35;29/08/2026 09:49:34;111B6N;WHITE  ROLLER RABBIT 1722;489.94;SECADO;R05;489.94;N;;IN000229;INTERLOCK ESTAMPADO PIGMENTO FULL COBERTURA 50/1 NE;25;0.45;NORMAL;ROLLER RABBIT;RRT-012F;E-EN PRODUCCION;N;27.00;0;27;0;0;00:27;00:00;45;8.000;02P-26;FALSO;0.00;2.10;J1568;MALUJU
03;SECADO;4.00;Y5195;RAM-01;29/08/2026 12:00:10;29/08/2026 13:54:15;L00BF7;BURGUNDY SMOKE MELANGE FAHERTY 17975 FALL26;20.16;;R05;20.16;N;;DE009307;JERSEY SOLIDO SUEDED / PRENDA 7;1;1.90;NORMAL;FAHERTY BRAND;M0000559;D-DESPACHADA;N;114.00;1;54;0;0;01:54;00:00;45;10.000;;FALSO;0.00;4.82;O8889;RSIERRA
03;SECADO;4.00;Y5193;RAM-01;29/08/2026 13:31:13;29/08/2026 13:31:45;L00BF6;CAMEL STONE MELANGE FAHERTY 17975;20.30;ACABADO SOBRE SECO;R05;20.30;N;;DE009307;JERSEY SOLIDO SUEDED / PRENDA 7;1;0.00;NORMAL;FAHERTY BRAND;M0000559;D-DESPACHADA;N;0.00;0;0;0;0;00:00;00:00;45;10.000;;FALSO;0.00;4.82;O8889;MALUJU
03;SECADO;4.00;Y5194;RAM-01;29/08/2026 13:31:14;29/08/2026 13:31:45;L00BF6;CAMEL STONE MELANGE FAHERTY 17975;24.34;ACABADO SOBRE SECO;R05;24.34;N;;DE009307;JERSEY SOLIDO SUEDED / PRENDA 7;2;0.00;NORMAL;FAHERTY BRAND;M0000559;D-DESPACHADA;N;0.00;0;0;0;0;00:00;00:00;45;10.000;;FALSO;0.00;4.82;O8889;MALUJU
03;SECADO;4.00;Y5198;RAM-01;29/08/2026 13:31:45;29/08/2026 13:32:21;L00BF8;GLACIER TIDE MELANGE E FAHERTY 17975 FALL26;24.72;ACABADO SOBRE SECO;R05;24.72;N;;DE009307;JERSEY SOLIDO SUEDED / PRENDA 7;2;0.02;NORMAL;FAHERTY BRAND;M0000559;D-DESPACHADA;N;1.00;0;1;0;0;00:01;00:00;45;10.000;;FALSO;0.00;4.82;O8889;MALUJU
03;SECADO;4.00;Y5197;RAM-01;29/08/2026 13:32:20;29/08/2026 13:32:52;L00BF8;GLACIER TIDE MELANGE E FAHERTY 17975 FALL26;19.84;ACABADO SOBRE SECO;R05;19.84;N;;DE009307;JERSEY SOLIDO SUEDED / PRENDA 7;1;0.00;NORMAL;FAHERTY BRAND;M0000559;D-DESPACHADA;N;0.00;0;0;0;0;00:00;00:00;45;10.000;;FALSO;0.00;4.82;O8889;MALUJU
03;SECADO;4.00;Y5196;RAM-01;29/08/2026 13:32:52;29/08/2026 13:33:25;L00BF7;BURGUNDY SMOKE MELANGE FAHERTY 17975 FALL26;24.24;ACABADO SOBRE SECÓ;R05;24.24;N;;DE009307;JERSEY SOLIDO SUEDED / PRENDA 7;2;0.02;NORMAL;FAHERTY BRAND;M0000559;D-DESPACHADA;N;1.00;0;1;0;0;00:01;00:00;45;10.000;;FALSO;0.00;4.82;O8889;MALUJU
03;SECADO;5.00;Y4003;RAM-01;29/08/2026 13:53:52;29/08/2026 13:54:08;9329A1;CAFÉ LATTE VINCE MENS 17924 PREFALL27;5.00;;R05;5.00;N;;DE010371;RIB 2X2 C/SPANDEX;1;0.02;NORMAL;HIALPESA;;D-DESPACHADA;N;1.00;0;1;0;0;00:01;00:00;45;15.000;;FALSO;0.00;0.00;;MALUJU
03;SECADO;5.00;Y4968;RAM-01;30/08/2026 01:34:21;30/08/2026 03:09:07;L00BDA;TIDEWATER / H. GREY VINCE MENS 17871 SP27;579.37;SECADO;R05;55.78;N;;MS000204;FLAT BACK PIQUE SUEDED(BACK)/30/1COTT+20NYLON/315AW/CLAROS;26;1.58;NORMAL;VINCE;VNC-816;E-EN PRODUCCION;N;95.00;1;35;0;0;01:35;00:00;45;10.000;46615;FALSO;0.00;0.00;I9217;ANCVILLR
03;SECADO;5.00;Y5178;RAM-01;30/08/2026 03:14:19;30/08/2026 03:14:42;631AX9;SPLISH SPLASH 16-4520 TCX ROLLER 17225;93.04;SECADO;R05;93.04;N;;IN000232;INTERLOCK SOLIDO 50/1 PP - COMPLEMENTO;5;0.00;NORMAL;ROLLER RABBIT;RRT-012G;E-EN PRODUCCION;N;0.00;0;0;0;0;00:00;00:00;45;9.000;02P-26;FALSO;0.00;3.62;J1553;ANCVILLR
03;SECADO;4.00;Y5391;RAM-01;30/08/2026 06:22:54;30/08/2026 08:48:17;111B6N;WHITE  ROLLER RABBIT 1722;525.58;;R05;525.58;N;;IN000229;INTERLOCK ESTAMPADO PIGMENTO FULL COBERTURA 50/1 NE;26;2.43;NORMAL;ROLLER RABBIT;RRT-012F;E-EN PRODUCCION;N;146.00;2;26;0;0;02:26;00:00;45;8.000;02P-26;FALSO;0.00;2.10;J1569;ANCVILLR
03;SECADO;4.00;Y5080;RAM-01;30/08/2026 08:48:17;30/08/2026 10:47:38;111B6N;WHITE  ROLLER RABBIT 1722;447.78;;R05;447.78;N;;IN000229;INTERLOCK ESTAMPADO PIGMENTO FULL COBERTURA 50/1 NE;22;1.98;NORMAL;ROLLER RABBIT;RRT-012G;T-EN ALMACEN TENIDO;N;119.00;1;59;0;0;01:59;00:00;45;8.000;02P-26;FALSO;0.00;3.32;J1555;ANCVILLR
03;SECADO;5.00;Y3202;RAM-01;30/08/2026 10:47:38;30/08/2026 12:30:58;111688;BLANCO T.SUR;443.81;;R05;443.81;N;;JE004456;JERSEY 30/1-100% ALGODON ACABADO ABIERTO /CLAROS;23;1.72;NORMAL;TEXTILES DEL SUR S.A.;;E-EN PRODUCCION;N;103.00;1;43;0;0;01:43;00:00;45;8.000;JA AU106;FALSO;0.00;0.00;;ANCVILLR
03;SECADO;5.50;Y4969;RAM-01;31/08/2026 17:46:48;31/08/2026 18:11:01;L00BDA;TIDEWATER / H. GREY VINCE MENS 17871 SP27;441.16;;R05;402.22;N;;MS000204;FLAT BACK PIQUE SUEDED(BACK)/30/1COTT+20NYLON/315AW/CLAROS;20;0.42;NORMAL;VINCE;VNC-816;E-EN PRODUCCION;N;25.00;0;25;0;0;00:25;00:00;45;10.000;46617;FALSO;0.00;0.00;I9217;ANCVILLR
03;SECADO;5.00;Y1824;RAM-01;31/08/2026 18:11:01;31/08/2026 18:12:33;931CGT;OPTIC WHITE VINCE MENS 17927 PREFALL27;20.78;;R05;20.78;N;;DE010404;MERCERIZED JERSEY 100% SUPIMA COTTON 150GSM;1;0.02;NORMAL;VINCE;M0000550;D-DESPACHADA;N;1.00;0;1;0;0;00:01;00:00;45;10.000;;FALSO;0.00;4.67;O8480;CACHILUI
03;SECADO;5.00;Y2162;RAM-01;31/08/2026 18:11:02;31/08/2026 18:11:26;931CGT;OPTIC WHITE VINCE MENS 17927 PREFALL27;5.32;;R05;5.32;N;;DE010404;MERCERIZED JERSEY 100% SUPIMA COTTON 150GSM;1;0.00;NORMAL;VINCE;M0000550;D-DESPACHADA;N;0.00;0;0;0;0;00:00;00:00;45;10.000;JA PA53;FALSO;0.00;4.67;O8480;CACHILUI
03;SECADO;5.00;Y4826;RAM-01;31/08/2026 18:41:10;31/08/2026 18:41:18;631B0X;VENICE CANAL VINCE MENS 17927 PREFALL27;23.36;;R05;23.36;N;;DE010404;MERCERIZED JERSEY 100% SUPIMA COTTON 150GSM;2;0.00;NORMAL;VINCE;M0000550;D-DESPACHADA;N;0.00;0;0;0;0;00:00;00:00;45;10.000;;FALSO;0.00;4.67;O8957;CACHILUI
03;SECADO;5.00;Y2161;RAM-01;31/08/2026 18:42:49;31/08/2026 18:42:55;733BQZ;MEDITERRANEAN SEA VINCE MENS 17924 PREFALL27;5.29;;R05;5.29;N;;DE010404;MERCERIZED JERSEY 100% SUPIMA COTTON 150GSM;1;0.00;NORMAL;VINCE;M0000550;D-DESPACHADA;N;0.00;0;0;0;0;00:00;00:00;45;10.000;JA PA53;FALSO;0.00;4.67;O8479;ALELOARTE
03;SECADO;5.00;Y2047;RAM-01;31/08/2026 18:44:02;31/08/2026 18:44:09;733BQZ;MEDITERRANEAN SEA VINCE MENS 17924 PREFALL27;20.50;;R05;20.50;N;;DE010404;MERCERIZED JERSEY 100% SUPIMA COTTON 150GSM;1;0.00;NORMAL;VINCE;M0000550;D-DESPACHADA;N;0.00;0;0;0;0;00:00;00:00;45;10.000;;FALSO;0.00;4.67;O8479;ALELOARTE
03;SECADO;5.00;Y2160;RAM-01;31/08/2026 18:47:19;31/08/2026 18:47:24;433BLH;PORT WINE VINCE MENS 17927 PREFALL27;5.29;;R05;5.29;N;;DE010404;MERCERIZED JERSEY 100% SUPIMA COTTON 150GSM;1;0.00;NORMAL;VINCE;M0000550;D-DESPACHADA;N;0.00;0;0;0;0;00:00;00:00;45;10.000;JA PA53;FALSO;0.00;4.67;O8479;ALELOARTE
03;SECADO;5.00;Y5792;RAM-01;1/09/2026 04:21:40;1/09/2026 04:46:47;531967;WALLPAPER PIPING PETIT 17582 FALL26;10.28;SECADO;R05;10.28;N;;JE005389;JERSEY SOLIDO ESMERILADO 30/1 PP - 150 AW - COMPLEMENTO/CLAROS;1;0.42;NORMAL;HIALPESA;;D-DESPACHADA;N;25.00;0;25;0;0;00:25;00:00;45;20.000;JA PIP-27;FALSO;0.00;0.00;;MALUJU
03;SECADO;5.00;Y5594;RAM-01;1/09/2026 04:46:47;1/09/2026 05:51:28;L00BAK;RED OCHRE COMBO VINCE MENS 176888 PREFALL26;158.46;SECADO;R05;158.46;N;;RI003096;RIB 1X1 FEEDSTRIPE / 28/1PP / 215BW;8;1.08;NORMAL;VINCE WOMENS;VCW-669;E-EN PRODUCCION;N;65.00;1;5;0;0;01:05;00:00;45;10.000;46825;FALSO;0.00;0.00;I8922;MALUJU
03;SECADO;5.00;Y5593;RAM-01;1/09/2026 05:51:28;1/09/2026 13:47:39;L00BAK;RED OCHRE COMBO VINCE MENS 176888 PREFALL26;293.52;SECADO;R05;293.52;N;;RI003096;RIB 1X1 FEEDSTRIPE / 28/1PP / 215BW;15;7.93;NORMAL;VINCE WOMENS;VCW-669;E-EN PRODUCCION;N;476.00;7;56;0;0;07:56;00:00;45;10.000;;FALSO;0.00;0.00;I8922;MALUJU
03;SECADO;4.00;Y5081;RAM-01;1/09/2026 13:47:40;1/09/2026 13:48:18;111B6N;WHITE  ROLLER RABBIT 1722;247.54;;R05;247.54;N;;IN000229;INTERLOCK ESTAMPADO PIGMENTO FULL COBERTURA 50/1 NE;13;0.02;NORMAL;ROLLER RABBIT;RRT-012G;E-EN PRODUCCION;N;1.00;0;1;0;0;00:01;00:00;45;8.000;02P-26;FALSO;0.00;3.32;J1558;ANCVILLR
03;SECADO;5.00;Y5082;RAM-01;1/09/2026 13:47:40;1/09/2026 13:48:19;111B6N;WHITE  ROLLER RABBIT 1722;20.26;;R05;20.26;N;;IN000232;INTERLOCK SOLIDO 50/1 PP - COMPLEMENTO;1;0.02;NORMAL;ROLLER RABBIT;RRT-012G;E-EN PRODUCCION;N;1.00;0;1;0;0;00:01;00:00;45;8.000;02P-26;FALSO;0.00;3.62;J1559;ANCVILLR
03;SECADO;4.00;Y5083;RAM-01;1/09/2026 13:47:40;1/09/2026 13:48:19;111B6N;WHITE  ROLLER RABBIT 1722;22.85;;R05;22.85;N;;RI002964;RIB 1X1 40/1 PP - COMPLEMENTO;2;0.02;NORMAL;ROLLER RABBIT;RRT-012G;E-EN PRODUCCION;N;1.00;0;1;0;0;00:01;00:00;45;8.000;JA PA48;FALSO;0.00;3.42;J1559;ANCVILLR
03;SECADO;4.00;Y5754;RAM-01;1/09/2026 15:10:41;1/09/2026 18:36:00;111B6N;WHITE  ROLLER RABBIT 1722;511.94;;R05;511.94;N;;IN000229;INTERLOCK ESTAMPADO PIGMENTO FULL COBERTURA 50/1 NE;26;3.42;NORMAL;ROLLER RABBIT;RRT-012F;E-EN PRODUCCION;N;205.00;3;25;0;0;03:25;00:00;45;8.000;02P-26;FALSO;0.00;2.15;J1567;ANCVILLR
03;SECADO;5.00;Y4525;RAM-01;2/09/2026 00:10:09;2/09/2026 02:56:48;111B92;OPTIC WHITE   VINCE WOMENS 17401 PREFALL26;522.22;SECADO;R05;522.22;N;;IN000242;INTERLOCK SOLIDO / 50/1PP / 185BW / CLAROS;24;2.77;NORMAL;VINCE WOMENS;VCW-663;E-EN PRODUCCION;N;166.00;2;46;0;0;02:46;00:00;45;8.000;02P-26;FALSO;0.00;3.82;I8967;RCASAN
03;SECADO;5.00;Y5394;RAM-01;2/09/2026 02:56:48;2/09/2026 02:57:38;111B6N;WHITE  ROLLER RABBIT 1722;5.42;SECADO;R05;5.42;N;;IN000232;INTERLOCK SOLIDO 50/1 PP - COMPLEMENTO;1;0.02;NORMAL;ROLLER RABBIT;RRT-012F;E-EN PRODUCCION;N;1.00;0;1;0;0;00:01;00:00;45;8.000;02P-26;FALSO;0.00;3.62;J1572;RCASAN
03;SECADO;4.00;Y5755;RAM-01;2/09/2026 02:57:38;2/09/2026 02:58:03;111B6N;WHITE  ROLLER RABBIT 1722;168.64;SECADO;R05;168.64;N;;IN000229;INTERLOCK ESTAMPADO PIGMENTO FULL COBERTURA 50/1 NE;9;0.02;NORMAL;ROLLER RABBIT;RRT-012F;E-EN PRODUCCION;N;1.00;0;1;0;0;00:01;00:00;45;8.000;02P-26;FALSO;0.00;2.15;J1567;ESOSOAL
03;SECADO;4.00;Y5395;RAM-01;2/09/2026 02:58:03;2/09/2026 02:58:33;111B6N;WHITE  ROLLER RABBIT 1722;28.10;SECADO;R05;28.10;N;;RI002964;RIB 1X1 40/1 PP - COMPLEMENTO;2;0.00;NORMAL;ROLLER RABBIT;RRT-012F;E-EN PRODUCCION;N;0.00;0;0;0;0;00:00;00:00;45;8.000;JA PA48;FALSO;0.00;3.42;J1572;ESOSOAL
03;SECADO;4.00;Y5393;RAM-01;2/09/2026 02:58:33;2/09/2026 05:32:28;111B6N;WHITE  ROLLER RABBIT 1722;311.26;SECADO;R05;311.26;N;;IN000229;INTERLOCK ESTAMPADO PIGMENTO FULL COBERTURA 50/1 NE;16;2.57;NORMAL;ROLLER RABBIT;RRT-012F;E-EN PRODUCCION;N;154.00;2;34;0;0;02:34;00:00;45;8.000;02P-26;FALSO;0.00;3.32;J1572;ESOSOAL
03;SECADO;7.00;Y4484;RAM-01;2/09/2026 14:03:30;2/09/2026 18:18:47;671367;BRISK BLUE VINCE MENS 17757 SP27;475.70;SECADO XRESINAR;R05;475.70;N;;PI000331;PIQUE CALADO MACRO HONEY SOLIDO/20/1X2CBS COTT/POLY/265AW/CLAROS;24;4.25;NORMAL;VINCE;VNC-821;E-EN PRODUCCION;N;255.00;4;15;0;0;04:15;00:00;45;6.000;TOG-1 PRO1;FALSO;0.00;0.00;I9610;ANCVILLR
03;SECADO;5.00;Y4532;RAM-01;2/09/2026 23:23:15;3/09/2026 02:21:13;93299V;ALMOND VINCE WOMENS 17842 SPRING27;619.92;SECADO;R05;619.92;N;;IN000242;INTERLOCK SOLIDO / 50/1PP / 185BW / CLAROS;28;2.97;NORMAL;VINCE WOMENS;VCW-663;E-EN PRODUCCION;N;178.00;2;58;0;0;02:58;00:00;45;9.000;02P-26;FALSO;0.00;3.82;I8967;MALUJU
03;SECADO;5.00;Y5790;RAM-01;3/09/2026 03:28:47;3/09/2026 06:15:44;111B92;OPTIC WHITE   VINCE WOMENS 17401 PREFALL26;509.89;SECADO;R05;509.89;N;;IN000242;INTERLOCK SOLIDO / 50/1PP / 185BW / CLAROS;23;2.78;NORMAL;VINCE WOMENS;VCW-672;E-EN PRODUCCION;N;167.00;2;47;0;0;02:47;00:00;45;8.000;02P-26;FALSO;0.00;3.82;I9330;MALUJU
03;SECADO;5.00;Y5789;RAM-01;3/09/2026 06:15:45;3/09/2026 08:58:43;111B92;OPTIC WHITE   VINCE WOMENS 17401 PREFALL26;508.14;SECADO;R05;508.14;N;;IN000242;INTERLOCK SOLIDO / 50/1PP / 185BW / CLAROS;23;2.72;NORMAL;VINCE WOMENS;VCW-672;E-EN PRODUCCION;N;163.00;2;43;0;0;02:43;00:00;45;8.000;02P-26;FALSO;0.00;3.82;I9330;MALUJU
03;SECADO;5.00;Y4527;RAM-01;3/09/2026 08:58:43;3/09/2026 11:45:58;631AZP;VISTA BLUE VINCE WOMENS 17842 SPRING27;501.52;SECADO;R05;501.52;N;;IN000242;INTERLOCK SOLIDO / 50/1PP / 185BW / CLAROS;25;2.78;NORMAL;VINCE WOMENS;VCW-663;E-EN PRODUCCION;N;167.00;2;47;0;0;02:47;00:00;45;6.000;02P-26;FALSO;0.00;0.00;I8967;MEMESAN
03;SECADO;6.00;Y5382;RAM-01;3/09/2026 17:46:30;3/09/2026 17:47:03;6739CJ;REGAL BILLY DRADY 17813 F27;12.45;;R05;12.45;N;;DE009926;DOBLE FACE FULL JACQUARD W/SPANDEX (BRUSHED);2;0.02;NORMAL;HIALPESA;;E-EN PRODUCCION;N;1.00;0;1;0;0;00:01;00:00;45;18.000;9926;FALSO;0.00;0.00;;AGUIJATO
03;SECADO;5.00;Y4628;RAM-01;3/09/2026 20:22:01;3/09/2026 21:38:34;531942;PURPLE ROSE15-3716 TCX  ROLLER RABBIT 17225 H25;163.00;SECADO;R05;163.00;N;;IN000232;INTERLOCK SOLIDO 50/1 PP - COMPLEMENTO;8;1.27;NORMAL;ROLLER RABBIT;RRT-012F;E-EN PRODUCCION;N;76.00;1;16;0;0;01:16;00:00;45;9.000;02P-26;FALSO;0.00;3.19;J1567;MEMESAN
03;SECADO;7.00;Y3767;RAM-01;4/09/2026 02:43:02;4/09/2026 04:35:01;373077;ORANGE DAWN VINCE MENS 17757 SPRING27;323.01;SECADO;R05;323.01;N;;PI000332;PIQUE CALADO MACRO HONEY SOLIDO/20/1X2CBS COTT/POLY/265AW/OSCUROS;16;1.87;NORMAL;VINCE;VNC-821;E-EN PRODUCCION;N;112.00;1;52;0;0;01:52;00:00;45;8.000;TOG-1 PRO1;FALSO;0.00;0.00;I9611;MEMESAN
03;SECADO;3.00;Y5379;RAM-01;4/09/2026 06:07:03;4/09/2026 08:51:33;931CFE;BEIGE CARMELITA 8845;229.45;SECADO;R05;191.00;N;;SE004894;INTERLOCK 50/1 PP;8;2.73;NORMAL;TEXTIL CARMELITA SAC;;E-EN PRODUCCION;N;164.00;2;44;0;0;02:44;00:00;45;9.000;;FALSO;0.00;0.00;;RCASAN
03;SECADO;4.50;Y5763;RAM-01;4/09/2026 08:51:33;4/09/2026 08:54:30;1119TW;WHITE OPTICO LLP  9524  SUMMER 15;455.76;SECADO;R05;455.76;N;;JE004420;JERSEY 30/1 PP - PPE FULL COBERTURA - 165 A/W CLAROS;23;0.05;NORMAL;LILLY PULITZER;LLP-759;E-EN PRODUCCION;N;3.00;0;3;0;0;00:03;00:00;45;8.000;JA PIP-27;FALSO;0.00;2.10;J1902;ANCVILLR
03;SECADO;5.00;Y5132;RAM-02;28/08/2026 21:00:33;28/08/2026 22:38:34;67399U;NAVY BLAZER 19-3923 TCX SUNDAYRED 16974 SP26;536.30;;R05;536.30;N;;FR000227;FRANELA C/SPANDEX 30/1MODAL SIRO+24/1CO/POLY+40D- OSCUROS TEÑIDO 2F;27;1.63;NORMAL;SUN DAY RED;SDR-051;E-EN PRODUCCION;N;98.00;1;38;0;0;01:38;00:00;15;6.000;JA M66;FALSO;0.00;0.00;I8916;MEMESAN
03;SECADO;5.13;Y2406;RAM-02;30/08/2026 13:44:17;30/08/2026 14:26:43;631AZ5;ATOMIZER 14-4514 TPG ROLLER RABBIT 17228;110.76;;R01;110.76;S;;IN000252;INTERLOCK SOLIDO 40/1 PIMA MODAL 50/50 - 225 AW;6;0.70;MATIZADO;ROLLER RABBIT;RRT-017;T-EN ALMACEN TENIDO;N;42.00;0;42;0;42;00:42;00:42;15;10.000;PA54 M65;FALSO;0.00;0.00;I9053;ANCVILLR
03;SECADO;7.00;Y4603;RAM-02;31/08/2026 18:14:44;31/08/2026 18:15:25;6329W4;BLUE SWEEP 18-3936 TCX  NORDSTROM 18039 F27;12.86;;R05;12.86;N;;JE005459;JERSEY 20/1 PP OSCUROS B/W;2;0.02;NORMAL;HIALPESA;;D-DESPACHADA;N;1.00;0;1;0;0;00:01;00:00;15;12.000;;FALSO;0.00;0.00;;CACHILUI
03;SECADO;7.00;Y5001;RAM-02;31/08/2026 18:14:44;31/08/2026 18:15:13;6329W4;BLUE SWEEP 18-3936 TCX  NORDSTROM 18039 F27;5.16;;R05;5.16;N;;RI003120;RIB 1X1 20/1 PP - COMPL B/W;1;0.02;NORMAL;HIALPESA;;D-DESPACHADA;N;1.00;0;1;0;0;00:01;00:00;15;12.000;;FALSO;0.00;0.00;;CACHILUI
03;SECADO;7.00;Y4604;RAM-02;31/08/2026 18:21:12;31/08/2026 18:21:41;7329XY;GREEN CITY 19-0404 TCX   NORDSTROM 18039 F27;12.84;;R05;12.84;N;;JE005459;JERSEY 20/1 PP OSCUROS B/W;1;0.00;NORMAL;HIALPESA;;D-DESPACHADA;N;0.00;0;0;0;0;00:00;00:00;15;10.000;;FALSO;0.00;0.00;;CACHILUI
03;SECADO;7.00;Y4998;RAM-02;31/08/2026 18:21:12;31/08/2026 18:22:41;7329XY;GREEN CITY 19-0404 TCX   NORDSTROM 18039 F27;5.16;;R05;5.16;N;;RI003120;RIB 1X1 20/1 PP - COMPL B/W;1;0.02;NORMAL;HIALPESA;;D-DESPACHADA;N;1.00;0;1;0;0;00:01;00:00;15;10.000;;FALSO;0.00;0.00;;CACHILUI
03;SECADO;7.00;Y4605;RAM-02;31/08/2026 18:24:14;31/08/2026 18:24:27;7329XZ;OLIVE SLATE 16-0713 TCX  NORDSTROM 18039 F27;12.18;;R05;12.18;N;;JE005459;JERSEY 20/1 PP OSCUROS B/W;2;0.00;NORMAL;HIALPESA;;D-DESPACHADA;N;0.00;0;0;0;0;00:00;00:00;15;10.000;;FALSO;0.00;0.00;;CACHILUI
03;SECADO;7.00;Y4997;RAM-02;31/08/2026 18:24:14;31/08/2026 18:24:52;7329XZ;OLIVE SLATE 16-0713 TCX  NORDSTROM 18039 F27;5.16;;R05;5.16;N;;RI003120;RIB 1X1 20/1 PP - COMPL B/W;1;0.00;NORMAL;HIALPESA;;D-DESPACHADA;N;0.00;0;0;0;0;00:00;00:00;15;10.000;;FALSO;0.00;0.00;;CACHILUI
03;SECADO;7.00;Y4996;RAM-02;31/08/2026 18:26:43;31/08/2026 18:36:45;9339P7;RUST SEQUOIA 19-1333 TCX  NORDSTROM 18039 F27;5.16;;R05;5.16;N;;RI003120;RIB 1X1 20/1 PP - COMPL B/W;1;0.17;NORMAL;HIALPESA;;D-DESPACHADA;N;10.00;0;10;0;0;00:10;00:00;15;8.000;;FALSO;0.00;0.00;;CACHILUI
03;SECADO;7.00;Y4606;RAM-02;31/08/2026 18:26:43;31/08/2026 18:26:58;9339P7;RUST SEQUOIA 19-1333 TCX  NORDSTROM 18039 F27;12.34;;R05;12.34;N;;JE005459;JERSEY 20/1 PP OSCUROS B/W;1;0.00;NORMAL;HIALPESA;;D-DESPACHADA;N;0.00;0;0;0;0;00:00;00:00;15;8.000;;FALSO;0.00;0.00;;CACHILUI
03;SECADO;7.00;Y4602;RAM-02;31/08/2026 18:37:19;31/08/2026 18:39:00;N319NW;BEIGE SILVER 14-4501 TCX  NORDSTROM 18039 F27;12.48;;R05;12.48;N;;JE005460;JERSEY 20/1 PP CLAROS B/W;1;0.02;NORMAL;HIALPESA;;D-DESPACHADA;N;1.00;0;1;0;0;00:01;00:00;15;10.000;JA PA50;FALSO;0.00;0.00;;CACHILUI
03;SECADO;7.00;Y5002;RAM-02;31/08/2026 18:37:20;31/08/2026 18:39:00;N319NW;BEIGE SILVER 14-4501 TCX  NORDSTROM 18039 F27;5.16;;R05;5.16;N;;RI003120;RIB 1X1 20/1 PP - COMPL B/W;1;0.03;NORMAL;HIALPESA;;D-DESPACHADA;N;2.00;0;2;0;0;00:02;00:00;15;10.000;;FALSO;0.00;0.00;;CACHILUI
03;SECADO;5.00;Y2046;RAM-02;1/09/2026 15:36:48;1/09/2026 15:37:20;433BLH;PORT WINE VINCE MENS 17927 PREFALL27;22.42;;R05;22.42;N;;DE010404;MERCERIZED JERSEY 100% SUPIMA COTTON 150GSM;1;0.02;NORMAL;VINCE;M0000550;D-DESPACHADA;N;1.00;0;1;0;0;00:01;00:00;15;10.000;;FALSO;0.00;4.67;O8479;AGUIJATO
03;SECADO;6.50;Y3323;RAM-02;2/09/2026 08:11:21;2/09/2026 08:28:13;111B9E;WHITE  PETIT HOURS 17576  PRESPRING26;303.94;;R05;303.94;N;;JE005433;JERSEY ESTAMPADO PIGMENTO 36/1 PP - 135 BW;15;0.28;NORMAL;PETITE PLUME;PTP-007;T-EN ALMACEN TENIDO;N;17.00;0;17;0;0;00:17;00:00;15;10.000;JA PIP-27;FALSO;0.00;1.95;I9379;AGUIJATO
03;SECADO;6.50;Y3850;RAM-02;2/09/2026 08:28:13;2/09/2026 10:45:45;111B9E;WHITE  PETIT HOURS 17576  PRESPRING26;500.92;;R05;500.92;N;;JE005433;JERSEY ESTAMPADO PIGMENTO 36/1 PP - 135 BW;25;2.28;NORMAL;PETITE PLUME;PTP-007;T-EN ALMACEN TENIDO;N;137.00;2;17;0;0;02:17;00:00;15;8.000;JA PIP-27;FALSO;0.00;1.95;I9381;MEMESAN
03;SECADO;4.00;Y4758;RAM-03;20/08/2026 18:33:42;28/08/2026 22:44:14;111B6N;WHITE  ROLLER RABBIT 1722;14.14;;R05;14.14;N;;RI002964;RIB 1X1 40/1 PP - COMPLEMENTO;1;196.18;NORMAL;ROLLER RABBIT;RRT-012B;E-EN PRODUCCION;N;11,771.00;196;11;0;0;;00:00;13;8.000;JA PA48;FALSO;0.00;3.42;I9646;MEMESAN
03;SECADO;4.00;Y4756;RAM-03;28/08/2026 22:44:14;28/08/2026 22:45:07;111B6N;WHITE  ROLLER RABBIT 1722;413.78;;R05;413.78;N;;IN000229;INTERLOCK ESTAMPADO PIGMENTO FULL COBERTURA 50/1 NE;21;0.02;NORMAL;ROLLER RABBIT;RRT-012B;T-EN ALMACEN TENIDO;N;1.00;0;1;0;0;00:01;00:00;13;8.000;JA PIP-27;FALSO;0.00;3.32;I9639;RSCSEG
03;SECADO;6.00;Y4971;RAM-03;29/08/2026 06:23:13;29/08/2026 08:50:59;6739BN;TOTAL ECLIPSE TRAVIS MATHEW 17469 SS27;335.64;CORTÉ ORILLO;R05;335.64;N;;PI000329;FALSO PIQUE C/SPANDEX ESTAMP DISCHARGE OSCURO- 75/72 POLY + 40/1 PP/POLY + 20D SPANDEX;17;2.45;NORMAL;TRAVIS MATHEW;TMW-2307;T-EN ALMACEN TENIDO;N;147.00;2;27;0;0;02:27;00:00;13;9.000;TPA13 GPB1;FALSO;0.00;0.00;I8876;MEMESAN
03;SECADO;5.00;Y4961;RAM-03;29/08/2026 13:36:42;29/08/2026 13:37:07;971394;ITALIAN SAND TRAVIS MAHTHEW 17469 SS27;60.96;ACABADO SOBRE SECÓ;R05;60.96;N;;PI000327;FALSO PIQUE C/SPANDEX C/CLAROS - 75/72 POLY + 40/1 PP/POLY + 20D SPANDEX;3;0.02;NORMAL;TRAVIS MATHEW;TMW-2311;E-EN PRODUCCION;N;1.00;0;1;0;0;00:01;00:00;13;8.000;PIP27 GPB1;FALSO;0.00;0.00;I8816;MALUJU
03;SECADO;6.00;Y4960;RAM-03;29/08/2026 13:37:07;29/08/2026 13:49:43;971394;ITALIAN SAND TRAVIS MAHTHEW 17469 SS27;467.63;;R05;467.63;N;;PI000326;FALSO PIQUE C/SPANDEX ESTAMP SUBLIMADO C/CLAROS - 75/72 POLY + 40/1 PP/POLY + 20D SPANDEX;24;0.20;NORMAL;TRAVIS MATHEW;TMW-2311;T-EN ALMACEN TENIDO;N;12.00;0;12;0;0;00:12;00:00;13;8.000;PIP27 GPB1;FALSO;0.00;0.00;I8816;MALUJU
03;SECADO;5.00;Y3423;RAM-03;1/09/2026 01:36:46;1/09/2026 03:03:55;6739BN;TOTAL ECLIPSE TRAVIS MATHEW 17469 SS27;666.93;;R05;666.93;N;;PI000328;FALSO PIQUE C/SPANDEX C/OSCUROS - 75/72 POLY + 40/1 PP/POLY + 20D SPANDEX;33;1.45;NORMAL;TRAVIS MATHEW;TMW-2317;E-EN PRODUCCION;N;87.00;1;27;0;0;01:27;00:00;13;9.000;PIP27 GPB1;FALSO;0.00;0.00;I9307;SANAHUIHER
03;SECADO;6.00;Y5137;RAM-03;1/09/2026 03:03:55;1/09/2026 03:04:19;6739BN;TOTAL ECLIPSE TRAVIS MATHEW 17469 SS27;153.59;;R05;153.59;N;;PI000329;FALSO PIQUE C/SPANDEX ESTAMP DISCHARGE OSCURO- 75/72 POLY + 40/1 PP/POLY + 20D SPANDEX;9;0.02;NORMAL;TRAVIS MATHEW;TMW-2307;E-EN PRODUCCION;N;1.00;0;1;0;0;00:01;00:00;13;9.000;TPA13 GPB1;FALSO;0.00;0.00;I8876;MALUJU
03;SECADO;6.00;Y5136;RAM-03;1/09/2026 03:04:19;1/09/2026 05:18:15;6739BN;TOTAL ECLIPSE TRAVIS MATHEW 17469 SS27;133.92;;R05;133.92;N;;PI000329;FALSO PIQUE C/SPANDEX ESTAMP DISCHARGE OSCURO- 75/72 POLY + 40/1 PP/POLY + 20D SPANDEX;7;2.23;NORMAL;TRAVIS MATHEW;TMW-2307;E-EN PRODUCCION;N;134.00;2;14;0;0;02:14;00:00;13;9.000;TPA13 GPB1;FALSO;0.00;0.00;I8876;MALUJU
03;SECADO;6.00;Y4457;RAM-03;1/09/2026 20:03:33;1/09/2026 20:03:49;N73717;EBONY # TRAVIS MATHEW 17741 F/H27;60.82;;R05;60.82;N;;DE010001;DOBLE FACE MESH PIMA + 50/36 POLY;3;0.00;NORMAL;TRAVIS MATHEW;M0000562;E-EN PRODUCCION;N;0.00;0;0;0;0;00:00;00:00;13;10.000;HF61005;FALSO;0.00;4.71;O8975;HEESELOY
03;SECADO;4.60;Y2172;RAM-03;2/09/2026 00:56:41;2/09/2026 02:03:13;N73725;NEGRO COFACO 8897;650.50;;R18;650.50;S;;SE004995;JERSEY 40/1 ORG. PIMA/LYOCELL;24;1.12;ANTIQUIEBRE;COFACO INDUSTRIES S.A.C.;;E-EN PRODUCCION;N;67.00;1;7;1;7;01:07;01:07;13;8.000;;FALSO;0.00;0.00;;RCASAN
03;SECADO;5.00;Y4127;RAM-03;2/09/2026 03:05:26;2/09/2026 04:06:31;433BLM;HIBISCUS 18-1762 TCX ROLLER RABBIT 17225;92.14;;R05;92.14;N;;IN000232;INTERLOCK SOLIDO 50/1 PP - COMPLEMENTO;5;1.02;NORMAL;ROLLER RABBIT;RRT-012E;E-EN PRODUCCION;N;61.00;1;1;0;0;01:01;00:00;13;9.000;JA PIP-27;FALSO;0.00;3.62;I9756;ESOSOAL
03;SECADO;5.00;Y4545;RAM-03;3/09/2026 16:39:18;3/09/2026 17:56:34;772214;ICEBERG GREEN / ICEBERG GREEN #  TRAVIS MATHEW 176;20.10;SECADO;R05;20.10;N;;PI000294;FALSO PIQUE C/SPAN/75/72+50/1P/CLAROS;1;1.28;NORMAL;HIALPESA;;E-EN PRODUCCION;N;77.00;1;17;0;0;01:17;00:00;13;10.000;D08214;FALSO;0.00;0.00;;MEMESAN
03;SECADO;6.00;Y4136;RAM-03;3/09/2026 16:39:19;3/09/2026 17:56:34;772214;ICEBERG GREEN / ICEBERG GREEN #  TRAVIS MATHEW 176;62.36;SECADO;R05;62.36;N;;DE009807;FALSO PIQUE C/SPANDEX ESTAMP SUBLIMADO 75/72 POLY + 40/1 PIMA/POLY;3;1.28;NORMAL;TRAVIS MATHEW;M0000562;E-EN PRODUCCION;N;77.00;1;17;0;0;01:17;00:00;13;10.000;PA54 GPB1;FALSO;0.00;4.41;O8922;MEMESAN
03;SECADO;8.50;Y4106;RAM-03;3/09/2026 19:31:52;3/09/2026 21:22:57;672380;STONEWASH VINCE MENS 17866 SP27;701.29;;R01;701.29;S;;RI002861;DOBLE KNIT CALADO / 30/1PT+20/1X2CAPT+50/36POLY / OSCUROS;35;1.85;MATIZADO;VINCE;VNC-818;E-EN PRODUCCION;N;111.00;1;51;1;51;01:51;01:51;13;8.000;JA AU107;FALSO;0.00;0.00;I9215;MEMESAN
03;SECADO;4.00;Y3998;SEC-01;28/08/2026 07:40:59;28/08/2026 08:15:12;633DHM;COASTAL VINCE MENS 17543 F26;7.06;;R05;7.06;N;;CD000121;"CORDON TRENZADO PLANO 7/16""/100% COTTON/CRUDO/PROVEEDOR ARACNE";1;0.58;NORMAL;VINCE;VNC-812;E-EN PRODUCCION;N;35.00;0;35;0;0;00:35;00:00;30;9.000;LOTE - JA AU105;FALSO;0.00;0.00;I9211;RSIERRA
03;SECADO;4.00;Y5045;SEC-01;28/08/2026 15:25:33;28/08/2026 15:26:16;633DHI;DARK DENIM 19-4118 TPX TEXT HEAWOOK 8659;381.15;;R05;381.15;N;;SE005028;JERSEY 20/1 100% COTTON;18;0.02;NORMAL;TEXTILES THT PERU S.A.C;;E-EN PRODUCCION;N;1.00;0;1;0;0;00:01;00:00;30;8.000;;FALSO;0.00;0.00;;ANCVILLR
03;SECADO;4.00;Y5399;SEC-01;29/08/2026 07:13:48;29/08/2026 07:14:13;931BJM;VINTAGE WHITE STANDARD VARSITY 16086 SP23;7.34;;R05;7.34;N;;CD000116;"CORDON TRENZADO TUBULAR 5/8"" 100% COTTON 24/1 COD:1909 ARACNE";2;0.02;NORMAL;VARSITY;VAR-299;T-EN ALMACEN TENIDO;N;1.00;0;1;0;0;00:01;00:00;30;6.000;LOTE  -  JA AU106;FALSO;0.00;0.00;I9741;CACHILUI
03;SECADO;5.00;Y4380;SEC-01;29/08/2026 07:15:30;29/08/2026 07:16:00;633DGC;NAVY BLAZER #19-3923 TCX TRAVIS MATHEW 17410 SS27;344.74;;R05;29.35;N;;FT000368;FRENCH TERRY W/SPANDEX 30/1 PP+40DN 290AW/OSCUROS;13;0.00;NORMAL;TRAVIS MATHEW;TMW-2320;T-EN ALMACEN TENIDO;N;0.00;0;0;0;0;00:00;00:00;30;7.000;JA PIP-27;FALSO;0.00;4.17;I9310;CACHILUI
03;SECADO;1.00;99999;SEC-01;29/08/2026 08:54:01;29/08/2026 12:25:52;;FALTA CARGA;0.00;;;0.00;;;;0;0;0.00;;HIALPESA;;P-PROGRAMADA;N;211.00;3;31;0;0;03:31;00:00;30;;;FALSO;0.00;0.00;02250;
03;SECADO;4.00;Y4331;SEC-01;29/08/2026 12:27:39;29/08/2026 14:10:54;633DMK;SEAPORT TEXTILES HEAWOOK 8802;191.00;;R05;191.00;N;;SE003379;JERSEY 20/1 100% ALGODON;9;1.72;NORMAL;TEXTILES THT PERU S.A.C;;D-DESPACHADA;N;103.00;1;43;0;0;01:43;00:00;30;10.000;;FALSO;0.00;0.00;;CACHILUI
03;SECADO;1.00;99999;SEC-01;29/08/2026 14:11:52;30/08/2026 07:50:02;;FALTA CARGA;0.00;;;0.00;;;;0;0;0.00;;HIALPESA;;P-PROGRAMADA;N;1,059.00;17;39;0;0;17:39;00:00;30;;;FALSO;0.00;0.00;02250;
03;SECADO;6.00;Y2763;SEC-01;30/08/2026 07:50:06;30/08/2026 09:34:04;N72106;QUIETSHADE/ WHITE  TRAVIS MATHEW 10795 F/H2017;380.74;;R05;380.74;N;;IN000125;INTERLOCK OXFORD SANFORIZADO C/CLAROS - TEÑIDO 2 F;19;1.73;NORMAL;TRAVIS MATHEW;TMW-2314;E-EN PRODUCCION;N;104.00;1;44;0;0;01:44;00:00;30;7.000;JA PA48;FALSO;0.00;0.00;I9224;CACHILUI
03;SECADO;5.00;Y5180;SEC-01;30/08/2026 09:34:04;30/08/2026 10:45:56;L00BFS;OLIVE  SUNDAY 17987 FALL/HOLLIDAY27;68.94;;R05;68.94;N;;DE010451;DOBLE FACE C/NYLON - 30/1COTT/POLY(H/C)+30/1COTT(H/C);4;1.18;NORMAL;SUN DAY RED;M0000556;D-DESPACHADA;N;71.00;1;11;0;0;01:11;00:00;30;10.000;;FALSO;0.00;3.00;O8848;CACHILUI
03;SECADO;7.00;Y5225;SEC-01;30/08/2026 10:45:57;30/08/2026 11:20:28;6739CG;COASTAL VINCE MENS 17757 SP27;21.08;;R05;21.08;N;;DE010265;MACRO HONEYCOMB 230GSM 50%COTTON 50%POLY;1;0.58;NORMAL;VINCE;M0000550;D-DESPACHADA;N;35.00;0;35;0;0;00:35;00:00;30;10.000;AU102 PB32;FALSO;0.00;0.00;O8956;CACHILUI
03;SECADO;5.00;Y5471;SEC-01;30/08/2026 11:20:28;30/08/2026 11:21:25;531917;FRAGRANT LILAC  14-3204 TCX  FAHERTY 17153 FALL25;10.28;;R05;10.28;N;;JE005389;JERSEY SOLIDO ESMERILADO 30/1 PP - 150 AW - COMPLEMENTO/CLAROS;1;0.02;NORMAL;HIALPESA;;E-EN PRODUCCION;N;1.00;0;1;0;0;00:01;00:00;30;20.000;JA PIP-27;FALSO;0.00;0.00;;CACHILUI
03;SECADO;4.00;Y4334;SEC-01;1/09/2026 04:31:46;1/09/2026 04:32:11;633DML;PARISIAN   TEXTILES HEAWOOK 8802;315.10;;R05;315.10;N;;SE003379;JERSEY 20/1 100% ALGODON;15;0.02;NORMAL;TEXTILES THT PERU S.A.C;;D-DESPACHADA;N;1.00;0;1;0;0;00:01;00:00;30;10.000;;FALSO;0.00;0.00;;ALELOARTE
03;SECADO;4.00;Y4232;SEC-01;1/09/2026 15:36:25;1/09/2026 15:39:58;6329V0;LAKE TEXTILES HEAWOOK 8802;328.40;;R05;328.40;N;;SE003379;JERSEY 20/1 100% ALGODON;15;0.05;NORMAL;TEXTILES THT PERU S.A.C;;D-DESPACHADA;N;3.00;0;3;0;0;00:03;00:00;30;10.000;;FALSO;0.00;0.00;;ALELOARTE
03;SECADO;5.00;Y1826;SEC-01;1/09/2026 15:38:07;1/09/2026 15:39:58;9339OG;ASH VINCE MENS 17927 PREFALL27;20.48;;R05;20.48;N;;DE010404;MERCERIZED JERSEY 100% SUPIMA COTTON 150GSM;1;0.02;NORMAL;VINCE;M0000550;D-DESPACHADA;N;1.00;0;1;0;0;00:01;00:00;30;15.000;;FALSO;0.00;4.67;O8480;AGUIJATO
03;SECADO;5.00;Y2164;SEC-01;1/09/2026 15:38:07;1/09/2026 15:39:58;9339OG;ASH VINCE MENS 17927 PREFALL27;5.02;;R05;5.02;N;;DE010404;MERCERIZED JERSEY 100% SUPIMA COTTON 150GSM;1;0.02;NORMAL;VINCE;M0000550;D-DESPACHADA;N;1.00;0;1;0;0;00:01;00:00;30;15.000;JA PA53;FALSO;0.00;4.67;O8480;AGUIJATO
03;SECADO;4.00;Y5762;SEC-01;1/09/2026 23:27:06;1/09/2026 23:27:25;111B56;BLANCO TEXTIL  SALAS;247.00;;R05;247.00;N;;SE004618;TOALLA DE BAÑO TANGUIS ANILLO 12/1;6;0.00;NORMAL;CORPORACION TEXTIL SALAS SAC;;D-DESPACHADA;N;0.00;0;0;0;0;00:00;00:00;30;10.000;;FALSO;0.00;0.00;;ALELOARTE
03;SECADO;4.00;Y5068;SEC-01;2/09/2026 04:38:55;2/09/2026 04:39:13;733BPR;MIAMI GREEN 19-0230 TCX TEXT HEAWOOK8816;295.90;;R05;295.90;N;;SE005028;JERSEY 20/1 100% COTTON;14;0.02;NORMAL;TEXTILES THT PERU S.A.C;;D-DESPACHADA;N;1.00;0;1;0;0;00:01;00:00;30;10.000;;FALSO;0.00;0.00;;ALELOARTE
03;SECADO;4.00;Y5435;SEC-01;2/09/2026 04:39:13;2/09/2026 07:41:17;N33BCT;NEGRO  TEXT HEAWOOK 8890;378.75;;R05;378.75;N;;SE005028;JERSEY 20/1 100% COTTON;18;3.03;NORMAL;TEXTILES THT PERU S.A.C;;E-EN PRODUCCION;N;182.00;3;2;0;0;03:02;00:00;30;10.000;;FALSO;0.00;0.00;;ALELOARTE
03;SECADO;4.20;Y5068;SEC-01;2/09/2026 15:00:58;2/09/2026 16:10:15;733BPR;MIAMI GREEN 19-0230 TCX TEXT HEAWOOK8816;295.90;;R01;295.90;S;;SE005028;JERSEY 20/1 100% COTTON;14;1.17;MATIZADO;TEXTILES THT PERU S.A.C;;D-DESPACHADA;N;70.00;1;10;1;10;01:10;01:10;30;10.000;;FALSO;0.00;0.00;;ALELOARTE
03;SECADO;4.00;Y4638;SEC-01;2/09/2026 17:03:56;2/09/2026 17:04:28;111B63;BLANCO TEXT HEAWOOK 8410;396.87;;R05;54.27;N;;SE004542;PIQUE LACOST 24/1 100% COTTON;17;0.02;NORMAL;TEXTILES THT PERU S.A.C;;E-EN PRODUCCION;N;1.00;0;1;0;0;00:01;00:00;30;10.000;;FALSO;0.00;0.00;;ALELOARTE
03;SECADO;4.00;Y4329;SEC-01;3/09/2026 01:26:30;3/09/2026 08:36:53;433BK8;CARDINAL  TEXTILES HEAWOOK 8802;352.50;;R05;352.50;N;;SE003379;JERSEY 20/1 100% ALGODON;17;7.17;NORMAL;TEXTILES THT PERU S.A.C;;D-DESPACHADA;N;430.00;7;10;0;0;07:10;00:00;30;9.000;;FALSO;0.00;0.00;;ALELOARTE
03;SECADO;4.00;Y5379;SEC-01;3/09/2026 18:03:41;3/09/2026 18:39:40;931CFE;BEIGE CARMELITA 8845;229.45;;R05;38.45;N;;SE004894;INTERLOCK 50/1 PP;8;0.60;NORMAL;TEXTIL CARMELITA SAC;;E-EN PRODUCCION;N;36.00;0;36;0;0;00:36;00:00;30;9.000;;FALSO;0.00;0.00;;HAMATEO
03;SECADO;5.40;Y3385;SEC-01;3/09/2026 19:16:24;3/09/2026 21:42:45;N33BCW;NEGRO TRICOT FINE 8894;526.16;;R05;508.00;N;;SE005014;JERSEY 30/1 ALG. PEINADO;23;2.43;NORMAL;T&F TEXTILES S.A.;;E-EN PRODUCCION;N;146.00;2;26;0;0;02:26;00:00;30;6.000;;FALSO;0.00;0.00;;HAMATEO
03;SECADO;5.50;Y4362;SEC-01;3/09/2026 21:50:53;3/09/2026 23:04:17;111AM7;BLANCO MULTICOTON  7577;467.30;;R01;15.50;S;;SE004836;JERSEY 28/1 ALG PEINADO;20;1.23;MATIZADO;MULTICOTTON SAC;;T-EN ALMACEN TENIDO;N;74.00;1;14;1;14;01:14;01:14;30;8.000;;FALSO;0.00;0.00;;RSIERRA
03;SECADO;4.00;Y5850;SEC-01;4/09/2026 00:35:46;4/09/2026 02:50:22;111BAV;BLANCO   TEXTILES HEAWOOK 8757;441.10;;R05;441.10;N;;SE005028;JERSEY 20/1 100% COTTON;21;2.25;NORMAL;TEXTILES THT PERU S.A.C;;E-EN PRODUCCION;N;135.00;2;15;0;0;02:15;00:00;30;8.000;;FALSO;0.00;0.00;;HAMATEO
03;SECADO;4.00;Y5851;SEC-01;4/09/2026 02:50:22;4/09/2026 06:13:32;111BAV;BLANCO   TEXTILES HEAWOOK 8757;425.00;;R05;425.00;N;;SE005028;JERSEY 20/1 100% COTTON;20;3.38;NORMAL;TEXTILES THT PERU S.A.C;;E-EN PRODUCCION;N;203.00;3;23;0;0;03:23;00:00;30;8.000;;FALSO;0.00;0.00;;HAMATEO
03;SECADO;4.00;Y5431;SEC-01;4/09/2026 06:13:33;4/09/2026 08:48:06;433BKM;OXBLOOD RED 19-1524 TCX TEXT HEAWOOK8816;294.80;;R05;294.80;N;;SE005028;JERSEY 20/1 100% COTTON;14;2.58;NORMAL;TEXTILES THT PERU S.A.C;;E-EN PRODUCCION;N;155.00;2;35;0;0;02:35;00:00;30;10.000;;FALSO;0.00;0.00;;HAMATEO
03;SECADO;4.00;Y5436;SEC-01;4/09/2026 08:48:06;4/09/2026 08:48:41;N33BCT;NEGRO  TEXT HEAWOOK 8890;358.55;;R05;358.55;N;;SE005028;JERSEY 20/1 100% COTTON;17;0.00;NORMAL;TEXTILES THT PERU S.A.C;;E-EN PRODUCCION;N;0.00;0;0;0;0;00:00;00:00;30;10.000;;FALSO;0.00;0.00;;HAMATEO
03;SECADO;6.00;Y2761;SEC-01;4/09/2026 10:38:42;4/09/2026 10:39:22;671163;ALLURE/ OPTIC WHITE TMW 12818 SS20;137.12;;R05;137.12;N;;IN000125;INTERLOCK OXFORD SANFORIZADO C/CLAROS - TEÑIDO 2 F;7;0.02;NORMAL;TRAVIS MATHEW;TMW-2314;E-EN PRODUCCION;N;1.00;0;1;0;0;00:01;00:00;30;8.000;JA PA48;FALSO;0.00;5.21;I9225;HAMATEO
03;SECADO;6.00;Y2762;SEC-01;4/09/2026 10:42:19;4/09/2026 10:45:59;673334;BLUE NIGHTS 19-4023 TCX / WHITE  T.M 11267 SS18;128.14;;R05;128.14;N;;IN000126;INTERLOCK OXFORD SANFORIZADO C/OSCUROS - TEÑIDO 2 F;7;0.05;NORMAL;TRAVIS MATHEW;TMW-2314;E-EN PRODUCCION;N;3.00;0;3;0;0;00:03;00:00;30;8.000;JA PA48;FALSO;0.00;0.00;I9225;HAMATEO
03;SECADO;4.00;Y5057;SEC-01;4/09/2026 14:47:00;4/09/2026 14:47:25;633DBE;INSIGNIA TEXT HEAWOOK 8444;377.90;;R05;377.90;N;;SE005028;JERSEY 20/1 100% COTTON;18;0.00;NORMAL;TEXTILES THT PERU S.A.C;;E-EN PRODUCCION;N;0.00;0;0;0;0;00:00;00:00;30;9.000;;FALSO;0.00;0.00;;ALELOARTE
03;SECADO;6.00;Y3952;SEC-01;4/09/2026 14:47:25;4/09/2026 15:04:58;B00399;OYSTER  80/20 VARSITY 15493;9.34;;R05;9.34;N;;CD000127;"CORDON TRENZADO PLANO 1/2"" 30/1 MLG X 7 CABOS (BASE CD112)";1;0.28;NORMAL;VARSITY;VAR-298;E-EN PRODUCCION;N;17.00;0;17;0;0;00:17;00:00;30;9.000;LOTE -  AU94-PN09;FALSO;0.00;0.00;I9740;ALELOARTE
03;SECADO;3.10;Y5199;SEC-02;4/09/2026 15:20:09;4/09/2026 15:20:35;L00BF9;PINE LEAF MELANGE E FAHERTY 17975 FALL26;24.48;;R05;24.48;N;;DE009307;JERSEY SOLIDO SUEDED / PRENDA 7;2;0.00;NORMAL;FAHERTY BRAND;M0000559;E-EN PRODUCCION;N;0.00;0;0;0;0;00:00;00:00;5;10.000;;FALSO;0.00;4.82;O8889;LMORAN
03;SECADO;3.10;Y5200;SEC-02;4/09/2026 15:20:10;4/09/2026 15:20:36;L00BF9;PINE LEAF MELANGE E FAHERTY 17975 FALL26;23.10;;R05;23.10;N;;DE009307;JERSEY SOLIDO SUEDED / PRENDA 7;1;0.00;NORMAL;FAHERTY BRAND;M0000559;E-EN PRODUCCION;N;0.00;0;0;0;0;00:00;00:00;5;10.000;;FALSO;0.00;4.82;O8889;LMORAN
03;SECADO;3.10;Y5975;SEC-02;4/09/2026 15:22:09;4/09/2026 15:23:09;931CDO;WHITE 11-0608 TCX TUCKERNUCK 17668;19.72;;R05;19.72;N;;DE010455;PIQUE LACOSTE 24/1 X 2 YARNS;1;0.02;NORMAL;HIALPESA;;E-EN PRODUCCION;N;1.00;0;1;0;0;00:01;00:00;5;12.000;JA AU106;FALSO;0.00;0.00;;LMORAN
03;SECADO;4.10;Y4133;SEC-02;4/09/2026 15:26:06;4/09/2026 15:26:25;6739BN;TOTAL ECLIPSE TRAVIS MATHEW 17469 SS27;42.40;;R05;42.40;N;;DE009807;FALSO PIQUE C/SPANDEX ESTAMP SUBLIMADO 75/72 POLY + 40/1 PIMA/POLY;2;0.00;NORMAL;TRAVIS MATHEW;M0000562;E-EN PRODUCCION;N;0.00;0;0;0;0;00:00;00:00;5;10.000;;FALSO;0.00;4.00;O8921;LMORAN
03;SECADO;4.10;Y4986;SEC-02;4/09/2026 15:26:06;4/09/2026 15:26:25;6739BN;TOTAL ECLIPSE TRAVIS MATHEW 17469 SS27;53.32;;R05;53.32;N;;PI000328;FALSO PIQUE C/SPANDEX C/OSCUROS - 75/72 POLY + 40/1 PP/POLY + 20D SPANDEX;3;0.00;NORMAL;TRAVIS MATHEW;M0000562;E-EN PRODUCCION;N;0.00;0;0;0;0;00:00;00:00;5;10.000;;FALSO;0.00;4.41;O8979;LMORAN
04;COMPACTADO;8.00;Y3645;COM-01;28/08/2026 17:16:12;28/08/2026 21:52:39;N33BAE;CHARCOAL 19-0405 TCX VINCE WOMENS 17734  PRESPRING;595.12;;R05;595.12;N;;JE004986;JERSEY SOLIDO F/SPAN / 30/1MODAL+40D / 235BW / OSCUROS;30;4.60;NORMAL;VINCE WOMENS;VCW-652;T-EN ALMACEN TENIDO;ST;276.00;4;36;0;0;04:36;00:00;8;10.000;JE004986;VERDADERO;0.00;3.77;I7633;GARBUWU
04;COMPACTADO;9.10;Y3757;COM-01;1/09/2026 11:38:13;1/09/2026 14:03:06;111B6N;WHITE  ROLLER RABBIT 1722;520.36;REPROCESO POR TRAMA;R31;520.36;S;;IN000229;INTERLOCK ESTAMPADO PIGMENTO FULL COBERTURA 50/1 NE;25;2.42;TACTO;ROLLER RABBIT;RRT-012B;T-EN ALMACEN TENIDO;N;145.00;2;25;2;25;02:25;02:25;8;8.000;JA PIP-27;FALSO;0.00;2.25;I9637;GARBUWU
04;COMPACTADO;7.00;Y4526;COM-01;1/09/2026 15:40:31;1/09/2026 20:45:11;631AZP;VISTA BLUE VINCE WOMENS 17842 SPRING27;499.80;;R05;44.58;N;;IN000242;INTERLOCK SOLIDO / 50/1PP / 185BW / CLAROS;23;5.08;NORMAL;VINCE WOMENS;VCW-663;E-EN PRODUCCION;N;305.00;5;5;0;0;05:05;00:00;8;6.000;02P-26;FALSO;0.00;3.82;I8967;GARBUWU
04;COMPACTADO;8.00;Y5132;COM-01;3/09/2026 14:09:54;3/09/2026 17:08:27;67399U;NAVY BLAZER 19-3923 TCX SUNDAYRED 16974 SP26;536.30;;R05;536.30;N;;FR000227;FRANELA C/SPANDEX 30/1MODAL SIRO+24/1CO/POLY+40D- OSCUROS TEÑIDO 2F;27;2.98;NORMAL;SUN DAY RED;SDR-051;E-EN PRODUCCION;N;179.00;2;59;0;0;02:59;00:00;8;6.000;JA M66;FALSO;0.00;0.00;I8916;LIFEFRANK
04;COMPACTADO;7.00;Y5790;COM-01;4/09/2026 09:01:32;4/09/2026 13:20:21;111B92;OPTIC WHITE   VINCE WOMENS 17401 PREFALL26;509.89;;R05;41.46;N;;IN000242;INTERLOCK SOLIDO / 50/1PP / 185BW / CLAROS;23;4.32;NORMAL;VINCE WOMENS;VCW-672;E-EN PRODUCCION;N;259.00;4;19;0;0;04:19;00:00;8;8.000;02P-26;FALSO;0.00;3.82;I9330;LIFEFRANK
04;COMPACTADO;6.00;Y5469;COM-01;4/09/2026 16:58:28;4/09/2026 17:00:04;931BP5;VANILLA ICE 11-0104 TCX TOMMY 16497 F25;25.95;;R05;20.36;N;;JE004902;JERSEY 30/1 TP(DISCHARGE) - CLARO Y MEDIO(BCI);1;0.03;NORMAL;TOMMY BAHAMA;M0000564;E-EN PRODUCCION;N;2.00;0;2;0;0;00:02;00:00;8;10.000;;FALSO;0.00;0.00;O9008;LMORAN
04;COMPACTADO;6.00;Y5464;COM-01;4/09/2026 17:00:04;4/09/2026 17:00:57;6F3047;ISLAND NAVY 19-3933 TCX TOMMY B 15104 F23;31.12;;R05;25.96;N;;JE004903;JERSEY 30/1TP (DISCHARGE) - OSCUROS(BCI);2;0.00;NORMAL;TOMMY BAHAMA;M0000564;E-EN PRODUCCION;N;0.00;0;0;0;0;00:00;00:00;8;10.000;;FALSO;0.00;0.00;O8999;LMORAN
04;COMPACTADO;6.00;Y5639;COM-01;4/09/2026 17:00:57;4/09/2026 17:05:35;B00004;BLANQUEO PARA PIGMENTAR;72.34;;R05;72.34;N;;DE010417;JERSEY 24/1 100% COTTON;3;0.08;NORMAL;HIALPESA;;E-EN PRODUCCION;N;5.00;0;5;0;0;00:05;00:00;8;10.000;JA AU106;FALSO;0.00;0.00;;LMORAN
04;COMPACTADO;7.00;Y4756;COM-02;28/08/2026 22:52:46;28/08/2026 23:50:52;111B6N;WHITE  ROLLER RABBIT 1722;413.78;;R05;413.78;N;;IN000229;INTERLOCK ESTAMPADO PIGMENTO FULL COBERTURA 50/1 NE;21;0.97;NORMAL;ROLLER RABBIT;RRT-012B;T-EN ALMACEN TENIDO;N;58.00;0;58;0;0;00:58;00:00;16;8.000;JA PIP-27;FALSO;0.00;3.32;I9639;GARBUWU
04;COMPACTADO;6.00;Y5183;COM-02;30/08/2026 03:55:21;30/08/2026 17:40:17;B00389;ARTIC WHITE VARISTY 15318 SP23;715.11;;R05;669.23;N;;JE005381;JERSEY FLAME (20/1 FLAME CO + 20/1 CO) - C/BLANCO Y CLAROS;32;13.75;NORMAL;VARSITY;VAR-298;T-EN ALMACEN TENIDO;N;825.00;13;45;0;0;13:45;00:00;16;8.000;LOTE- JA AU107 / JA;FALSO;0.00;0.00;I9735;GARBUWU
04;COMPACTADO;6.00;Y3935;COM-02;31/08/2026 09:47:36;31/08/2026 11:32:06;431ACE;ACK RED  VARSITY 15318 SP23;250.52;;R05;223.12;N;;JE005381;JERSEY FLAME (20/1 FLAME CO + 20/1 CO) - C/BLANCO Y CLAROS;11;1.75;NORMAL;VARSITY;VAR-298;T-EN ALMACEN TENIDO;N;105.00;1;45;0;0;01:45;00:00;16;8.000;LOTE- JA AU107 / JA;FALSO;0.00;0.00;I9735;GARBUWU
04;COMPACTADO;6.00;Y5184;COM-02;31/08/2026 13:04:52;31/08/2026 15:15:21;B00389;ARTIC WHITE VARISTY 15318 SP23;714.07;;R05;668.29;N;;JE005381;JERSEY FLAME (20/1 FLAME CO + 20/1 CO) - C/BLANCO Y CLAROS;32;2.18;NORMAL;VARSITY;VAR-298;T-EN ALMACEN TENIDO;N;131.00;2;11;0;0;02:11;00:00;16;8.000;LOTE- JA AU107 / JA;FALSO;0.00;0.00;I9735;GARBUWU
04;COMPACTADO;6.00;Y3934;COM-02;31/08/2026 20:28:13;1/09/2026 05:01:58;2319AB;SOLAR  VARSITY 17739;241.00;;R05;214.18;N;;JE005381;JERSEY FLAME (20/1 FLAME CO + 20/1 CO) - C/BLANCO Y CLAROS;11;8.55;NORMAL;VARSITY;VAR-298;T-EN ALMACEN TENIDO;N;513.00;8;33;0;0;08:33;00:00;16;8.000;LOTE-  JA AU107 /  J;FALSO;0.00;0.00;I9735;GARBUWU
04;COMPACTADO;7.00;Y4577;COM-02;1/09/2026 09:11:52;1/09/2026 10:31:24;111B6N;WHITE  ROLLER RABBIT 1722;394.44;;R05;394.44;N;;IN000229;INTERLOCK ESTAMPADO PIGMENTO FULL COBERTURA 50/1 NE;20;1.33;NORMAL;ROLLER RABBIT;RRT-012E;T-EN ALMACEN TENIDO;N;80.00;1;20;0;0;01:20;00:00;16;8.000;JA PIP-27;FALSO;0.00;3.32;I9753;GARBUWU
04;COMPACTADO;6.00;Y5312;COM-02;1/09/2026 16:34:08;1/09/2026 18:57:39;6329L4;MARINE BLUE-DISCHARGE VARSITY 15318 SP23;545.06;;R05;516.64;N;;JE005382;JERSEY FLAME (20/1 FLAME CO + 20/1 CO) - C/OSCUROS;24;2.38;NORMAL;VARSITY;VAR-298;T-EN ALMACEN TENIDO;N;143.00;2;23;0;0;02:23;00:00;16;6.000;JA AU107;FALSO;0.00;3.29;I9735;MOPRACES
04;COMPACTADO;7.00;Y5391;COM-02;2/09/2026 05:30:33;2/09/2026 07:58:59;111B6N;WHITE  ROLLER RABBIT 1722;525.58;;R05;525.58;N;;IN000229;INTERLOCK ESTAMPADO PIGMENTO FULL COBERTURA 50/1 NE;26;2.47;NORMAL;ROLLER RABBIT;RRT-012F;E-EN PRODUCCION;N;148.00;2;28;0;0;02:28;00:00;16;8.000;02P-26;FALSO;0.00;2.10;J1569;MOPRACES
04;COMPACTADO;6.00;Y4078;COM-02;2/09/2026 08:47:47;2/09/2026 09:10:59;931BJM;VINTAGE WHITE STANDARD VARSITY 16086 SP23;508.26;;R05;138.40;N;;FT000407;FRENCH TERRY 2 HILOS DIAGONAL CALADO 1-1 (X2 CABOS) - CLAROS;18;0.38;NORMAL;VARSITY;VAR-299;T-EN ALMACEN TENIDO;N;23.00;0;23;0;0;00:23;00:00;16;6.000;LOTE -  VS084  //  J;FALSO;0.00;0.00;I9742;MOPRACES
04;COMPACTADO;6.00;Y4077;COM-02;2/09/2026 09:21:39;2/09/2026 09:42:10;931BJM;VINTAGE WHITE STANDARD VARSITY 16086 SP23;505.76;;R05;137.20;N;;FT000407;FRENCH TERRY 2 HILOS DIAGONAL CALADO 1-1 (X2 CABOS) - CLAROS;18;0.35;NORMAL;VARSITY;VAR-299;T-EN ALMACEN TENIDO;N;21.00;0;21;0;0;00:21;00:00;16;6.000;LOTE -  VS084  //  J;FALSO;0.00;0.00;I9742;MOPRACES
04;COMPACTADO;4.10;Y5754;COM-02;2/09/2026 17:49:16;2/09/2026 21:51:31;111B6N;WHITE  ROLLER RABBIT 1722;511.94;;R05;511.94;N;;IN000229;INTERLOCK ESTAMPADO PIGMENTO FULL COBERTURA 50/1 NE;26;4.03;NORMAL;ROLLER RABBIT;RRT-012F;E-EN PRODUCCION;N;242.00;4;2;0;0;04:02;00:00;16;8.000;02P-26;FALSO;0.00;2.15;J1567;MOPRACES
04;COMPACTADO;7.00;Y5081;COM-02;3/09/2026 02:09:08;3/09/2026 04:35:11;111B6N;WHITE  ROLLER RABBIT 1722;247.54;;R05;247.54;N;;IN000229;INTERLOCK ESTAMPADO PIGMENTO FULL COBERTURA 50/1 NE;13;2.43;NORMAL;ROLLER RABBIT;RRT-012G;E-EN PRODUCCION;N;146.00;2;26;0;0;02:26;00:00;16;8.000;02P-26;FALSO;0.00;3.32;J1558;MOPRACES
04;COMPACTADO;7.00;Y5393;COM-02;3/09/2026 04:35:11;3/09/2026 04:35:29;111B6N;WHITE  ROLLER RABBIT 1722;311.26;;R05;311.26;N;;IN000229;INTERLOCK ESTAMPADO PIGMENTO FULL COBERTURA 50/1 NE;16;0.00;NORMAL;ROLLER RABBIT;RRT-012F;E-EN PRODUCCION;N;0.00;0;0;0;0;00:00;00:00;16;8.000;02P-26;FALSO;0.00;3.32;J1572;MOPRACES
04;COMPACTADO;7.00;Y5755;COM-02;3/09/2026 04:35:12;3/09/2026 04:35:29;111B6N;WHITE  ROLLER RABBIT 1722;168.64;;R05;168.64;N;;IN000229;INTERLOCK ESTAMPADO PIGMENTO FULL COBERTURA 50/1 NE;9;0.00;NORMAL;ROLLER RABBIT;RRT-012F;E-EN PRODUCCION;N;0.00;0;0;0;0;00:00;00:00;16;8.000;02P-26;FALSO;0.00;2.15;J1567;MOPRACES
04;COMPACTADO;6.00;Y4037;COM-02;3/09/2026 17:36:04;3/09/2026 21:20:47;B00399;OYSTER  80/20 VARSITY 15493;304.98;;R05;244.78;N;;JE005383;JERSEY FLAME 20/1 GREY MELANGE 80/20;12;3.73;NORMAL;VARSITY;VAR-298;T-EN ALMACEN TENIDO;N;224.00;3;44;0;0;03:44;00:00;16;9.000;H000573;FALSO;0.00;3.72;I9740;LIFEFRANK
04;COMPACTADO;7.00;Y5390;COM-02;4/09/2026 03:40:08;4/09/2026 03:40:21;111B6N;WHITE  ROLLER RABBIT 1722;489.94;;R05;489.94;N;;IN000229;INTERLOCK ESTAMPADO PIGMENTO FULL COBERTURA 50/1 NE;25;0.00;NORMAL;ROLLER RABBIT;RRT-012F;E-EN PRODUCCION;N;0.00;0;0;0;0;00:00;00:00;16;8.000;02P-26;FALSO;0.00;2.10;J1568;LIFEFRANK
04;COMPACTADO;5.00;Y4332;COM-03;28/08/2026 13:01:59;28/08/2026 15:10:38;733BOW;OLIVE  TEXTILES HEAWOOK 8802;256.40;;R05;256.40;N;;SE003379;JERSEY 20/1 100% ALGODON;12;2.15;NORMAL;TEXTILES THT PERU S.A.C;;D-DESPACHADA;N;129.00;2;9;0;0;02:09;00:00;8;10.000;;FALSO;0.00;0.00;;CACHILUI
04;COMPACTADO;5.00;Y5045;COM-03;29/08/2026 08:34:15;29/08/2026 08:35:30;633DHI;DARK DENIM 19-4118 TPX TEXT HEAWOOK 8659;381.15;;R05;381.15;N;;SE005028;JERSEY 20/1 100% COTTON;18;0.02;NORMAL;TEXTILES THT PERU S.A.C;;E-EN PRODUCCION;N;1.00;0;1;0;0;00:01;00:00;8;8.000;;FALSO;0.00;0.00;;CACHILUI
04;COMPACTADO;5.00;Y4335;COM-03;29/08/2026 08:50:09;29/08/2026 08:50:30;633DMJ;RIVERSIDE  TEXTILES HEAWOOK 8802;247.60;;R05;247.60;N;;SE003379;JERSEY 20/1 100% ALGODON;11;0.00;NORMAL;TEXTILES THT PERU S.A.C;;D-DESPACHADA;N;0.00;0;0;0;0;00:00;00:00;8;10.000;;FALSO;0.00;0.00;;CACHILUI
04;COMPACTADO;5.00;Y4334;COM-03;1/09/2026 08:15:41;1/09/2026 09:35:31;633DML;PARISIAN   TEXTILES HEAWOOK 8802;315.10;;R05;315.10;N;;SE003379;JERSEY 20/1 100% ALGODON;15;1.33;NORMAL;TEXTILES THT PERU S.A.C;;D-DESPACHADA;N;80.00;1;20;0;0;01:20;00:00;8;10.000;;FALSO;0.00;0.00;;ALELOARTE
04;COMPACTADO;5.00;Y4331;COM-03;1/09/2026 09:20:49;1/09/2026 10:30:59;633DMK;SEAPORT TEXTILES HEAWOOK 8802;191.00;;R05;191.00;N;;SE003379;JERSEY 20/1 100% ALGODON;9;1.17;NORMAL;TEXTILES THT PERU S.A.C;;D-DESPACHADA;N;70.00;1;10;0;0;01:10;00:00;8;10.000;;FALSO;0.00;0.00;;RSIERRA
04;COMPACTADO;5.00;Y4232;COM-03;2/09/2026 08:21:55;2/09/2026 09:50:36;6329V0;LAKE TEXTILES HEAWOOK 8802;328.40;;R05;328.40;N;;SE003379;JERSEY 20/1 100% ALGODON;15;1.48;NORMAL;TEXTILES THT PERU S.A.C;;D-DESPACHADA;N;89.00;1;29;0;0;01:29;00:00;8;10.000;;FALSO;0.00;0.00;;ALELOARTE
04;COMPACTADO;4.30;Y5068;COM-03;3/09/2026 08:43:20;3/09/2026 13:45:59;733BPR;MIAMI GREEN 19-0230 TCX TEXT HEAWOOK8816;295.90;;R01;295.90;S;;SE005028;JERSEY 20/1 100% COTTON;14;5.03;MATIZADO;TEXTILES THT PERU S.A.C;;D-DESPACHADA;N;302.00;5;2;5;2;05:02;05:02;8;10.000;;FALSO;0.00;0.00;;RSIERRA
04;COMPACTADO;4.10;Y4329;COM-03;3/09/2026 14:23:14;3/09/2026 15:53:44;433BK8;CARDINAL  TEXTILES HEAWOOK 8802;352.50;;R05;352.50;N;;SE003379;JERSEY 20/1 100% ALGODON;17;1.50;NORMAL;TEXTILES THT PERU S.A.C;;D-DESPACHADA;N;90.00;1;30;0;0;01:30;00:00;8;9.000;;FALSO;0.00;0.00;;HAMATEO
06;PERCHADO;6.00;Y5132;PER-03;1/09/2026 21:39:28;2/09/2026 05:56:50;67399U;NAVY BLAZER 19-3923 TCX SUNDAYRED 16974 SP26;536.30;;R05;536.30;N;;FR000227;FRANELA C/SPANDEX 30/1MODAL SIRO+24/1CO/POLY+40D- OSCUROS TEÑIDO 2F;27;8.28;NORMAL;SUN DAY RED;SDR-051;E-EN PRODUCCION;N;497.00;8;17;0;0;08:17;00:00;1;6.000;JA M66;FALSO;0.00;0.00;I8916;MOPRACES
07;RAMEADO;5.00;Y5729;MAQ2-B;1/09/2026 12:46:50;1/09/2026 17:15:10;B00004;BLANQUEO PARA PIGMENTAR;35.03;;R05;35.03;N;POR DEFINIR;DE010479;SOJOURN - 100% REGENERATIVE ORGANIC CERTIFIED PIMA COTTON;1;4.48;NORMAL;HIALPESA;;E-EN PRODUCCION;N;269.00;4;29;0;0;04:29;00:00;1;10.000;JA PA48;FALSO;0.00;0.00;;IZALANDRE
07;RAMEADO;4.10;Y4492;RAM-01;28/08/2026 20:23:38;28/08/2026 22:39:35;932980;MOCCA  TEXT HEAWOOK 8675;358.30;;R29;358.30;S;POR DEFINIR;SE004827;JERSEY 30/1 100% COTTON;17;2.27;TONO;TEXTILES THT PERU S.A.C;;D-DESPACHADA;N;136.00;2;16;2;16;02:16;02:16;52;8.000;;FALSO;0.00;0.00;;ANCVILLR
07;RAMEADO;6.00;Y4380;RAM-01;29/08/2026 03:01:02;29/08/2026 04:40:38;633DGC;NAVY BLAZER #19-3923 TCX TRAVIS MATHEW 17410 SS27;344.74;SECADO;R05;260.05;N;POR DEFINIR;FT000368;FRENCH TERRY W/SPANDEX 30/1 PP+40DN 290AW/OSCUROS;13;1.65;NORMAL;TRAVIS MATHEW;TMW-2320;T-EN ALMACEN TENIDO;N;99.00;1;39;0;0;01:39;00:00;52;7.000;JA PIP-27;FALSO;0.00;4.17;I9310;MEMESAN
07;RAMEADO;5.00;Y5216;RAM-01;29/08/2026 13:10:26;29/08/2026 13:31:13;931CIB;SANDSTONE(IGUAL AL COD.931CEE  DE LA CARTA 17840 F;46.78;ACABADO SOBRE HUMEDO;R05;13.60;N;POR DEFINIR;DE010417;JERSEY 24/1 100% COTTON;2;0.35;NORMAL;HIALPESA;;E-EN PRODUCCION;N;21.00;0;21;0;0;00:21;00:00;52;10.000;JA AU103;FALSO;0.00;0.00;;MALUJU
07;RAMEADO;6.00;Y5216;RAM-01;29/08/2026 13:10:26;29/08/2026 13:31:13;931CIB;SANDSTONE(IGUAL AL COD.931CEE  DE LA CARTA 17840 F;46.78;ACABADO SOBRE HUMEDO;R05;33.18;N;POR DEFINIR;DE010417;JERSEY 24/1 100% COTTON;2;0.35;NORMAL;HIALPESA;;E-EN PRODUCCION;N;21.00;0;21;0;0;00:21;00:00;52;10.000;JA AU103;FALSO;0.00;0.00;;MALUJU
07;RAMEADO;6.00;Y5195;RAM-01;29/08/2026 15:01:48;29/08/2026 15:08:57;L00BF7;BURGUNDY SMOKE MELANGE FAHERTY 17975 FALL26;20.16;;R05;20.16;N;POR DEFINIR;DE009307;JERSEY SOLIDO SUEDED / PRENDA 7;1;0.12;NORMAL;FAHERTY BRAND;M0000559;D-DESPACHADA;N;7.00;0;7;0;0;00:07;00:00;52;10.000;;FALSO;0.00;4.82;O8889;RSIERRA
07;RAMEADO;6.00;Y5196;RAM-01;29/08/2026 15:04:09;29/08/2026 15:08:06;L00BF7;BURGUNDY SMOKE MELANGE FAHERTY 17975 FALL26;24.24;ACABADO SOBRE SECÓ;R05;24.24;N;POR DEFINIR;DE009307;JERSEY SOLIDO SUEDED / PRENDA 7;2;0.07;NORMAL;FAHERTY BRAND;M0000559;D-DESPACHADA;N;4.00;0;4;0;0;00:04;00:00;52;10.000;;FALSO;0.00;4.82;O8889;MALUJU
07;RAMEADO;4.00;Y4768;RAM-01;29/08/2026 20:13:04;30/08/2026 01:34:21;631AYU;AZUL 15-4415TCX   TEXT HEAWOOK 8778;281.20;;R05;281.20;N;POR DEFINIR;SE004776;RIB 2X1 LYCRADO 30/1 20 ALGODON 95%SPANDEX 5%DENSI;14;5.35;NORMAL;THT EXPORT SAC;;D-DESPACHADA;N;321.00;5;21;0;0;05:21;00:00;52;8.000;;FALSO;0.00;0.00;;ANCVILLR
07;RAMEADO;6.00;Y3752;RAM-01;30/08/2026 03:09:07;30/08/2026 03:14:19;631AY9;LITTLE BOY BLUE_HATHI HEARTS PINK ROLLER 17225;51.98;;R05;51.98;N;POR DEFINIR;IN000232;INTERLOCK SOLIDO 50/1 PP - COMPLEMENTO;3;0.08;NORMAL;ROLLER RABBIT;RRT-012A;E-EN PRODUCCION;N;5.00;0;5;0;0;00:05;00:00;52;10.000;;FALSO;0.00;3.62;I9626;MEMESAN
07;RAMEADO;6.00;Y5178;RAM-01;30/08/2026 03:15:22;30/08/2026 03:20:27;631AX9;SPLISH SPLASH 16-4520 TCX ROLLER 17225;93.04;;R05;93.04;N;POR DEFINIR;IN000232;INTERLOCK SOLIDO 50/1 PP - COMPLEMENTO;5;0.08;NORMAL;ROLLER RABBIT;RRT-012G;E-EN PRODUCCION;N;5.00;0;5;0;0;00:05;00:00;52;9.000;02P-26;FALSO;0.00;3.62;J1553;ANCVILLR
07;RAMEADO;6.00;Y3754;RAM-01;30/08/2026 03:20:27;30/08/2026 06:22:54;633DBN;TRUE BLUE  (HEARTS BL)  ROLLER RABBIT 17225;107.32;;R05;107.32;N;POR DEFINIR;IN000232;INTERLOCK SOLIDO 50/1 PP - COMPLEMENTO;6;3.03;NORMAL;ROLLER RABBIT;RRT-012B;E-EN PRODUCCION;N;182.00;3;2;0;0;03:02;00:00;52;10.000;JA PIP-27;FALSO;0.00;3.62;I9636;ANCVILLR
07;RAMEADO;3.00;Y4042;RAM-01;31/08/2026 11:19:41;31/08/2026 11:20:04;N319NQ;SILVER DOLLAR BILLY DRADY  17859;80.70;;R05;70.62;N;POR DEFINIR;DE010379;FLAT BACK PIQUE ESMERILADO REVES - 20/1 CO/POLY + 20/1 TANGUIS PEINADO;3;0.02;NORMAL;BILLY  DRADDY;M0000554;D-DESPACHADA;N;1.00;0;1;0;0;00:01;00:00;52;10.000;JA AU107;FALSO;0.00;5.91;O8918;CACHILUI
07;RAMEADO;5.00;Y4716;RAM-01;31/08/2026 18:29:12;31/08/2026 18:29:57;111B9E;WHITE  PETIT HOURS 17576  PRESPRING26;285.78;;R05;285.78;N;POR DEFINIR;JE005433;JERSEY ESTAMPADO PIGMENTO 36/1 PP - 135 BW;14;0.00;NORMAL;PETITE PLUME;PTP-007A;E-EN PRODUCCION;N;0.00;0;0;0;0;00:00;00:00;52;8.000;JA PIP-27;FALSO;0.00;1.95;I9385;CACHILUI
07;RAMEADO;5.00;Y4717;RAM-01;31/08/2026 18:33:31;31/08/2026 18:33:36;111B9E;WHITE  PETIT HOURS 17576  PRESPRING26;207.12;;R05;207.12;N;POR DEFINIR;JE005433;JERSEY ESTAMPADO PIGMENTO 36/1 PP - 135 BW;10;0.00;NORMAL;PETITE PLUME;PTP-007A;E-EN PRODUCCION;N;0.00;0;0;0;0;00:00;00:00;52;8.000;JA PIP-27;FALSO;0.00;1.95;I9385;CACHILUI
07;RAMEADO;8.00;Y4606;RAM-01;31/08/2026 18:35:52;31/08/2026 18:36:00;9339P7;RUST SEQUOIA 19-1333 TCX  NORDSTROM 18039 F27;12.34;;R05;12.34;N;POR DEFINIR;JE005459;JERSEY 20/1 PP OSCUROS B/W;1;0.02;NORMAL;HIALPESA;;D-DESPACHADA;N;1.00;0;1;0;0;00:01;00:00;52;8.000;;FALSO;0.00;0.00;;CACHILUI
07;RAMEADO;5.00;Y1947;RAM-01;31/08/2026 22:30:53;1/09/2026 01:26:43;7319US;DOUGH HTR BILLY DRADY  17835;401.10;ACABADO SOBRE HUMEDO;R05;318.92;N;POR DEFINIR;MS000169;DOBLE FACE ROMBO ACOLCHADO(CLAROS) 30/1POLYC 65/35+70/24 NYLON;9;2.93;NORMAL;BILLY  DRADDY;BDR-265B;E-EN PRODUCCION;N;176.00;2;56;0;0;02:56;00:00;52;7.000;TAU29 GPB1;FALSO;0.00;0.00;I8799;SANAHUIHER
07;RAMEADO;6.00;Y1947;RAM-01;31/08/2026 22:30:54;1/09/2026 01:26:44;7319US;DOUGH HTR BILLY DRADY  17835;401.10;ACABADO SOBRE HUMEDO;R05;82.18;N;POR DEFINIR;MS000169;DOBLE FACE ROMBO ACOLCHADO(CLAROS) 30/1POLYC 65/35+70/24 NYLON;9;2.93;NORMAL;BILLY  DRADDY;BDR-265B;E-EN PRODUCCION;N;176.00;2;56;0;0;02:56;00:00;52;7.000;TAU29 GPB1;FALSO;0.00;0.00;I8799;SANAHUIHER
07;RAMEADO;5.00;Y1949;RAM-01;1/09/2026 01:26:44;1/09/2026 03:55:19;931C4U;VINTAGE  BILLY DRADDY 17239  FALL26;551.88;ACABADO SOBRE HUMEDO;R05;437.54;N;POR DEFINIR;MS000169;DOBLE FACE ROMBO ACOLCHADO(CLAROS) 30/1POLYC 65/35+70/24 NYLON;12;2.48;NORMAL;BILLY  DRADDY;BDR-265B;T-EN ALMACEN TENIDO;N;149.00;2;29;0;0;02:29;00:00;52;6.000;TAU29 GPB1;FALSO;0.00;0.00;I8800;SANAHUIHER
07;RAMEADO;6.00;Y1949;RAM-01;1/09/2026 01:26:44;1/09/2026 03:55:20;931C4U;VINTAGE  BILLY DRADDY 17239  FALL26;551.88;ACABADO SOBRE HUMEDO;R05;114.34;N;POR DEFINIR;MS000169;DOBLE FACE ROMBO ACOLCHADO(CLAROS) 30/1POLYC 65/35+70/24 NYLON;12;2.48;NORMAL;BILLY  DRADDY;BDR-265B;T-EN ALMACEN TENIDO;N;149.00;2;29;0;0;02:29;00:00;52;6.000;TAU29 GPB1;FALSO;0.00;0.00;I8800;SANAHUIHER
07;RAMEADO;5.00;Y5777;RAM-01;1/09/2026 03:55:20;1/09/2026 03:55:55;1119SV;WHITE J.JILL 9408 HOLLIDAY2014;7.94;ACABADO SOBRE HUMEDO;R05;7.94;N;POR DEFINIR;JE000455;JERSEY PARA PRUEBA DE HILADO 30/1 - 60/1;2;0.00;NORMAL;HIALPESA TEJEDURIA PRUEBA DE HILADOS;;D-DESPACHADA;N;0.00;0;0;0;0;00:00;00:00;52;15.000;;FALSO;0.00;0.00;;MALUJU
07;RAMEADO;3.00;Y5207;RAM-01;1/09/2026 18:36:00;1/09/2026 18:36:19;N33B2S;RAIN CLOUD  VINCE MENS 16992 PRESPRING25;15.00;;R05;15.00;N;POR DEFINIR;DE010461;FELPA CALADO 230 GR/M2;1;0.02;NORMAL;HIALPESA;;D-DESPACHADA;N;1.00;0;1;0;0;00:01;00:00;52;15.000;TAU18-PB34;FALSO;0.00;0.00;;MEMESAN
07;RAMEADO;3.00;Y5206;RAM-01;1/09/2026 18:36:19;1/09/2026 18:36:41;N33B2S;RAIN CLOUD  VINCE MENS 16992 PRESPRING25;16.00;;R05;16.00;N;POR DEFINIR;DE010461;FELPA CALADO 230 GR/M2;1;0.00;NORMAL;HIALPESA;;D-DESPACHADA;N;0.00;0;0;0;0;00:00;00:00;52;15.000;TAU18-PB34;FALSO;0.00;0.00;;MEMESAN
07;RAMEADO;5.00;Y4377;RAM-01;1/09/2026 18:36:41;1/09/2026 18:37:10;633C5S;NAVY HEATHER TOMMY BAHAMAS 14316 SP22;19.00;;R05;19.00;N;POR DEFINIR;JE004894;JERSEY OSC - 30/1 POLYCOTT 60%CO/40%POLY TEÑIDO 1F(COTTON)(BCI);1;0.02;NORMAL;TOMMY BAHAMA;M0000564;E-EN PRODUCCION;N;1.00;0;1;0;0;00:01;00:00;52;12.000;;FALSO;0.00;0.00;O8992;MEMESAN
07;RAMEADO;5.00;Y4376;RAM-01;1/09/2026 18:37:10;1/09/2026 21:20:20;N329E3;TURBULENCE HEATHER  TOMMY BAHAMAS  17838 F27;18.60;;R05;18.60;N;POR DEFINIR;JE004894;JERSEY OSC - 30/1 POLYCOTT 60%CO/40%POLY TEÑIDO 1F(COTTON)(BCI);2;2.72;NORMAL;TOMMY BAHAMA;M0000564;D-DESPACHADA;N;163.00;2;43;0;0;02:43;00:00;52;15.000;;FALSO;0.00;0.00;O8993;MEMESAN
07;RAMEADO;5.00;Y4589;RAM-01;1/09/2026 21:20:20;2/09/2026 00:10:08;633DNO;DEEP LAGOON VINCE WOMENS 17844 SPRING27;621.30;SECADO;R05;621.30;N;POR DEFINIR;JE004986;JERSEY SOLIDO F/SPAN / 30/1MODAL+40D / 235BW / OSCUROS;31;2.83;NORMAL;VINCE WOMENS;VCW-667;E-EN PRODUCCION;N;170.00;2;50;0;0;02:50;00:00;52;10.000;JA M66;FALSO;0.00;3.77;I8960;RCASAN
07;RAMEADO;4.00;Y4652;RAM-01;2/09/2026 05:32:29;2/09/2026 06:24:56;111BC1;WHITE CARMELITA 8845;167.95;SECADO;R05;142.00;N;POR DEFINIR;SE004894;INTERLOCK 50/1 PP;6;0.87;NORMAL;TEXTIL CARMELITA SAC;;E-EN PRODUCCION;N;52.00;0;52;0;0;00:52;00:00;52;10.000;;FALSO;0.00;0.00;;ESOSOAL
07;RAMEADO;4.00;Y4769;RAM-01;2/09/2026 06:24:56;2/09/2026 08:08:19;931CFN;CARAMELO 16-1336TCX   TEXT HEAWOOK 8851;593.00;ACABADO SOBRE HUMEDO;R05;593.00;N;POR DEFINIR;SE005035;INTERLOCK 50/1 PEINADO;28;1.73;NORMAL;THT EXPORT SAC;;D-DESPACHADA;N;104.00;1;44;0;0;01:44;00:00;52;9.000;;FALSO;0.00;0.00;;ESOSOAL
07;RAMEADO;7.00;Y5132;RAM-01;2/09/2026 10:18:08;2/09/2026 14:03:30;67399U;NAVY BLAZER 19-3923 TCX SUNDAYRED 16974 SP26;536.30;;R05;536.30;N;POR DEFINIR;FR000227;FRANELA C/SPANDEX 30/1MODAL SIRO+24/1CO/POLY+40D- OSCUROS TEÑIDO 2F;27;3.75;NORMAL;SUN DAY RED;SDR-051;E-EN PRODUCCION;N;225.00;3;45;0;0;03:45;00:00;52;6.000;JA M66;FALSO;0.00;0.00;I8916;ANCVILLR
07;RAMEADO;1.80;Y1610;RAM-01;2/09/2026 18:18:47;2/09/2026 23:23:15;N33BBL;BLACK V2  COFACO 8825;28.95;SECADO;R01;28.95;S;POR DEFINIR;SE004971;BABY RIB 1X1 30/1 BCI SPANDEX FULL CRUDO;2;5.08;MATIZADO;COFACO INDUSTRIES S.A.C.;;E-EN PRODUCCION;N;305.00;5;5;5;5;05:05;05:05;52;8.000;;FALSO;0.00;0.00;;AGUIJATO
07;RAMEADO;1.80;Y1834;RAM-01;2/09/2026 18:18:50;2/09/2026 18:19:31;N33BBL;BLACK V2  COFACO 8825;596.95;SECADO;R01;596.95;S;POR DEFINIR;SE004970;JERSEY 30/1 COP TANGUIS BCI 100% CRUDO;25;0.02;MATIZADO;COFACO INDUSTRIES S.A.C.;;E-EN PRODUCCION;N;1.00;0;1;0;1;00:01;00:01;52;8.000;;FALSO;0.00;0.00;;AGUIJATO
07;RAMEADO;4.80;Y2463;RAM-01;3/09/2026 02:21:14;3/09/2026 02:21:38;93299Z;UMBER   COFACO 8867;38.85;SECADO;R11;38.85;S;POR DEFINIR;SE004971;BABY RIB 1X1 30/1 BCI SPANDEX FULL CRUDO;2;0.00;DISPERSO;COFACO INDUSTRIES S.A.C.;;E-EN PRODUCCION;N;0.00;0;0;0;0;00:00;00:00;52;8.500;;FALSO;0.00;0.00;;MALUJU
07;RAMEADO;5.00;Y2462;RAM-01;3/09/2026 02:21:37;3/09/2026 03:28:46;93299Z;UMBER   COFACO 8867;584.85;SECADO;R11;584.85;S;POR DEFINIR;SE004970;JERSEY 30/1 COP TANGUIS BCI 100% CRUDO;30;1.12;DISPERSO;COFACO INDUSTRIES S.A.C.;;E-EN PRODUCCION;N;67.00;1;7;1;7;01:07;01:07;52;8.500;;FALSO;0.00;0.00;;MALUJU
07;RAMEADO;4.00;Y2463;RAM-01;3/09/2026 02:21:37;3/09/2026 03:28:47;93299Z;UMBER   COFACO 8867;38.85;SECADO;R11;38.85;S;POR DEFINIR;SE004971;BABY RIB 1X1 30/1 BCI SPANDEX FULL CRUDO;2;1.12;DISPERSO;COFACO INDUSTRIES S.A.C.;;E-EN PRODUCCION;N;67.00;1;7;1;7;01:07;01:07;52;8.500;;FALSO;0.00;0.00;;MALUJU
07;RAMEADO;4.00;Y4943;RAM-01;3/09/2026 11:45:58;3/09/2026 11:46:30;C00002;PREPARADO PARA ESTAMPAR;0.00;"ACABADO S .
HUMEDO";R05;58.80;N;POR DEFINIR;SE004856;JERSEY 30/1 P. PEINADO;0;0.02;NORMAL;ABUCORP PERU SAC.;;E-EN PRODUCCION;N;1.00;0;1;0;0;00:01;00:00;52;NO TIENE RECETA;;FALSO;0.00;0.00;;LMORAN
07;RAMEADO;3.00;Y4638;RAM-01;3/09/2026 15:43:58;3/09/2026 15:44:25;111B63;BLANCO TEXT HEAWOOK 8410;396.87;ACABADO;R05;342.60;N;POR DEFINIR;SE004542;PIQUE LACOST 24/1 100% COTTON;17;0.02;NORMAL;TEXTILES THT PERU S.A.C;;E-EN PRODUCCION;N;1.00;0;1;0;0;00:01;00:00;52;10.000;;FALSO;0.00;0.00;;HUSOJUA
07;RAMEADO;5.00;Y5170;RAM-01;3/09/2026 17:47:03;3/09/2026 17:47:37;631AZI;DUSK BLUE TOMMY BAHAMAS 17837 F27;18.25;;R05;18.25;N;POR DEFINIR;JE004891;JERSEY 30/1 AC COMPACTADO - CLAROS(GG24)(BCI);2;0.00;NORMAL;TOMMY BAHAMA;M0000564;E-EN PRODUCCION;N;0.00;0;0;0;0;00:00;00:00;52;12.000;;FALSO;0.00;0.00;O8984;AGUIJATO
07;RAMEADO;5.00;Y5478;RAM-01;3/09/2026 17:47:37;3/09/2026 17:48:07;931CEE;SANDSTONE 12-4302 TCX  FORTY SEVEN 17840;21.84;;R05;5.16;N;POR DEFINIR;JE005309;JERSEY 30/1 CT 100% ALGODON - COLORES CLAROS Y BLANCO;2;0.02;NORMAL;HIALPESA;;E-EN PRODUCCION;N;1.00;0;1;0;0;00:01;00:00;52;10.000;JA AU104;FALSO;0.00;0.00;;AGUIJATO
07;RAMEADO;7.00;Y5473;RAM-01;3/09/2026 17:48:07;3/09/2026 17:48:58;232883;GALLEY GOLD(IGUAL AL COD. 232876 DELA CARTA 17840;10.03;;R05;10.03;N;POR DEFINIR;DE010417;JERSEY 24/1 100% COTTON;1;0.00;NORMAL;HIALPESA;;E-EN PRODUCCION;N;0.00;0;0;0;0;00:00;00:00;52;20.000;JA AU106;FALSO;0.00;0.00;;AGUIJATO
07;RAMEADO;6.00;Y5844;RAM-01;3/09/2026 17:48:58;3/09/2026 17:51:06;L00BEM;EGRET/ENGLISH MANOR FAHERTY 17935 SUMMER27;35.68;;R05;35.68;N;POR DEFINIR;DE010413;RIB 2X2 FULL SPANDEX STRIPE (SHORE FADE);2;0.05;NORMAL;HIALPESA;;E-EN PRODUCCION;N;3.00;0;3;0;0;00:03;00:00;52;10.000;;FALSO;0.00;0.00;;AGUIJATO
07;RAMEADO;3.00;Y6009;RAM-01;4/09/2026 00:14:26;4/09/2026 00:16:14;633CWA;INDIGO STANDARD VARSITY 16086 SP23;0.00;HUMECTADO;R05;516.70;N;POR DEFINIR;FT000406;FRENCH TERRY 2 HILOS DIAGONAL CALADO 1-1 (X2 CABOS) - OSCUROS;0;0.03;NORMAL;VARSITY;VAR-299;C-EN ALMACEN PRE-TENIDO;N;2.00;0;2;0;0;00:02;00:00;52;NO TIENE RECETA;JA AU107;FALSO;0.00;3.82;;MEMESAN
07;RAMEADO;3.00;Y6009;RAM-01;4/09/2026 00:14:26;4/09/2026 00:16:14;633CWA;INDIGO STANDARD VARSITY 16086 SP23;0.00;HUMECTADO;R05;516.70;N;POR DEFINIR;RI003086;RIB 1X1 20/1OE CALADO 1-1 (X2 CABOS) - C/MEDIOS Y OSCUROS - COMPL;0;0.03;NORMAL;VARSITY;VAR-299;C-EN ALMACEN PRE-TENIDO;N;2.00;0;2;0;0;00:02;00:00;52;NO TIENE RECETA;VS081;FALSO;0.00;0.00;;MEMESAN
07;RAMEADO;3.00;Y6009;RAM-01;4/09/2026 00:14:26;4/09/2026 00:16:14;633CWA;INDIGO STANDARD VARSITY 16086 SP23;0.00;HUMECTADO;R05;516.70;N;POR DEFINIR;JE005387;JERSEY 24/1 OE - COMPL;0;0.03;NORMAL;VARSITY;VAR-299;C-EN ALMACEN PRE-TENIDO;N;2.00;0;2;0;0;00:02;00:00;52;NO TIENE RECETA;VS084;FALSO;0.00;3.92;;MEMESAN
07;RAMEADO;2.00;Y4976;RAM-01;4/09/2026 00:16:15;4/09/2026 01:35:41;633D1B;COUNTRY BLUE 18-3912 TCX VARSITY 16086;630.35;HUMECTADO;R05;510.08;N;POR DEFINIR;FT000406;FRENCH TERRY 2 HILOS DIAGONAL CALADO 1-1 (X2 CABOS) - OSCUROS;25;1.32;NORMAL;VARSITY;VAR-299;E-EN PRODUCCION;N;79.00;1;19;0;0;01:19;00:00;52;8.000;JA AU107;FALSO;0.00;3.12;I9743;MEMESAN
07;RAMEADO;5.50;Y3013;RAM-01;4/09/2026 01:35:42;4/09/2026 02:43:01;633D7D;COASTAL (STANDAR PF25)  VINCE WOMENS 16649 PREFALL;190.70;SECADO;R01;190.70;S;POR DEFINIR;JE004442;JERSEY SOLIDO // 24/1 PP - OSCUROS;9;1.13;MATIZADO;VINCE WOMENS;VCW-673;E-EN PRODUCCION;N;68.00;1;8;1;8;01:08;01:08;52;10.000;;FALSO;0.00;0.00;I9317;MEMESAN
07;RAMEADO;7.00;Y2763;RAM-01;4/09/2026 04:44:00;4/09/2026 06:07:03;N72106;QUIETSHADE/ WHITE  TRAVIS MATHEW 10795 F/H2017;380.74;ACABADO SOBRE SECÓ;R05;380.74;N;POR DEFINIR;IN000125;INTERLOCK OXFORD SANFORIZADO C/CLAROS - TEÑIDO 2 F;19;1.38;NORMAL;TRAVIS MATHEW;TMW-2314;E-EN PRODUCCION;N;83.00;1;23;0;0;01:23;00:00;52;7.000;JA PA48;FALSO;0.00;0.00;I9224;RCASAN
07;RAMEADO;5.00;Y4320;RAM-01;4/09/2026 14:42:36;4/09/2026 15:53:09;111B1U;WHITE TRAVIS M 16585 SS25;176.60;;R05;176.60;N;POR DEFINIR;JE005085;JERSEY 30/1 AP - CLAROS;8;1.18;NORMAL;TRAVIS MATHEW;TMW-2324;E-EN PRODUCCION;N;71.00;1;11;0;0;01:11;00:00;52;10.000;JA-AU106;FALSO;0.00;3.72;I9876;ANCVILLR
07;RAMEADO;7.00;Y4757;RAM-01;4/09/2026 15:55:30;4/09/2026 15:58:03;111B6N;WHITE  ROLLER RABBIT 1722;10.56;;R05;10.56;N;POR DEFINIR;IN000232;INTERLOCK SOLIDO 50/1 PP - COMPLEMENTO;1;0.05;NORMAL;ROLLER RABBIT;RRT-012B;E-EN PRODUCCION;N;3.00;0;3;0;0;00:03;00:00;52;8.000;JA PIP-27;FALSO;0.00;3.62;I9642;ALELOARTE
07;RAMEADO;5.50;Y4758;RAM-01;4/09/2026 15:58:03;4/09/2026 15:58:22;111B6N;WHITE  ROLLER RABBIT 1722;14.14;;R05;14.14;N;POR DEFINIR;RI002964;RIB 1X1 40/1 PP - COMPLEMENTO;1;0.00;NORMAL;ROLLER RABBIT;RRT-012B;E-EN PRODUCCION;N;0.00;0;0;0;0;00:00;00:00;52;8.000;JA PA48;FALSO;0.00;3.42;I9646;ALELOARTE
07;RAMEADO;5.00;Y4850;RAM-01;4/09/2026 15:59:29;4/09/2026 16:01:41;111B6N;WHITE  ROLLER RABBIT 1722;14.22;;R05;14.22;N;POR DEFINIR;RI002964;RIB 1X1 40/1 PP - COMPLEMENTO;1;0.03;NORMAL;ROLLER RABBIT;RRT-012C;E-EN PRODUCCION;N;2.00;0;2;0;0;00:02;00:00;52;8.000;JA PA48;FALSO;0.00;3.42;I9665;ALELOARTE
07;RAMEADO;6.00;Y4849;RAM-01;4/09/2026 16:04:39;4/09/2026 16:05:06;111B6N;WHITE  ROLLER RABBIT 1722;31.00;;R05;31.00;N;POR DEFINIR;IN000232;INTERLOCK SOLIDO 50/1 PP - COMPLEMENTO;2;0.02;NORMAL;ROLLER RABBIT;RRT-012C;E-EN PRODUCCION;N;1.00;0;1;0;0;00:01;00:00;52;8.000;;FALSO;0.00;3.62;I9656;ALELOARTE
07;RAMEADO;5.00;Y4854;RAM-01;4/09/2026 16:06:18;4/09/2026 16:06:25;111B6N;WHITE  ROLLER RABBIT 1722;12.36;;R05;12.36;N;POR DEFINIR;RI002964;RIB 1X1 40/1 PP - COMPLEMENTO;2;0.00;NORMAL;ROLLER RABBIT;RRT-012E;E-EN PRODUCCION;N;0.00;0;0;0;0;00:00;00:00;52;8.000;JA PA48;FALSO;0.00;3.42;I9751;ALELOARTE
07;RAMEADO;5.00;Y4855;RAM-01;4/09/2026 16:07:20;4/09/2026 16:07:30;111B6N;WHITE  ROLLER RABBIT 1722;17.50;;R05;17.50;N;POR DEFINIR;RI002965;RIB 1X1 30/1 PP - COMPLEMENTO;2;0.00;NORMAL;ROLLER RABBIT;RRT-012E;E-EN PRODUCCION;N;0.00;0;0;0;0;00:00;00:00;52;8.000;;FALSO;0.00;3.42;I9752;ALELOARTE
07;RAMEADO;6.00;Y4856;RAM-01;4/09/2026 16:08:15;4/09/2026 16:08:21;111B6N;WHITE  ROLLER RABBIT 1722;7.00;;R05;7.00;N;POR DEFINIR;IN000232;INTERLOCK SOLIDO 50/1 PP - COMPLEMENTO;1;0.00;NORMAL;ROLLER RABBIT;RRT-012E;E-EN PRODUCCION;N;0.00;0;0;0;0;00:00;00:00;52;8.000;JA PIP-27;FALSO;0.00;3.62;I9752;ALELOARTE
07;RAMEADO;6.00;Y5130;RAM-01;4/09/2026 16:09:09;4/09/2026 16:09:29;111B6N;WHITE  ROLLER RABBIT 1722;26.66;;R05;26.66;N;POR DEFINIR;IN000232;INTERLOCK SOLIDO 50/1 PP - COMPLEMENTO;2;0.00;NORMAL;ROLLER RABBIT;RRT-012E;E-EN PRODUCCION;N;0.00;0;0;0;0;00:00;00:00;52;8.000;JA PIP-27;FALSO;0.00;3.62;I9749;ALELOARTE
07;RAMEADO;5.00;Y5131;RAM-01;4/09/2026 16:10:07;4/09/2026 16:10:13;111B6N;WHITE  ROLLER RABBIT 1722;19.58;;R05;19.58;N;POR DEFINIR;RI002964;RIB 1X1 40/1 PP - COMPLEMENTO;1;0.00;NORMAL;ROLLER RABBIT;RRT-012E;E-EN PRODUCCION;N;0.00;0;0;0;0;00:00;00:00;52;8.000;JA PA48;FALSO;0.00;3.42;I9749;ALELOARTE
07;RAMEADO;11.13;Y3882;RAM-02;28/08/2026 06:08:43;28/08/2026 07:41:35;111B6N;WHITE  ROLLER RABBIT 1722;128.63;;R05;128.63;N;POR DEFINIR;IN000251;INTERLOCK ESTAMPADO REACTIVO 40/1 PIMA MODAL 50/50 - 225 AW;6;1.55;NORMAL;ROLLER RABBIT;RRT-017;T-EN ALMACEN TENIDO;N;93.00;1;33;0;0;01:33;00:00;96;9.000;PA54 M65;FALSO;0.00;0.00;I9058;ANCVILLR
07;RAMEADO;7.50;Y3645;RAM-02;28/08/2026 07:41:35;28/08/2026 11:01:01;N33BAE;CHARCOAL 19-0405 TCX VINCE WOMENS 17734  PRESPRING;595.12;;R01;595.12;S;POR DEFINIR;JE004986;JERSEY SOLIDO F/SPAN / 30/1MODAL+40D / 235BW / OSCUROS;30;3.33;MATIZADO;VINCE WOMENS;VCW-652;T-EN ALMACEN TENIDO;ST;200.00;3;20;3;20;03:20;03:20;96;10.000;JE004986;VERDADERO;0.00;3.77;I7633;ANCVILLR
07;RAMEADO;4.00;Y5115;RAM-02;28/08/2026 11:01:01;28/08/2026 17:03:00;6739CS;TRUE NAVY  COFACO 8897;651.05;;R05;651.05;N;POR DEFINIR;SE004986;JERSEY 40/1 VORTEX ORG PIMA/LYOCELL;25;6.03;NORMAL;COFACO INDUSTRIES S.A.C.;;D-DESPACHADA;N;362.00;6;2;0;0;06:02;00:00;96;10.000;;FALSO;0.00;0.00;;ANCVILLR
07;RAMEADO;3.00;Y4140;RAM-02;28/08/2026 18:00:10;28/08/2026 19:40:54;633DNT;NAUTI-DISCHARGE  BILLY DRADY  17814 F27;50.88;;R05;50.88;N;POR DEFINIR;DE010437;MUESTRA FISICA ENTREGADA - DESARROLLAR TAL CUAL LA TELA ENTREGADA;4;1.67;NORMAL;HIALPESA;;E-EN PRODUCCION;N;100.00;1;40;0;0;01:40;00:00;96;11.000;;FALSO;0.00;0.00;;RSIERRA
07;RAMEADO;6.00;Y4028;RAM-02;28/08/2026 18:00:10;28/08/2026 19:52:23;633DNT;NAUTI-DISCHARGE  BILLY DRADY  17814 F27;51.54;;R05;51.54;N;POR DEFINIR;DE010437;MUESTRA FISICA ENTREGADA - DESARROLLAR TAL CUAL LA TELA ENTREGADA;4;1.87;NORMAL;HIALPESA;;E-EN PRODUCCION;N;112.00;1;52;0;0;01:52;00:00;96;11.000;JA PIP-27;FALSO;0.00;0.00;;RSIERRA
07;RAMEADO;6.00;Y3865;RAM-02;28/08/2026 19:39:58;28/08/2026 21:00:33;C00002;PREPARADO PARA ESTAMPAR;0.00;;R05;332.00;N;POR DEFINIR;SE004868;JERSEY FULL SPANDEX 30/1 PIMA ORGANICO - MODAL 50/;0;1.35;NORMAL;INTRATESA S.A.C.;;E-EN PRODUCCION;N;81.00;1;21;0;0;01:21;00:00;96;NO TIENE RECETA;;FALSO;0.00;0.00;;ANCVILLR
07;RAMEADO;5.00;Y4863;RAM-02;28/08/2026 22:38:34;28/08/2026 23:18:10;633DO3;COASTAL  VINCE MENS 17870 SP27;240.00;;R05;240.00;N;POR DEFINIR;PI000280;PIQUE SIMPLE / 32/1COTT / 185AW / OSCUROS;12;0.67;NORMAL;VINCE;VNC-817;E-EN PRODUCCION;N;40.00;0;40;0;0;00:40;00:00;96;9.000;JA AU107;FALSO;0.00;3.97;I9222;RSCSEG
07;RAMEADO;5.00;Y4160;RAM-02;28/08/2026 23:18:10;29/08/2026 00:27:00;N33BBI;BLACK 19-0303 TCX FORTY SEVEN 17840;157.04;;R05;157.04;N;POR DEFINIR;JE005298;JERSEY 30/1 CT 100% ALGODON - OSCUROS Y MEDIOS;7;1.15;NORMAL;FORTY SEVEN;FSE-1234;T-EN ALMACEN TENIDO;N;69.00;1;9;0;0;01:09;00:00;96;8.000;JA AU107;FALSO;0.00;3.32;I9861;RSCSEG
07;RAMEADO;5.00;Y4481;RAM-02;29/08/2026 00:27:00;29/08/2026 02:59:22;633DNI;NAVY 19-4010 TCX FORTY SEVEN 17840;535.63;;R05;535.63;N;POR DEFINIR;JE005298;JERSEY 30/1 CT 100% ALGODON - OSCUROS Y MEDIOS;25;2.53;NORMAL;FORTY SEVEN;FSE-1221;T-EN ALMACEN TENIDO;N;152.00;2;32;0;0;02:32;00:00;96;6.000;TAU-31;FALSO;0.00;0.00;J0208;MEMESAN
07;RAMEADO;5.00;Y3935;RAM-02;29/08/2026 02:59:22;29/08/2026 04:08:44;431ACE;ACK RED  VARSITY 15318 SP23;250.52;;R05;250.52;N;POR DEFINIR;JE005381;JERSEY FLAME (20/1 FLAME CO + 20/1 CO) - C/BLANCO Y CLAROS;11;1.15;NORMAL;VARSITY;VAR-298;T-EN ALMACEN TENIDO;N;69.00;1;9;0;0;01:09;00:00;96;8.000;LOTE- JA AU107 / JA;FALSO;0.00;0.00;I9735;MEMESAN
07;RAMEADO;5.00;Y5461;RAM-02;29/08/2026 04:08:44;29/08/2026 04:09:17;931BJM;VINTAGE WHITE STANDARD VARSITY 16086 SP23;257.59;;R05;162.50;N;POR DEFINIR;FT000407;FRENCH TERRY 2 HILOS DIAGONAL CALADO 1-1 (X2 CABOS) - CLAROS;8;0.02;NORMAL;VARSITY;VAR-299;T-EN ALMACEN TENIDO;N;1.00;0;1;0;0;00:01;00:00;96;6.000;LOTE -  VS084  //  J;FALSO;0.00;0.00;I9743;MEMESAN
07;RAMEADO;5.00;Y5460;RAM-02;29/08/2026 04:08:45;29/08/2026 05:25:59;931BJM;VINTAGE WHITE STANDARD VARSITY 16086 SP23;223.43;;R05;223.43;N;POR DEFINIR;FT000407;FRENCH TERRY 2 HILOS DIAGONAL CALADO 1-1 (X2 CABOS) - CLAROS;11;1.28;NORMAL;VARSITY;VAR-299;T-EN ALMACEN TENIDO;N;77.00;1;17;0;0;01:17;00:00;96;6.000;LOTE  -  JA AU106  /;FALSO;0.00;0.00;I9743;MEMESAN
07;RAMEADO;5.00;Y4075;RAM-02;29/08/2026 05:25:59;29/08/2026 07:16:28;931BJM;VINTAGE WHITE STANDARD VARSITY 16086 SP23;481.43;;R05;481.43;N;POR DEFINIR;FT000407;FRENCH TERRY 2 HILOS DIAGONAL CALADO 1-1 (X2 CABOS) - CLAROS;19;1.85;NORMAL;VARSITY;VAR-299;T-EN ALMACEN TENIDO;N;111.00;1;51;0;0;01:51;00:00;96;6.000;LOTE -  VS084  //  J;FALSO;0.00;0.00;I9743;ANCVILLR
07;RAMEADO;5.00;Y5183;RAM-02;29/08/2026 07:16:29;29/08/2026 09:00:34;B00389;ARTIC WHITE VARISTY 15318 SP23;715.11;;R05;715.11;N;POR DEFINIR;JE005381;JERSEY FLAME (20/1 FLAME CO + 20/1 CO) - C/BLANCO Y CLAROS;32;1.73;NORMAL;VARSITY;VAR-298;T-EN ALMACEN TENIDO;N;104.00;1;44;0;0;01:44;00:00;96;8.000;LOTE- JA AU107 / JA;FALSO;0.00;0.00;I9735;MALUJU
07;RAMEADO;5.00;Y4366;RAM-02;29/08/2026 09:50:47;29/08/2026 09:51:10;111BB8;WHITE PANTONE 11-0601 FAHERTY 17789 SP27;28.00;;R05;28.00;N;POR DEFINIR;DE009841;JERSEY 40/1 PIMA PEINA;2;0.02;NORMAL;HIALPESA;;D-DESPACHADA;N;1.00;0;1;0;0;00:01;00:00;96;10.000;JA PA51;FALSO;0.00;0.00;;RSIERRA
07;RAMEADO;5.00;Y4506;RAM-02;29/08/2026 10:10:44;29/08/2026 11:22:07;93299T;ALMOND  VINCE WOMENS 17841 SPRING27;691.19;;R05;691.19;N;POR DEFINIR;FT000313;FRENCH TERRY 3 HILOS -30/1 PP + 10/1 TC - CLAROS;32;1.20;NORMAL;VINCE WOMENS;VCW-662;E-EN PRODUCCION;N;72.00;1;12;0;0;01:12;00:00;96;8.000;JA PA53;FALSO;0.00;3.97;I8964;MALUJU
07;RAMEADO;5.00;Y5145;RAM-02;29/08/2026 11:22:07;29/08/2026 13:11:34;931C8X;OFF WHITE VINCE WOMENS 17561 F26;681.20;;R05;681.20;N;POR DEFINIR;FT000313;FRENCH TERRY 3 HILOS -30/1 PP + 10/1 TC - CLAROS;30;1.82;NORMAL;VINCE WOMENS;VCW-662;T-EN ALMACEN TENIDO;N;109.00;1;49;0;0;01:49;00:00;96;8.000;JA PA53;FALSO;0.00;3.97;I8961;MALUJU
07;RAMEADO;5.00;Y5184;RAM-02;29/08/2026 13:11:34;29/08/2026 14:20:23;B00389;ARTIC WHITE VARISTY 15318 SP23;714.07;;R05;714.07;N;POR DEFINIR;JE005381;JERSEY FLAME (20/1 FLAME CO + 20/1 CO) - C/BLANCO Y CLAROS;32;1.15;NORMAL;VARSITY;VAR-298;T-EN ALMACEN TENIDO;N;69.00;1;9;0;0;01:09;00:00;96;8.000;LOTE- JA AU107 / JA;FALSO;0.00;0.00;I9735;MALUJU
07;RAMEADO;5.00;Y4259;RAM-02;29/08/2026 15:26:00;29/08/2026 17:01:09;631AEK;CAROLINA FORTY SEVEN 15305 F23;182.38;;R05;182.38;N;POR DEFINIR;JE004852;JERSEY FLAMÉ 24/1 TC - CLAROS;8;1.58;NORMAL;FORTY SEVEN;FSE-1223;T-EN ALMACEN TENIDO;N;95.00;1;35;0;0;01:35;00:00;96;10.000;JA AU107;FALSO;0.00;0.00;J0417;MALUJU
07;RAMEADO;5.00;Y4068;RAM-02;29/08/2026 17:01:09;29/08/2026 19:31:59;7319QP;SAGE 16-5808 TCX VARSITY 16086;466.02;;R05;466.02;N;POR DEFINIR;FT000406;FRENCH TERRY 2 HILOS DIAGONAL CALADO 1-1 (X2 CABOS) - OSCUROS;22;2.50;NORMAL;VARSITY;VAR-299;T-EN ALMACEN TENIDO;N;150.00;2;30;0;0;02:30;00:00;96;6.000;LOTE  -  VS084  // J;FALSO;0.00;3.12;I9743;MALUJU
07;RAMEADO;5.00;Y4112;RAM-02;29/08/2026 19:31:59;29/08/2026 19:46:17;431APQ;WASHED POWDER PUFF VINCE MENS 17861 SPRING27;126.52;;R05;126.52;N;POR DEFINIR;JE005408;JERSEY SOLIDO / 20/1COTTON/ CLAROS (DESGASTEPRENDA);7;0.25;NORMAL;VINCE;VNC-814;T-EN ALMACEN TENIDO;N;15.00;0;15;0;0;00:15;00:00;96;10.000;;FALSO;0.00;0.00;I9220;MALUJU
07;RAMEADO;5.00;Y4114;RAM-02;29/08/2026 19:46:17;29/08/2026 20:20:40;7319UZ;WASHED MOUNT DUME VINCE MENS 17861 SPRING27;158.34;;R05;158.34;N;POR DEFINIR;JE005408;JERSEY SOLIDO / 20/1COTTON/ CLAROS (DESGASTEPRENDA);9;0.57;NORMAL;VINCE;VNC-814;T-EN ALMACEN TENIDO;N;34.00;0;34;0;0;00:34;00:00;96;10.000;;FALSO;0.00;0.00;I9221;MALUJU
07;RAMEADO;4.00;Y5146;RAM-02;29/08/2026 20:20:41;29/08/2026 20:44:04;L00BC2;HTR BLACK VINCE MENS  17628 PREPSRING26;11.50;;R05;11.50;N;POR DEFINIR;RI003069;RIB 1X1 SLUB HEATHER/60/1PP FLAME PRG 27S/COMPLEMENTO;1;0.40;NORMAL;VINCE;VNC-799;T-EN ALMACEN TENIDO;N;24.00;0;24;0;0;00:24;00:00;96;20.000;H000579;FALSO;0.00;2.55;I8421;ANCVILLR
07;RAMEADO;5.00;Y4269;RAM-02;29/08/2026 20:44:04;29/08/2026 21:16:08;931B9Y;WHITE WASH FORTY SEVEN 15305 F23;61.00;;R05;61.00;N;POR DEFINIR;JE004852;JERSEY FLAMÉ 24/1 TC - CLAROS;3;0.53;NORMAL;FORTY SEVEN;FSE-1223;T-EN ALMACEN TENIDO;N;32.00;0;32;0;0;00:32;00:00;96;10.000;JA AU107;FALSO;0.00;0.00;J0417;ANCVILLR
07;RAMEADO;4.00;Y5420;RAM-02;29/08/2026 21:16:08;29/08/2026 23:30:27;6739CS;TRUE NAVY  COFACO 8897;639.35;;R05;639.35;N;POR DEFINIR;SE004986;JERSEY 40/1 VORTEX ORG PIMA/LYOCELL;25;2.23;NORMAL;COFACO INDUSTRIES S.A.C.;;D-DESPACHADA;N;134.00;2;14;0;0;02:14;00:00;96;10.000;;FALSO;0.00;0.00;;ANCVILLR
07;RAMEADO;5.00;Y4266;RAM-02;29/08/2026 23:30:27;29/08/2026 23:42:37;633DLW;DARK NAVY FORTY SEVEN 15305;42.26;;R05;42.26;N;POR DEFINIR;JE004848;JERSEY FLAMÉ 24/1 TC - OSCUROS;2;0.20;NORMAL;FORTY SEVEN;FSE-1223;T-EN ALMACEN TENIDO;N;12.00;0;12;0;0;00:12;00:00;96;10.000;JA AU107;FALSO;0.00;3.72;J0417;CHOCCIG
07;RAMEADO;5.00;Y4512;RAM-02;29/08/2026 23:42:37;30/08/2026 01:27:33;N33AFF;FLINT BLACK MISMO DE LA CARTA 14186  FORTY SEVEN 1;355.82;;R05;355.82;N;POR DEFINIR;JE004634;JERSEY 36/1 TC 135GR/M2 A/W C/OSCUROS;18;1.75;NORMAL;FORTY SEVEN;FSE-1233;D-DESPACHADA;N;105.00;1;45;0;0;01:45;00:00;96;7.000;JA AU107;FALSO;0.00;3.72;I9857;CHOCCIG
07;RAMEADO;4.00;Y5421;RAM-02;30/08/2026 01:29:23;30/08/2026 03:20:59;6739CS;TRUE NAVY  COFACO 8897;633.60;;R05;633.60;N;POR DEFINIR;SE004986;JERSEY 40/1 VORTEX ORG PIMA/LYOCELL;25;1.85;NORMAL;COFACO INDUSTRIES S.A.C.;;D-DESPACHADA;N;111.00;1;51;0;0;01:51;00:00;96;10.000;;FALSO;0.00;0.00;;MEMESAN
07;RAMEADO;5.00;Y4407;RAM-02;30/08/2026 04:11:18;30/08/2026 05:23:16;N33BBI;BLACK 19-0303 TCX FORTY SEVEN 17840;538.00;;R05;538.00;N;POR DEFINIR;JE005298;JERSEY 30/1 CT 100% ALGODON - OSCUROS Y MEDIOS;25;1.20;NORMAL;FORTY SEVEN;FSE-1228;T-EN ALMACEN TENIDO;N;72.00;1;12;0;0;01:12;00:00;96;6.000;TAU-31;FALSO;0.00;3.32;J1174;CACHILUI
07;RAMEADO;5.00;Y4236;RAM-02;30/08/2026 05:23:17;30/08/2026 08:29:25;N33BBI;BLACK 19-0303 TCX FORTY SEVEN 17840;703.23;;R05;703.23;N;POR DEFINIR;JE005298;JERSEY 30/1 CT 100% ALGODON - OSCUROS Y MEDIOS;32;3.10;NORMAL;FORTY SEVEN;FSE-1221;T-EN ALMACEN TENIDO;N;186.00;3;6;0;0;03:06;00:00;96;8.000;JA AU107;FALSO;0.00;3.32;J0208;LMORAN
07;RAMEADO;5.00;Y4948;RAM-02;30/08/2026 08:29:25;30/08/2026 09:25:33;633DRR;GLACIER BLUE FORTY SEVEN 18305;184.88;;R05;184.88;N;POR DEFINIR;JE004848;JERSEY FLAMÉ 24/1 TC - OSCUROS;8;0.93;NORMAL;FORTY SEVEN;FSE-1223;E-EN PRODUCCION;N;56.00;0;56;0;0;00:56;00:00;96;10.000;JA AU107;FALSO;0.00;3.72;J0417;ANCVILLR
07;RAMEADO;5.00;Y5141;RAM-02;30/08/2026 09:25:33;30/08/2026 12:03:30;931C8X;OFF WHITE VINCE WOMENS 17561 F26;675.26;;R05;675.26;N;POR DEFINIR;FT000313;FRENCH TERRY 3 HILOS -30/1 PP + 10/1 TC - CLAROS;26;2.63;NORMAL;VINCE WOMENS;VCW-662;T-EN ALMACEN TENIDO;N;158.00;2;38;0;0;02:38;00:00;96;8.000;JA PA53;FALSO;0.00;3.97;I8959;ANCVILLR
07;RAMEADO;5.00;Y4059;RAM-02;30/08/2026 12:12:39;30/08/2026 13:44:16;431APD;SEA SALT VARSITY 17779;415.70;;R05;415.70;N;POR DEFINIR;FT000407;FRENCH TERRY 2 HILOS DIAGONAL CALADO 1-1 (X2 CABOS) - CLAROS;16;1.53;NORMAL;VARSITY;VAR-299;T-EN ALMACEN TENIDO;N;92.00;1;32;0;0;01:32;00:00;96;6.000;LOTE -  VS084  //  J;FALSO;0.00;3.12;I9744;ANCVILLR
07;RAMEADO;2.00;Y4062;RAM-02;31/08/2026 10:14:49;31/08/2026 10:35:55;6329V6;JETTY VARSITY 1779;424.98;;R05;337.70;N;POR DEFINIR;FT000406;FRENCH TERRY 2 HILOS DIAGONAL CALADO 1-1 (X2 CABOS) - OSCUROS;18;0.35;NORMAL;VARSITY;VAR-299;E-EN PRODUCCION;N;21.00;0;21;0;0;00:21;00:00;96;6.000;JA AU107;FALSO;0.00;0.00;I9744;ANCVILLR
07;RAMEADO;2.00;Y5765;RAM-02;31/08/2026 10:35:55;31/08/2026 13:11:51;931BJM;VINTAGE WHITE STANDARD VARSITY 16086 SP23;243.50;;R05;182.84;N;POR DEFINIR;FT000407;FRENCH TERRY 2 HILOS DIAGONAL CALADO 1-1 (X2 CABOS) - CLAROS;9;2.60;NORMAL;VARSITY;VAR-299;T-EN ALMACEN TENIDO;N;156.00;2;36;0;0;02:36;00:00;96;6.000;LOTE -  VS084  //  J;FALSO;0.00;3.12;I9742;ANCVILLR
07;RAMEADO;6.00;Y1824;RAM-02;31/08/2026 18:12:53;31/08/2026 18:13:05;931CGT;OPTIC WHITE VINCE MENS 17927 PREFALL27;20.78;;R05;20.78;N;POR DEFINIR;DE010404;MERCERIZED JERSEY 100% SUPIMA COTTON 150GSM;1;0.02;NORMAL;VINCE;M0000550;D-DESPACHADA;N;1.00;0;1;0;0;00:01;00:00;96;10.000;;FALSO;0.00;4.67;O8480;CACHILUI
07;RAMEADO;6.00;Y2162;RAM-02;31/08/2026 18:12:54;31/08/2026 18:13:48;931CGT;OPTIC WHITE VINCE MENS 17927 PREFALL27;5.32;;R05;5.32;N;POR DEFINIR;DE010404;MERCERIZED JERSEY 100% SUPIMA COTTON 150GSM;1;0.02;NORMAL;VINCE;M0000550;D-DESPACHADA;N;1.00;0;1;0;0;00:01;00:00;96;10.000;JA PA53;FALSO;0.00;4.67;O8480;CACHILUI
07;RAMEADO;8.00;Y5001;RAM-02;31/08/2026 18:16:10;31/08/2026 18:16:26;6329W4;BLUE SWEEP 18-3936 TCX  NORDSTROM 18039 F27;5.16;;R05;5.16;N;POR DEFINIR;RI003120;RIB 1X1 20/1 PP - COMPL B/W;1;0.00;NORMAL;HIALPESA;;D-DESPACHADA;N;0.00;0;0;0;0;00:00;00:00;96;12.000;;FALSO;0.00;0.00;;CACHILUI
07;RAMEADO;8.00;Y4603;RAM-02;31/08/2026 18:16:10;31/08/2026 18:20:48;6329W4;BLUE SWEEP 18-3936 TCX  NORDSTROM 18039 F27;12.86;;R05;12.86;N;POR DEFINIR;JE005459;JERSEY 20/1 PP OSCUROS B/W;2;0.07;NORMAL;HIALPESA;;D-DESPACHADA;N;4.00;0;4;0;0;00:04;00:00;96;12.000;;FALSO;0.00;0.00;;CACHILUI
07;RAMEADO;8.00;Y4604;RAM-02;31/08/2026 18:21:56;31/08/2026 18:22:07;7329XY;GREEN CITY 19-0404 TCX   NORDSTROM 18039 F27;12.84;;R05;12.84;N;POR DEFINIR;JE005459;JERSEY 20/1 PP OSCUROS B/W;1;0.02;NORMAL;HIALPESA;;D-DESPACHADA;N;1.00;0;1;0;0;00:01;00:00;96;10.000;;FALSO;0.00;0.00;;CACHILUI
07;RAMEADO;8.00;Y4998;RAM-02;31/08/2026 18:23:11;31/08/2026 18:23:47;7329XY;GREEN CITY 19-0404 TCX   NORDSTROM 18039 F27;5.16;;R05;5.16;N;POR DEFINIR;RI003120;RIB 1X1 20/1 PP - COMPL B/W;1;0.00;NORMAL;HIALPESA;;D-DESPACHADA;N;0.00;0;0;0;0;00:00;00:00;96;10.000;;FALSO;0.00;0.00;;CACHILUI
07;RAMEADO;8.00;Y4605;RAM-02;31/08/2026 18:25:25;31/08/2026 18:26:42;7329XZ;OLIVE SLATE 16-0713 TCX  NORDSTROM 18039 F27;12.18;;R05;12.18;N;POR DEFINIR;JE005459;JERSEY 20/1 PP OSCUROS B/W;2;0.02;NORMAL;HIALPESA;;D-DESPACHADA;N;1.00;0;1;0;0;00:01;00:00;96;10.000;;FALSO;0.00;0.00;;CACHILUI
07;RAMEADO;8.00;Y4997;RAM-02;31/08/2026 18:25:25;31/08/2026 18:25:54;7329XZ;OLIVE SLATE 16-0713 TCX  NORDSTROM 18039 F27;5.16;;R05;5.16;N;POR DEFINIR;RI003120;RIB 1X1 20/1 PP - COMPL B/W;1;0.00;NORMAL;HIALPESA;;D-DESPACHADA;N;0.00;0;0;0;0;00:00;00:00;96;10.000;;FALSO;0.00;0.00;;CACHILUI
07;RAMEADO;8.00;Y4996;RAM-02;31/08/2026 18:39:00;31/08/2026 18:39:05;9339P7;RUST SEQUOIA 19-1333 TCX  NORDSTROM 18039 F27;5.16;;R05;5.16;N;POR DEFINIR;RI003120;RIB 1X1 20/1 PP - COMPL B/W;1;0.00;NORMAL;HIALPESA;;D-DESPACHADA;N;0.00;0;0;0;0;00:00;00:00;96;8.000;;FALSO;0.00;0.00;;CACHILUI
07;RAMEADO;8.00;Y4602;RAM-02;31/08/2026 18:39:47;31/08/2026 18:39:52;N319NW;BEIGE SILVER 14-4501 TCX  NORDSTROM 18039 F27;12.48;;R05;12.48;N;POR DEFINIR;JE005460;JERSEY 20/1 PP CLAROS B/W;1;0.00;NORMAL;HIALPESA;;D-DESPACHADA;N;0.00;0;0;0;0;00:00;00:00;96;10.000;JA PA50;FALSO;0.00;0.00;;CACHILUI
07;RAMEADO;8.00;Y5002;RAM-02;31/08/2026 18:39:47;31/08/2026 18:40:20;N319NW;BEIGE SILVER 14-4501 TCX  NORDSTROM 18039 F27;5.16;;R05;5.16;N;POR DEFINIR;RI003120;RIB 1X1 20/1 PP - COMPL B/W;1;0.02;NORMAL;HIALPESA;;D-DESPACHADA;N;1.00;0;1;0;0;00:01;00:00;96;10.000;;FALSO;0.00;0.00;;CACHILUI
07;RAMEADO;6.00;Y4826;RAM-02;31/08/2026 18:41:40;31/08/2026 18:41:44;631B0X;VENICE CANAL VINCE MENS 17927 PREFALL27;23.36;;R05;23.36;N;POR DEFINIR;DE010404;MERCERIZED JERSEY 100% SUPIMA COTTON 150GSM;2;0.00;NORMAL;VINCE;M0000550;D-DESPACHADA;N;0.00;0;0;0;0;00:00;00:00;96;10.000;;FALSO;0.00;4.67;O8957;CACHILUI
07;RAMEADO;6.00;Y2161;RAM-02;31/08/2026 18:43:15;31/08/2026 18:43:20;733BQZ;MEDITERRANEAN SEA VINCE MENS 17924 PREFALL27;5.29;;R05;5.29;N;POR DEFINIR;DE010404;MERCERIZED JERSEY 100% SUPIMA COTTON 150GSM;1;0.00;NORMAL;VINCE;M0000550;D-DESPACHADA;N;0.00;0;0;0;0;00:00;00:00;96;10.000;JA PA53;FALSO;0.00;4.67;O8479;ALELOARTE
07;RAMEADO;6.00;Y2047;RAM-02;31/08/2026 18:44:34;31/08/2026 18:44:39;733BQZ;MEDITERRANEAN SEA VINCE MENS 17924 PREFALL27;20.50;;R05;20.50;N;POR DEFINIR;DE010404;MERCERIZED JERSEY 100% SUPIMA COTTON 150GSM;1;0.00;NORMAL;VINCE;M0000550;D-DESPACHADA;N;0.00;0;0;0;0;00:00;00:00;96;10.000;;FALSO;0.00;4.67;O8479;ALELOARTE
07;RAMEADO;6.00;Y2160;RAM-02;31/08/2026 18:47:43;31/08/2026 18:47:49;433BLH;PORT WINE VINCE MENS 17927 PREFALL27;5.29;;R05;5.29;N;POR DEFINIR;DE010404;MERCERIZED JERSEY 100% SUPIMA COTTON 150GSM;1;0.00;NORMAL;VINCE;M0000550;D-DESPACHADA;N;0.00;0;0;0;0;00:00;00:00;96;10.000;JA PA53;FALSO;0.00;4.67;O8479;ALELOARTE
07;RAMEADO;5.00;Y4117;RAM-02;31/08/2026 20:06:55;31/08/2026 21:48:21;N33BBV;WASHED BLACK VINCE MENS 17861 SPRING27;574.69;;R05;574.69;N;POR DEFINIR;JE005267;JERSEY SOLIDO / 20/1COTTON/ OSCUROS(DESGASTEPRENDA);28;1.70;NORMAL;VINCE;VNC-814;E-EN PRODUCCION;N;102.00;1;42;0;0;01:42;00:00;96;10.000;JA AU107;FALSO;0.00;3.97;I9220;ANCVILLR
07;RAMEADO;5.00;Y4493;RAM-02;31/08/2026 21:48:21;1/09/2026 00:42:52;633D10;COASTAL  VINCE WOMENS FT313 PREFALL25;655.80;;R05;655.80;N;POR DEFINIR;FT000314;FRENCH TERRY 3 HILOS -30/1 PP + 10/1 TC - OSCUROS;29;2.90;NORMAL;VINCE WOMENS;VCW-662;E-EN PRODUCCION;N;174.00;2;54;0;0;02:54;00:00;96;9.000;R-JA PA53;FALSO;0.00;0.00;I8961;SANAHUIHER
07;RAMEADO;5.10;Y4229;RAM-02;1/09/2026 00:42:52;1/09/2026 03:37:42;633DNK;ROYAL 19-3953 TCX  FORTY SEVEN 17840;624.42;;R05;624.42;N;POR DEFINIR;JE005298;JERSEY 30/1 CT 100% ALGODON - OSCUROS Y MEDIOS;29;2.92;NORMAL;FORTY SEVEN;FSE-1221;T-EN ALMACEN TENIDO;N;175.00;2;55;0;0;02:55;00:00;96;8.000;TTC TAU24;FALSO;0.00;3.32;J0208;SANAHUIHER
07;RAMEADO;8.50;Y3757;RAM-02;1/09/2026 03:37:43;1/09/2026 04:41:37;111B6N;WHITE  ROLLER RABBIT 1722;520.36;;R05;520.36;N;POR DEFINIR;IN000229;INTERLOCK ESTAMPADO PIGMENTO FULL COBERTURA 50/1 NE;25;1.07;NORMAL;ROLLER RABBIT;RRT-012B;T-EN ALMACEN TENIDO;N;64.00;1;4;0;0;01:04;00:00;96;8.000;JA PIP-27;FALSO;0.00;2.25;I9637;MALUJU
07;RAMEADO;6.00;Y4526;RAM-02;1/09/2026 04:41:37;1/09/2026 07:37:03;631AZP;VISTA BLUE VINCE WOMENS 17842 SPRING27;499.80;;R05;499.80;N;POR DEFINIR;IN000242;INTERLOCK SOLIDO / 50/1PP / 185BW / CLAROS;23;2.93;NORMAL;VINCE WOMENS;VCW-663;E-EN PRODUCCION;N;176.00;2;56;0;0;02:56;00:00;96;6.000;02P-26;FALSO;0.00;3.82;I8967;MALUJU
07;RAMEADO;6.00;Y4531;RAM-02;1/09/2026 07:37:03;1/09/2026 09:15:01;7319UV;PALE BAY VINCE WOMENS 17842 SPRING27;350.98;;R05;350.98;N;POR DEFINIR;IN000242;INTERLOCK SOLIDO / 50/1PP / 185BW / CLAROS;16;1.63;NORMAL;VINCE WOMENS;VCW-663;E-EN PRODUCCION;N;98.00;1;38;0;0;01:38;00:00;96;7.000;02P-26;FALSO;0.00;3.82;I8967;MEMESAN
07;RAMEADO;5.00;Y4744;RAM-02;1/09/2026 09:15:02;1/09/2026 10:16:21;6329VA;STONEWASH VINCE MENS 17864 SP27;124.34;;R05;124.34;N;POR DEFINIR;JE003190;JERSEY 40/1 P. PIMA  C/CLARO 1% ANTIP 135 A/W;5;1.02;NORMAL;VINCE;VNC-813;E-EN PRODUCCION;N;61.00;1;1;0;0;01:01;00:00;96;10.000;;FALSO;0.00;0.00;I9204;MEMESAN
07;RAMEADO;5.00;Y5760;RAM-02;1/09/2026 10:16:21;1/09/2026 12:25:59;931AWO;WHITE WASH MISMO DE LA CARTA 14186 FORTY SEVEN 141;372.90;;R05;372.90;N;POR DEFINIR;JE004635;JERSEY 36/1 TC 135GR/M2 A/W C/CLAROS;19;2.15;NORMAL;FORTY SEVEN;FSE-1233;D-DESPACHADA;N;129.00;2;9;0;0;02:09;00:00;96;10.000;;FALSO;0.00;3.72;I9873;MEMESAN
07;RAMEADO;5.00;Y5761;RAM-02;1/09/2026 10:20:35;1/09/2026 12:25:59;931AWO;WHITE WASH MISMO DE LA CARTA 14186 FORTY SEVEN 141;204.68;;R05;204.68;N;POR DEFINIR;JE004635;JERSEY 36/1 TC 135GR/M2 A/W C/CLAROS;10;2.08;NORMAL;FORTY SEVEN;FSE-1233;D-DESPACHADA;N;125.00;2;5;0;0;02:05;00:00;96;10.000;JA AU107;FALSO;0.00;3.72;I9873;MEMESAN
07;RAMEADO;6.00;Y5403;RAM-02;1/09/2026 12:25:59;1/09/2026 12:26:51;111B0Z;WHITE VINCE WOMENS 16463 PREFALL25;104.88;;R05;104.88;N;POR DEFINIR;JE002933;JERSEY 40/1 PIMA/MODAL 50/50 - CLAROS;6;0.02;NORMAL;VINCE WOMENS;VCW-665;E-EN PRODUCCION;N;1.00;0;1;0;0;00:01;00:00;96;9.000;PA48 M64;FALSO;0.00;3.37;I8970;ANCVILLR
07;RAMEADO;6.00;Y5404;RAM-02;1/09/2026 12:25:59;1/09/2026 12:26:51;111B0Z;WHITE VINCE WOMENS 16463 PREFALL25;91.42;;R05;91.42;N;POR DEFINIR;JE002933;JERSEY 40/1 PIMA/MODAL 50/50 - CLAROS;5;0.02;NORMAL;VINCE WOMENS;VCW-665;E-EN PRODUCCION;N;1.00;0;1;0;0;00:01;00:00;96;9.000;PA48-M64;FALSO;0.00;3.37;I8970;ANCVILLR
07;RAMEADO;6.00;Y5400;RAM-02;1/09/2026 12:26:51;1/09/2026 14:12:55;111B0Z;WHITE VINCE WOMENS 16463 PREFALL25;202.84;;R05;202.84;N;POR DEFINIR;JE002933;JERSEY 40/1 PIMA/MODAL 50/50 - CLAROS;11;1.77;NORMAL;VINCE WOMENS;VCW-665;E-EN PRODUCCION;N;106.00;1;46;0;0;01:46;00:00;96;9.000;PIP27 M67;FALSO;0.00;3.37;I8970;ANCVILLR
07;RAMEADO;6.00;Y3863;RAM-02;1/09/2026 14:12:55;1/09/2026 14:29:34;C00002;PREPARADO PARA ESTAMPAR;0.00;;R05;104.30;N;POR DEFINIR;SE004868;JERSEY FULL SPANDEX 30/1 PIMA ORGANICO - MODAL 50/;0;0.28;NORMAL;INTRATESA S.A.C.;;E-EN PRODUCCION;N;17.00;0;17;0;0;00:17;00:00;96;NO TIENE RECETA;;FALSO;0.00;0.00;;ANCVILLR
07;RAMEADO;6.00;Y3864;RAM-02;1/09/2026 14:29:34;1/09/2026 15:36:48;C00002;PREPARADO PARA ESTAMPAR;0.00;;R05;224.05;N;POR DEFINIR;SE004868;JERSEY FULL SPANDEX 30/1 PIMA ORGANICO - MODAL 50/;0;1.12;NORMAL;INTRATESA S.A.C.;;E-EN PRODUCCION;N;67.00;1;7;0;0;01:07;00:00;96;NO TIENE RECETA;;FALSO;0.00;0.00;;AGUIJATO
07;RAMEADO;7.00;Y4077;RAM-02;1/09/2026 16:27:58;1/09/2026 17:20:38;931BJM;VINTAGE WHITE STANDARD VARSITY 16086 SP23;505.76;;R05;364.32;N;POR DEFINIR;FT000407;FRENCH TERRY 2 HILOS DIAGONAL CALADO 1-1 (X2 CABOS) - CLAROS;18;0.88;NORMAL;VARSITY;VAR-299;T-EN ALMACEN TENIDO;N;53.00;0;53;0;0;00:53;00:00;96;6.000;LOTE -  VS084  //  J;FALSO;0.00;0.00;I9742;AGUIJATO
07;RAMEADO;5.00;Y4077;RAM-02;1/09/2026 16:27:58;1/09/2026 17:20:38;931BJM;VINTAGE WHITE STANDARD VARSITY 16086 SP23;505.76;;R05;141.44;N;POR DEFINIR;FT000407;FRENCH TERRY 2 HILOS DIAGONAL CALADO 1-1 (X2 CABOS) - CLAROS;18;0.88;NORMAL;VARSITY;VAR-299;T-EN ALMACEN TENIDO;N;53.00;0;53;0;0;00:53;00:00;96;6.000;LOTE -  VS084  //  J;FALSO;0.00;0.00;I9742;AGUIJATO
07;RAMEADO;5.00;Y5143;RAM-02;1/09/2026 17:20:39;1/09/2026 19:32:05;931C8X;OFF WHITE VINCE WOMENS 17561 F26;680.74;;R05;680.74;N;POR DEFINIR;FT000313;FRENCH TERRY 3 HILOS -30/1 PP + 10/1 TC - CLAROS;30;2.20;NORMAL;VINCE WOMENS;VCW-662;T-EN ALMACEN TENIDO;N;132.00;2;12;0;0;02:12;00:00;96;8.000;JA PA53;FALSO;0.00;3.97;I8959;MEMESAN
07;RAMEADO;6.00;Y3199;RAM-02;1/09/2026 19:32:06;1/09/2026 21:16:03;931BD5;JAZMIN  TEXT SUR 7977;280.10;;R05;280.10;N;POR DEFINIR;PI000300;PIQUE LICRADO NE 30/1 ACABADO ABIERTO, COLORES CLAROS;14;1.73;NORMAL;TEXTILES DEL SUR S.A.;;E-EN PRODUCCION;N;104.00;1;44;0;0;01:44;00:00;96;10.000;JA AU106;FALSO;0.00;0.00;;MEMESAN
07;RAMEADO;5.00;Y5780;RAM-02;1/09/2026 21:16:04;1/09/2026 23:07:02;B00004;BLANQUEO PARA PIGMENTAR;467.76;;R05;444.50;N;POR DEFINIR;JE002855;JERSEY SOLIDO 30/1 BLANQUEO;23;1.85;NORMAL;BILLY  DRADDY;BDR-280;T-EN ALMACEN TENIDO;N;111.00;1;51;0;0;01:51;00:00;96;10.000;JA PIP-27;FALSO;0.00;2.40;I9764;RCASAN
07;RAMEADO;5.00;Y5781;RAM-02;1/09/2026 23:07:02;2/09/2026 01:08:58;B00004;BLANQUEO PARA PIGMENTAR;413.92;;R05;390.96;N;POR DEFINIR;JE002855;JERSEY SOLIDO 30/1 BLANQUEO;20;2.02;NORMAL;BILLY  DRADDY;BDR-280;T-EN ALMACEN TENIDO;N;121.00;2;1;0;0;02:01;00:00;96;10.000;JA PIP-27;FALSO;0.00;2.40;I9765;RCASAN
07;RAMEADO;5.00;Y4037;RAM-02;2/09/2026 01:08:58;2/09/2026 02:55:25;B00399;OYSTER  80/20 VARSITY 15493;304.98;;R05;304.98;N;POR DEFINIR;JE005383;JERSEY FLAME 20/1 GREY MELANGE 80/20;12;1.78;NORMAL;VARSITY;VAR-298;T-EN ALMACEN TENIDO;N;107.00;1;47;0;0;01:47;00:00;96;9.000;H000573;FALSO;0.00;3.72;I9740;RCASAN
07;RAMEADO;5.00;Y4275;RAM-02;2/09/2026 10:45:45;2/09/2026 11:08:17;9339KC;DARK MAROON FORTY SEVEN 15305;42.32;;R05;42.32;N;POR DEFINIR;JE004848;JERSEY FLAMÉ 24/1 TC - OSCUROS;2;0.38;NORMAL;FORTY SEVEN;FSE-1223;E-EN PRODUCCION;N;23.00;0;23;0;0;00:23;00:00;96;10.000;JA AU107;FALSO;0.00;3.72;J0417;ANCVILLR
07;RAMEADO;5.00;Y4386;RAM-02;2/09/2026 11:08:17;2/09/2026 12:19:20;332754;VIBRANT ORANGE 15-1264 TCX FORTY SEVEN 17840;100.19;;R05;100.19;N;POR DEFINIR;JE005309;JERSEY 30/1 CT 100% ALGODON - COLORES CLAROS Y BLANCO;5;1.18;NORMAL;FORTY SEVEN;FSE-1228;T-EN ALMACEN TENIDO;N;71.00;1;11;0;0;01:11;00:00;96;9.000;JA AU107;FALSO;0.00;0.00;J1171;MEMESAN
07;RAMEADO;5.00;Y4507;RAM-02;2/09/2026 12:19:20;2/09/2026 14:04:21;93299T;ALMOND  VINCE WOMENS 17841 SPRING27;691.40;;R05;691.40;N;POR DEFINIR;FT000313;FRENCH TERRY 3 HILOS -30/1 PP + 10/1 TC - CLAROS;32;1.75;NORMAL;VINCE WOMENS;VCW-662;E-EN PRODUCCION;N;105.00;1;45;0;0;01:45;00:00;96;8.000;JA PA53;FALSO;0.00;3.97;I8964;AGUIJATO
07;RAMEADO;6.00;Y5646;RAM-02;2/09/2026 14:04:21;2/09/2026 15:16:20;L00BAG;NAVY BLAZER STRIPE TRAVIS MATHEW 17683 SS27;321.71;;R05;315.59;N;POR DEFINIR;FT000413;FRENCH TERRY LIST ING C/SPANDEX - 30/1 PP + 40D C/OSCUROS;10;1.20;NORMAL;TRAVIS MATHEW;TMW-2306;E-EN PRODUCCION;N;72.00;1;12;0;0;01:12;00:00;96;10.000;46525;FALSO;0.00;0.00;I8835;ANCVILLR
07;RAMEADO;5.00;Y5646;RAM-02;2/09/2026 14:04:21;2/09/2026 15:16:20;L00BAG;NAVY BLAZER STRIPE TRAVIS MATHEW 17683 SS27;321.71;;R05;6.12;N;POR DEFINIR;FT000413;FRENCH TERRY LIST ING C/SPANDEX - 30/1 PP + 40D C/OSCUROS;10;1.20;NORMAL;TRAVIS MATHEW;TMW-2306;E-EN PRODUCCION;N;72.00;1;12;0;0;01:12;00:00;96;10.000;46525;FALSO;0.00;0.00;I8835;ANCVILLR
07;RAMEADO;4.00;Y5424;RAM-02;2/09/2026 15:16:21;2/09/2026 15:38:23;6739CS;TRUE NAVY  COFACO 8897;646.40;;R05;646.40;N;POR DEFINIR;SE004986;JERSEY 40/1 VORTEX ORG PIMA/LYOCELL;25;0.37;NORMAL;COFACO INDUSTRIES S.A.C.;;T-EN ALMACEN TENIDO;N;22.00;0;22;0;0;00:22;00:00;96;10.000;;FALSO;0.00;0.00;;ANCVILLR
07;RAMEADO;4.00;Y5425;RAM-02;2/09/2026 16:58:12;2/09/2026 18:56:43;6739CS;TRUE NAVY  COFACO 8897;634.85;;R05;634.85;N;POR DEFINIR;SE004986;JERSEY 40/1 VORTEX ORG PIMA/LYOCELL;25;1.97;NORMAL;COFACO INDUSTRIES S.A.C.;;E-EN PRODUCCION;N;118.00;1;58;0;0;01:58;00:00;96;10.000;;FALSO;0.00;0.00;;ANCVILLR
07;RAMEADO;5.50;Y4113;RAM-02;2/09/2026 18:56:43;2/09/2026 19:49:33;633DO2;WASHED COASTAL VINCE MENS 17861 SPRING27;193.82;;R01;193.82;S;POR DEFINIR;JE005267;JERSEY SOLIDO / 20/1COTTON/ OSCUROS(DESGASTEPRENDA);10;0.88;MATIZADO;VINCE;VNC-814;E-EN PRODUCCION;N;53.00;0;53;0;53;00:53;00:53;96;10.000;;FALSO;0.00;3.97;I9221;MALUJU
07;RAMEADO;4.00;Y4653;RAM-02;2/09/2026 19:49:33;2/09/2026 21:28:51;633DOZ;NAVY  CARMELITA 8845;204.85;SECADO EN RAMA;R05;186.00;N;POR DEFINIR;SE004894;INTERLOCK 50/1 PP;8;1.65;NORMAL;TEXTIL CARMELITA SAC;;E-EN PRODUCCION;N;99.00;1;39;0;0;01:39;00:00;96;10.000;;FALSO;0.00;0.00;;MALUJU
07;RAMEADO;5.00;Y5756;RAM-02;2/09/2026 21:28:51;2/09/2026 21:38:52;N33BBI;BLACK 19-0303 TCX FORTY SEVEN 17840;538.12;;R05;538.12;N;POR DEFINIR;JE005298;JERSEY 30/1 CT 100% ALGODON - OSCUROS Y MEDIOS;25;0.17;NORMAL;FORTY SEVEN;FSE-1228;E-EN PRODUCCION;N;10.00;0;10;0;0;00:10;00:00;96;6.000;TAU-31;FALSO;0.00;3.32;J1171;MALUJU
07;RAMEADO;5.00;Y4412;RAM-02;2/09/2026 23:44:19;3/09/2026 01:51:30;N33BBI;BLACK 19-0303 TCX FORTY SEVEN 17840;524.42;;R05;524.42;N;POR DEFINIR;JE005298;JERSEY 30/1 CT 100% ALGODON - OSCUROS Y MEDIOS;25;2.12;NORMAL;FORTY SEVEN;FSE-1228;E-EN PRODUCCION;N;127.00;2;7;0;0;02:07;00:00;96;6.000;TAU-31;FALSO;0.00;3.32;J1168;MALUJU
07;RAMEADO;5.00;Y5378;RAM-02;3/09/2026 01:51:30;3/09/2026 03:22:11;N33BBI;BLACK 19-0303 TCX FORTY SEVEN 17840;541.66;;R05;541.66;N;POR DEFINIR;JE005298;JERSEY 30/1 CT 100% ALGODON - OSCUROS Y MEDIOS;25;1.52;NORMAL;FORTY SEVEN;FSE-1228;E-EN PRODUCCION;N;91.00;1;31;0;0;01:31;00:00;96;6.000;TAU-31;FALSO;0.00;3.32;J1170;MALUJU
07;RAMEADO;5.00;Y4411;RAM-02;3/09/2026 03:22:11;3/09/2026 08:14:13;N33BBI;BLACK 19-0303 TCX FORTY SEVEN 17840;536.80;;R05;536.80;N;POR DEFINIR;JE005298;JERSEY 30/1 CT 100% ALGODON - OSCUROS Y MEDIOS;26;4.87;NORMAL;FORTY SEVEN;FSE-1228;E-EN PRODUCCION;N;292.00;4;52;0;0;04:52;00:00;96;6.000;TAU-31;FALSO;0.00;3.32;J1169;MALUJU
07;RAMEADO;5.00;Y4907;RAM-02;3/09/2026 08:14:13;3/09/2026 11:33:18;931CEE;SANDSTONE 12-4302 TCX  FORTY SEVEN 17840;732.74;;R05;732.74;N;POR DEFINIR;JE005309;JERSEY 30/1 CT 100% ALGODON - COLORES CLAROS Y BLANCO;36;3.32;NORMAL;FORTY SEVEN;FSE-1252;T-EN ALMACEN TENIDO;N;199.00;3;19;0;0;03:19;00:00;96;8.000;JA AU107;FALSO;0.00;4.00;J1663;AGUIJATO
07;RAMEADO;5.00;Y4273;RAM-02;3/09/2026 11:33:18;3/09/2026 12:01:55;931BAG;DUNE FORTY SEVEN 15305 F23;116.34;;R05;116.34;N;POR DEFINIR;JE004852;JERSEY FLAMÉ 24/1 TC - CLAROS;5;0.47;NORMAL;FORTY SEVEN;FSE-1223;E-EN PRODUCCION;N;28.00;0;28;0;0;00:28;00:00;96;8.000;JA AU107;FALSO;0.00;0.00;J0417;LMORAN
07;RAMEADO;5.00;Y5020;RAM-02;3/09/2026 12:01:55;3/09/2026 12:56:50;431APR;POWDER PUFF  VINCE MENS 17870 SP27;164.36;;R05;164.36;N;POR DEFINIR;PI000281;PIQUE SIMPLE / 32/1COTT / 185AW / CLAROS;8;0.92;NORMAL;VINCE;VNC-817;E-EN PRODUCCION;N;55.00;0;55;0;0;00:55;00:00;96;9.000;JA AU107;FALSO;0.00;0.00;I9222;LMORAN
07;RAMEADO;5.00;Y4405;RAM-02;3/09/2026 12:56:50;3/09/2026 13:16:21;N329E4;WOLF GREY 17-0000 TCX  FORTY SEVEN 17840;45.80;;R05;45.80;N;POR DEFINIR;JE005309;JERSEY 30/1 CT 100% ALGODON - COLORES CLAROS Y BLANCO;2;0.33;NORMAL;FORTY SEVEN;FSE-1228;T-EN ALMACEN TENIDO;N;20.00;0;20;0;0;00:20;00:00;96;10.000;JA AU107;FALSO;0.00;0.00;J1174;LMORAN
07;RAMEADO;5.00;Y4385;RAM-02;3/09/2026 13:16:21;3/09/2026 13:40:55;232876;GALLEY GOLD 14-0957 TCX FORTY SEVEN 17840;45.12;;R05;45.12;N;POR DEFINIR;JE005309;JERSEY 30/1 CT 100% ALGODON - COLORES CLAROS Y BLANCO;2;0.40;NORMAL;FORTY SEVEN;FSE-1228;T-EN ALMACEN TENIDO;N;24.00;0;24;0;0;00:24;00:00;96;10.000;JA AU107;FALSO;0.00;0.00;J1171;MEMESAN
07;RAMEADO;4.00;Y5049;RAM-02;3/09/2026 13:40:55;3/09/2026 14:17:42;232871;ATHLETIC GOLD  FORTY SEVEN 17472;69.64;;R05;54.74;N;POR DEFINIR;JE005296;JERSEYSOLIDO 18/1 - OPEN END / SOLO PARA BLANCO;4;0.62;NORMAL;FORTY SEVEN;FSE-1256;E-EN PRODUCCION;N;37.00;0;37;0;0;00:37;00:00;96;10.000;VS043;FALSO;0.00;0.00;J1537;MEMESAN
07;RAMEADO;3.00;Y5049;RAM-02;3/09/2026 13:40:56;3/09/2026 14:17:43;232871;ATHLETIC GOLD  FORTY SEVEN 17472;69.64;;R05;14.90;N;POR DEFINIR;JE005296;JERSEYSOLIDO 18/1 - OPEN END / SOLO PARA BLANCO;4;0.62;NORMAL;FORTY SEVEN;FSE-1256;E-EN PRODUCCION;N;37.00;0;37;0;0;00:37;00:00;96;10.000;VS043;FALSO;0.00;0.00;J1537;MEMESAN
07;RAMEADO;5.00;Y4143;RAM-02;3/09/2026 14:17:43;3/09/2026 17:21:07;633C3M;CADET BLUE MISMO DE LA CARTA14186 FORTY SEVEN 141;625.08;;R05;625.08;N;POR DEFINIR;JE004634;JERSEY 36/1 TC 135GR/M2 A/W C/OSCUROS;32;3.07;NORMAL;FORTY SEVEN;FSE-1233;E-EN PRODUCCION;N;184.00;3;4;0;0;03:04;00:00;96;10.000;JA AU107;FALSO;0.00;3.72;I9858;MEMESAN
07;RAMEADO;5.00;Y4146;RAM-02;3/09/2026 17:21:07;3/09/2026 19:53:42;931AWO;WHITE WASH MISMO DE LA CARTA 14186 FORTY SEVEN 141;576.56;;R05;576.56;N;POR DEFINIR;JE004635;JERSEY 36/1 TC 135GR/M2 A/W C/CLAROS;29;2.53;NORMAL;FORTY SEVEN;FSE-1233;E-EN PRODUCCION;N;152.00;2;32;0;0;02:32;00:00;96;10.000;JA AU107;FALSO;0.00;3.72;I9873;AGUIJATO
07;RAMEADO;5.00;Y5887;RAM-02;3/09/2026 19:53:42;3/09/2026 22:28:07;931CEE;SANDSTONE 12-4302 TCX  FORTY SEVEN 17840;609.70;;R05;609.70;N;POR DEFINIR;JE005309;JERSEY 30/1 CT 100% ALGODON - COLORES CLAROS Y BLANCO;30;2.58;NORMAL;FORTY SEVEN;FSE-1252;T-EN ALMACEN TENIDO;N;155.00;2;35;0;0;02:35;00:00;96;8.000;JA AU107;FALSO;0.00;4.00;J1663;MEMESAN
07;RAMEADO;5.00;Y5888;RAM-02;3/09/2026 19:53:42;3/09/2026 19:53:56;931CEE;SANDSTONE 12-4302 TCX  FORTY SEVEN 17840;124.04;;R05;124.04;N;POR DEFINIR;JE005309;JERSEY 30/1 CT 100% ALGODON - COLORES CLAROS Y BLANCO;5;0.00;NORMAL;FORTY SEVEN;FSE-1252;T-EN ALMACEN TENIDO;N;0.00;0;0;0;0;00:00;00:00;96;8.000;JA AU107;FALSO;0.00;4.00;J1663;MEMESAN
07;RAMEADO;5.00;Y4908;RAM-02;3/09/2026 22:28:07;4/09/2026 01:48:22;931CEE;SANDSTONE 12-4302 TCX  FORTY SEVEN 17840;732.58;;R05;732.58;N;POR DEFINIR;JE005309;JERSEY 30/1 CT 100% ALGODON - COLORES CLAROS Y BLANCO;36;3.33;NORMAL;FORTY SEVEN;FSE-1252;T-EN ALMACEN TENIDO;N;200.00;3;20;0;0;03:20;00:00;96;8.000;JA AU107;FALSO;0.00;4.00;J1663;MEMESAN
07;RAMEADO;5.00;Y3182;RAM-02;4/09/2026 01:48:22;4/09/2026 03:36:44;111B45;WHITE BILLY DRADY 16961 SP26;141.32;;R05;141.32;N;POR DEFINIR;JE004874;JERSEY FLAME 32/1 PP C/ CLAROS Y MEDIOS;8;1.80;NORMAL;BILLY  DRADDY;BDR-277;E-EN PRODUCCION;N;108.00;1;48;0;0;01:48;00:00;96;10.000;;FALSO;0.00;3.62;I9343;MEMESAN
07;RAMEADO;5.50;Y4862;RAM-02;4/09/2026 03:36:44;4/09/2026 04:56:40;6329VB;STONEWASH  VINCE MENS 17870 SP27;225.68;;R01;225.68;S;POR DEFINIR;PI000280;PIQUE SIMPLE / 32/1COTT / 185AW / OSCUROS;11;1.33;MATIZADO;VINCE;VNC-817;E-EN PRODUCCION;N;80.00;1;20;1;20;01:20;01:20;96;9.000;JA AU107;FALSO;0.00;3.97;I9219;MEMESAN
07;RAMEADO;5.00;Y4268;RAM-02;4/09/2026 04:56:40;4/09/2026 05:58:44;733BME;EDEN 19 - 6050 TCX FORTY SEVEN 15305;43.46;;R05;43.46;N;POR DEFINIR;JE004848;JERSEY FLAMÉ 24/1 TC - OSCUROS;2;1.03;NORMAL;FORTY SEVEN;FSE-1223;E-EN PRODUCCION;N;62.00;1;2;0;0;01:02;00:00;96;10.000;JA AU107;FALSO;0.00;3.72;J0417;RCASAN
07;RAMEADO;6.00;Y3866;RAM-03;28/08/2026 13:38:17;28/08/2026 13:38:32;C00002;PREPARADO PARA ESTAMPAR;0.00;;R05;134.90;N;POR DEFINIR;SE004868;JERSEY FULL SPANDEX 30/1 PIMA ORGANICO - MODAL 50/;0;0.00;NORMAL;INTRATESA S.A.C.;;P-PROGRAMADA;N;0.00;0;0;0;0;00:00;00:00;91;NO TIENE RECETA;;FALSO;0.00;0.00;;ANCVILLR
07;RAMEADO;6.00;Y3867;RAM-03;28/08/2026 13:38:33;28/08/2026 14:01:35;C00002;PREPARADO PARA ESTAMPAR;0.00;;R05;196.00;N;POR DEFINIR;SE004868;JERSEY FULL SPANDEX 30/1 PIMA ORGANICO - MODAL 50/;0;0.38;NORMAL;INTRATESA S.A.C.;;E-EN PRODUCCION;N;23.00;0;23;0;0;00:23;00:00;91;NO TIENE RECETA;;FALSO;0.00;0.00;;ANCVILLR
07;RAMEADO;5.00;Y5217;RAM-03;28/08/2026 14:03:08;28/08/2026 16:30:05;6329NZ;MARINA BLUE STANDARD VARSITY 16086 SP23;510.64;;R05;510.64;N;POR DEFINIR;FT000406;FRENCH TERRY 2 HILOS DIAGONAL CALADO 1-1 (X2 CABOS) - OSCUROS;21;2.45;NORMAL;VARSITY;VAR-299;E-EN PRODUCCION;N;147.00;2;27;0;0;02:27;00:00;91;6.000;LOTE  -  VS084  // J;FALSO;0.00;2.59;I9741;ANCVILLR
07;RAMEADO;6.00;Y5189;RAM-03;28/08/2026 16:30:06;28/08/2026 18:13:33;6329V3;DEEP LAGOON VINCE WOMENS 17843 SPRING27;362.30;;R05;362.30;N;POR DEFINIR;JE002933;JERSEY 40/1 PIMA/MODAL 50/50 - CLAROS;19;1.72;NORMAL;VINCE WOMENS;VCW-665;E-EN PRODUCCION;N;103.00;1;43;0;0;01:43;00:00;91;7.000;PIP27 M67;FALSO;0.00;3.37;I8970;ANCVILLR
07;RAMEADO;5.00;Y4480;RAM-03;28/08/2026 18:13:33;28/08/2026 20:58:30;633DNI;NAVY 19-4010 TCX FORTY SEVEN 17840;535.38;;R05;535.38;N;POR DEFINIR;JE005298;JERSEY 30/1 CT 100% ALGODON - OSCUROS Y MEDIOS;25;2.75;NORMAL;FORTY SEVEN;FSE-1221;T-EN ALMACEN TENIDO;N;165.00;2;45;0;0;02:45;00:00;91;6.000;TAU-31;FALSO;0.00;3.32;J0210;ANCVILLR
07;RAMEADO;5.00;Y5398;RAM-03;28/08/2026 20:58:30;28/08/2026 22:44:13;931BJM;VINTAGE WHITE STANDARD VARSITY 16086 SP23;520.49;ACABADO S/HUMEDO;R05;520.49;N;POR DEFINIR;FT000407;FRENCH TERRY 2 HILOS DIAGONAL CALADO 1-1 (X2 CABOS) - CLAROS;22;1.77;NORMAL;VARSITY;VAR-299;T-EN ALMACEN TENIDO;N;106.00;1;46;0;0;01:46;00:00;91;6.000;LOTE -  VS084  //  J;FALSO;0.00;0.00;I9741;MEMESAN
07;RAMEADO;5.00;Y3934;RAM-03;28/08/2026 23:19:15;28/08/2026 23:33:19;2319AB;SOLAR  VARSITY 17739;241.00;ACABADO S/HUMEDO;R05;241.00;N;POR DEFINIR;JE005381;JERSEY FLAME (20/1 FLAME CO + 20/1 CO) - C/BLANCO Y CLAROS;11;0.23;NORMAL;VARSITY;VAR-298;T-EN ALMACEN TENIDO;N;14.00;0;14;0;0;00:14;00:00;91;8.000;LOTE-  JA AU107 /  J;FALSO;0.00;0.00;I9735;MEMESAN
07;RAMEADO;5.00;Y4401;RAM-03;28/08/2026 23:33:19;29/08/2026 00:17:34;931CEC;CREAM 11-0107 TCX FORTY SEVEN 17840;73.02;ACABADO S/HUMEDO;R05;73.02;N;POR DEFINIR;JE005309;JERSEY 30/1 CT 100% ALGODON - COLORES CLAROS Y BLANCO;3;0.73;NORMAL;FORTY SEVEN;FSE-1228;T-EN ALMACEN TENIDO;N;44.00;0;44;0;0;00:44;00:00;91;10.000;JA AU107;FALSO;0.00;0.00;J1174;MEMESAN
07;RAMEADO;5.00;Y4720;RAM-03;29/08/2026 00:17:34;29/08/2026 00:18:05;111B6N;WHITE  ROLLER RABBIT 1722;21.46;ACABADO S/SECO;R05;21.46;N;POR DEFINIR;RI002964;RIB 1X1 40/1 PP - COMPLEMENTO;6;0.02;NORMAL;ROLLER RABBIT;RRT-011L;T-EN ALMACEN TENIDO;N;1.00;0;1;0;0;00:01;00:00;91;8.000;JA PA48;FALSO;0.00;3.42;I9364;MEMESAN
07;RAMEADO;6.00;Y4719;RAM-03;29/08/2026 00:18:05;29/08/2026 00:38:04;111B6N;WHITE  ROLLER RABBIT 1722;15.10;ACABADO S/SECO;R05;15.10;N;POR DEFINIR;IN000232;INTERLOCK SOLIDO 50/1 PP - COMPLEMENTO;5;0.33;NORMAL;ROLLER RABBIT;RRT-011L;T-EN ALMACEN TENIDO;N;20.00;0;20;0;0;00:20;00:00;91;8.000;JA PIP-27;FALSO;0.00;3.62;I9364;MEMESAN
07;RAMEADO;10.00;Y3318;RAM-03;29/08/2026 00:38:04;29/08/2026 02:42:26;171168;OPTIC WHITE TRAVIS MATHEW 17469 SS27;633.90;ACABADO S/SECO;R05;633.90;N;POR DEFINIR;PI000326;FALSO PIQUE C/SPANDEX ESTAMP SUBLIMADO C/CLAROS - 75/72 POLY + 40/1 PP/POLY + 20D SPANDEX;33;2.07;NORMAL;TRAVIS MATHEW;TMW-2304;D-DESPACHADA;N;124.00;2;4;0;0;02:04;00:00;91;10.000;PA54 GPB1;FALSO;0.00;0.00;I8819;MEMESAN
07;RAMEADO;10.00;Y4017;RAM-03;29/08/2026 02:42:26;29/08/2026 04:35:09;6739BN;TOTAL ECLIPSE TRAVIS MATHEW 17469 SS27;587.48;ACABADO S/SECO;R05;587.48;N;POR DEFINIR;PI000330;FALSO PIQUE C/SPANDEX ESTAMP SUBLIMADO C/OSCUROS- 75/72 POLY + 40/1 PP/POLY + 20D SPANDEX;30;1.88;NORMAL;TRAVIS MATHEW;TMW-2310;D-DESPACHADA;N;113.00;1;53;0;0;01:53;00:00;91;9.000;TPA13 GPB1;FALSO;0.00;0.00;I8817;MEMESAN
07;RAMEADO;10.00;Y4015;RAM-03;29/08/2026 04:35:10;29/08/2026 05:50:15;171168;OPTIC WHITE TRAVIS MATHEW 17469 SS27;313.09;ACABADO S/SECO;R05;313.09;N;POR DEFINIR;PI000326;FALSO PIQUE C/SPANDEX ESTAMP SUBLIMADO C/CLAROS - 75/72 POLY + 40/1 PP/POLY + 20D SPANDEX;16;1.25;NORMAL;TRAVIS MATHEW;TMW-2304;D-DESPACHADA;N;75.00;1;15;0;0;01:15;00:00;91;10.000;PA54 GPB1;FALSO;0.00;0.00;I8819;MEMESAN
07;RAMEADO;4.00;Y5238;RAM-03;29/08/2026 08:50:59;29/08/2026 08:52:10;6739CS;TRUE NAVY  COFACO 8897;640.15;;R05;640.15;N;POR DEFINIR;SE004986;JERSEY 40/1 VORTEX ORG PIMA/LYOCELL;24;0.03;NORMAL;COFACO INDUSTRIES S.A.C.;;E-EN PRODUCCION;N;2.00;0;2;0;0;00:02;00:00;91;10.000;;FALSO;0.00;0.00;;MALUJU
07;RAMEADO;4.00;Y4982;RAM-03;29/08/2026 08:52:10;29/08/2026 11:32:18;N33B8U;NEGRO  TEXT HEAWOOK 8675;18.80;;R05;18.80;N;POR DEFINIR;SE004827;JERSEY 30/1 100% COTTON;1;2.67;NORMAL;TEXTILES THT PERU S.A.C;;D-DESPACHADA;N;160.00;2;40;0;0;02:40;00:00;91;12.000;;FALSO;0.00;0.00;;MALUJU
07;RAMEADO;2.00;Y4078;RAM-03;29/08/2026 11:32:45;29/08/2026 12:00:11;931BJM;VINTAGE WHITE STANDARD VARSITY 16086 SP23;508.26;;R05;365.32;N;POR DEFINIR;FT000407;FRENCH TERRY 2 HILOS DIAGONAL CALADO 1-1 (X2 CABOS) - CLAROS;18;0.47;NORMAL;VARSITY;VAR-299;T-EN ALMACEN TENIDO;N;28.00;0;28;0;0;00:28;00:00;91;6.000;LOTE -  VS084  //  J;FALSO;0.00;0.00;I9742;MALUJU
07;RAMEADO;2.00;Y5649;RAM-03;29/08/2026 12:17:20;29/08/2026 12:17:45;6329NZ;MARINA BLUE STANDARD VARSITY 16086 SP23;205.99;;R05;205.99;N;POR DEFINIR;FT000406;FRENCH TERRY 2 HILOS DIAGONAL CALADO 1-1 (X2 CABOS) - OSCUROS;11;0.00;NORMAL;VARSITY;VAR-299;T-EN ALMACEN TENIDO;N;0.00;0;0;0;0;00:00;00:00;91;6.000;LOTE  -  VS084  // J;FALSO;0.00;2.59;I9741;MALUJU
07;RAMEADO;2.00;Y5764;RAM-03;29/08/2026 13:23:39;29/08/2026 13:36:42;931BJM;VINTAGE WHITE STANDARD VARSITY 16086 SP23;253.34;;R05;201.06;N;POR DEFINIR;FT000407;FRENCH TERRY 2 HILOS DIAGONAL CALADO 1-1 (X2 CABOS) - CLAROS;10;0.22;NORMAL;VARSITY;VAR-299;T-EN ALMACEN TENIDO;N;13.00;0;13;0;0;00:13;00:00;91;6.000;LOTE  -  JA AU105  /;FALSO;0.00;3.12;I9744;MALUJU
07;RAMEADO;5.00;Y4229;RAM-03;29/08/2026 19:47:53;29/08/2026 22:57:57;633DNK;ROYAL 19-3953 TCX  FORTY SEVEN 17840;624.42;ACABADO S/HUMEDO;R05;624.42;N;POR DEFINIR;JE005298;JERSEY 30/1 CT 100% ALGODON - OSCUROS Y MEDIOS;29;3.17;NORMAL;FORTY SEVEN;FSE-1221;T-EN ALMACEN TENIDO;N;190.00;3;10;0;0;03:10;00:00;91;8.000;TTC TAU24;FALSO;0.00;3.32;J0208;MEMESAN
07;RAMEADO;5.00;Y5430;RAM-03;29/08/2026 19:47:53;29/08/2026 22:57:57;633DNK;ROYAL 19-3953 TCX  FORTY SEVEN 17840;104.28;ACABADO S/HUMEDO;R05;104.28;N;POR DEFINIR;JE005298;JERSEY 30/1 CT 100% ALGODON - OSCUROS Y MEDIOS;5;3.17;NORMAL;FORTY SEVEN;FSE-1234;T-EN ALMACEN TENIDO;N;190.00;3;10;0;0;03:10;00:00;91;8.000;TTC TAU24;FALSO;0.00;3.32;I9865;MEMESAN
07;RAMEADO;4.00;Y4460;RAM-03;29/08/2026 22:57:57;30/08/2026 00:34:31;433BHY;RED FORTY SEVEN 17472;365.29;;R05;365.29;N;POR DEFINIR;JE005304;JERSEYSOLIDO 20/1 - OPEN END / COLORES: MEDIOS Y OSCUROS/ALT GG20;15;1.62;NORMAL;FORTY SEVEN;FSE-1219;T-EN ALMACEN TENIDO;N;97.00;1;37;0;0;01:37;00:00;91;10.000;VS083;FALSO;0.00;2.42;J1536;ANCVILLR
07;RAMEADO;4.00;Y5385;RAM-03;29/08/2026 22:57:58;29/08/2026 22:59:21;433BHY;RED FORTY SEVEN 17472;125.30;;R05;125.30;N;POR DEFINIR;JE005304;JERSEYSOLIDO 20/1 - OPEN END / COLORES: MEDIOS Y OSCUROS/ALT GG20;6;0.03;NORMAL;FORTY SEVEN;FSE-1256;T-EN ALMACEN TENIDO;N;2.00;0;2;0;0;00:02;00:00;91;10.000;VS083;FALSO;0.00;2.42;J1533;ANCVILLR
07;RAMEADO;5.00;Y5457;RAM-03;30/08/2026 00:34:31;30/08/2026 02:50:03;B00389;ARTIC WHITE VARISTY 15318 SP23;72.86;ACABADO S/HUMEDO;R05;72.86;N;POR DEFINIR;JE005381;JERSEY FLAME (20/1 FLAME CO + 20/1 CO) - C/BLANCO Y CLAROS;3;2.27;NORMAL;VARSITY;VAR-298;T-EN ALMACEN TENIDO;N;136.00;2;16;0;0;02:16;00:00;91;8.000;LOTE-  JA AU107 /  J;FALSO;0.00;0.00;I9735;MEMESAN
07;RAMEADO;5.00;Y5458;RAM-03;30/08/2026 00:34:32;30/08/2026 02:50:04;B00389;ARTIC WHITE VARISTY 15318 SP23;467.48;ACABADO S/HUMEDO;R05;467.48;N;POR DEFINIR;JE005381;JERSEY FLAME (20/1 FLAME CO + 20/1 CO) - C/BLANCO Y CLAROS;19;2.27;NORMAL;VARSITY;VAR-298;T-EN ALMACEN TENIDO;N;136.00;2;16;0;0;02:16;00:00;91;8.000;LOTE- JA AU107 / JA;FALSO;0.00;3.42;I9735;MEMESAN
07;RAMEADO;10.00;Y4036;RAM-03;30/08/2026 02:59:21;30/08/2026 04:28:41;171168;OPTIC WHITE TRAVIS MATHEW 17469 SS27;339.08;ACABADO S/SECO;R05;339.08;N;POR DEFINIR;PI000326;FALSO PIQUE C/SPANDEX ESTAMP SUBLIMADO C/CLAROS - 75/72 POLY + 40/1 PP/POLY + 20D SPANDEX;17;1.48;NORMAL;TRAVIS MATHEW;TMW-2304;T-EN ALMACEN TENIDO;N;89.00;1;29;0;0;01:29;00:00;91;10.000;PA54 GPB1;FALSO;0.00;0.00;I8815;MEMESAN
07;RAMEADO;10.00;Y3305;RAM-03;30/08/2026 04:28:41;30/08/2026 07:16:01;6739BN;TOTAL ECLIPSE TRAVIS MATHEW 17469 SS27;604.10;ACABADO S/SECO;R05;604.10;N;POR DEFINIR;PI000330;FALSO PIQUE C/SPANDEX ESTAMP SUBLIMADO C/OSCUROS- 75/72 POLY + 40/1 PP/POLY + 20D SPANDEX;30;2.80;NORMAL;TRAVIS MATHEW;TMW-2310;T-EN ALMACEN TENIDO;N;168.00;2;48;0;0;02:48;00:00;91;9.000;TPA13 GPB1;FALSO;0.00;0.00;I8823;MEMESAN
07;RAMEADO;5.50;Y4388;RAM-03;30/08/2026 07:16:01;30/08/2026 07:59:34;3339D8;ORANGE 17-1562 TCX FORTY SEVEN 17840;131.80;;R14;131.80;S;POR DEFINIR;JE005298;JERSEY 30/1 CT 100% ALGODON - OSCUROS Y MEDIOS;6;0.72;HUMECTADO;FORTY SEVEN;FSE-1228;T-EN ALMACEN TENIDO;N;43.00;0;43;0;43;00:43;00:43;91;9.000;TTC TAU20;FALSO;0.00;3.32;J1171;ANCVILLR
07;RAMEADO;4.00;Y5174;RAM-03;30/08/2026 07:59:34;30/08/2026 09:52:55;931C8A;SANDSTONE FORTY SEVEN 17472;690.19;;R05;648.40;N;POR DEFINIR;JE005296;JERSEYSOLIDO 18/1 - OPEN END / SOLO PARA BLANCO;31;1.88;NORMAL;FORTY SEVEN;FSE-1256;T-EN ALMACEN TENIDO;N;113.00;1;53;0;0;01:53;00:00;91;10.000;VS050;FALSO;0.00;0.00;J1537;ANCVILLR
07;RAMEADO;3.00;Y5174;RAM-03;30/08/2026 07:59:34;30/08/2026 09:52:55;931C8A;SANDSTONE FORTY SEVEN 17472;690.19;;R05;41.79;N;POR DEFINIR;JE005296;JERSEYSOLIDO 18/1 - OPEN END / SOLO PARA BLANCO;31;1.88;NORMAL;FORTY SEVEN;FSE-1256;T-EN ALMACEN TENIDO;N;113.00;1;53;0;0;01:53;00:00;91;10.000;VS050;FALSO;0.00;0.00;J1537;ANCVILLR
07;RAMEADO;5.00;Y4841;RAM-03;30/08/2026 09:52:55;30/08/2026 10:57:24;111BAD;POLAR WHITE FORTY SEVEN 13694;446.75;;R05;446.75;N;POR DEFINIR;JE005309;JERSEY 30/1 CT 100% ALGODON - COLORES CLAROS Y BLANCO;21;1.08;NORMAL;FORTY SEVEN;FSE-1228;T-EN ALMACEN TENIDO;N;65.00;1;5;0;0;01:05;00:00;91;9.000;JA AU107;FALSO;0.00;0.00;J1169;ANCVILLR
07;RAMEADO;5.00;Y4842;RAM-03;30/08/2026 10:57:24;30/08/2026 13:36:51;111BAD;POLAR WHITE FORTY SEVEN 13694;446.60;;R05;446.60;N;POR DEFINIR;JE005309;JERSEY 30/1 CT 100% ALGODON - COLORES CLAROS Y BLANCO;21;2.65;NORMAL;FORTY SEVEN;FSE-1228;T-EN ALMACEN TENIDO;N;159.00;2;39;0;0;02:39;00:00;91;9.000;JA AU107;FALSO;0.00;4.00;J1169;ANCVILLR
07;RAMEADO;4.00;Y4957;RAM-03;30/08/2026 13:36:51;30/08/2026 14:27:56;9339O1;MARROM JAVA 19-1016 TCX  TEXT HEAWOOK 8851;471.45;;R05;471.45;N;POR DEFINIR;SE005035;INTERLOCK 50/1 PEINADO;22;0.85;NORMAL;THT EXPORT SAC;;D-DESPACHADA;N;51.00;0;51;0;0;00:51;00:00;91;6.000;;FALSO;0.00;0.00;;ANCVILLR
07;RAMEADO;4.10;Y4764;RAM-03;31/08/2026 14:28:45;31/08/2026 14:29:10;N33B7M;BLACK   FORTY SEVEN 17472;598.02;REPROCESO X REVIRADO;R21;598.02;S;POR DEFINIR;JE005304;JERSEYSOLIDO 20/1 - OPEN END / COLORES: MEDIOS Y OSCUROS/ALT GG20;26;0.02;REVIRADO;FORTY SEVEN;FSE-1253;T-EN ALMACEN TENIDO;N;1.00;0;1;0;1;00:01;00:01;91;10.000;VS083;FALSO;0.00;4.00;J1669;ANCVILLR
07;RAMEADO;10.00;Y4016;RAM-03;31/08/2026 14:29:11;31/08/2026 16:03:22;171168;OPTIC WHITE TRAVIS MATHEW 17469 SS27;317.88;;R05;317.88;N;POR DEFINIR;PI000326;FALSO PIQUE C/SPANDEX ESTAMP SUBLIMADO C/CLAROS - 75/72 POLY + 40/1 PP/POLY + 20D SPANDEX;16;1.57;NORMAL;TRAVIS MATHEW;TMW-2304;T-EN ALMACEN TENIDO;N;94.00;1;34;0;0;01:34;00:00;91;10.000;PA54 GPB1;FALSO;0.00;0.00;I8819;ANCVILLR
07;RAMEADO;5.10;Y4407;RAM-03;31/08/2026 16:03:22;31/08/2026 17:52:04;N33BBI;BLACK 19-0303 TCX FORTY SEVEN 17840;538.00;REPROCESO X REVIRADO;R21;538.00;S;POR DEFINIR;JE005298;JERSEY 30/1 CT 100% ALGODON - OSCUROS Y MEDIOS;25;1.82;REVIRADO;FORTY SEVEN;FSE-1228;T-EN ALMACEN TENIDO;N;109.00;1;49;1;49;01:49;01:49;91;6.000;TAU-31;FALSO;0.00;3.32;J1174;ANCVILLR
07;RAMEADO;10.00;Y4034;RAM-03;31/08/2026 17:52:05;31/08/2026 17:52:14;171168;OPTIC WHITE TRAVIS MATHEW 17469 SS27;183.32;;R05;183.32;N;POR DEFINIR;PI000326;FALSO PIQUE C/SPANDEX ESTAMP SUBLIMADO C/CLAROS - 75/72 POLY + 40/1 PP/POLY + 20D SPANDEX;9;0.00;NORMAL;TRAVIS MATHEW;TMW-2304;T-EN ALMACEN TENIDO;N;0.00;0;0;0;0;00:00;00:00;91;10.000;PA54 GPB1;FALSO;0.00;0.00;I8820;CACHILUI
07;RAMEADO;5.00;Y5638;RAM-03;31/08/2026 18:10:18;31/08/2026 19:35:54;931CEE;SANDSTONE 12-4302 TCX  FORTY SEVEN 17840;229.00;;R05;207.00;N;POR DEFINIR;JE005309;JERSEY 30/1 CT 100% ALGODON - COLORES CLAROS Y BLANCO;11;1.42;NORMAL;FORTY SEVEN;FSE-1228;T-EN ALMACEN TENIDO;N;85.00;1;25;0;0;01:25;00:00;91;8.000;JA AU107;FALSO;0.00;0.00;J1171;ANCVILLR
07;RAMEADO;5.00;Y5637;RAM-03;31/08/2026 19:52:34;31/08/2026 21:35:22;931CEE;SANDSTONE 12-4302 TCX  FORTY SEVEN 17840;464.30;;R05;464.30;N;POR DEFINIR;JE005309;JERSEY 30/1 CT 100% ALGODON - COLORES CLAROS Y BLANCO;24;1.72;NORMAL;FORTY SEVEN;FSE-1228;D-DESPACHADA;N;103.00;1;43;0;0;01:43;00:00;91;8.000;JA AU107;FALSO;0.00;0.00;J1174;ANCVILLR
07;RAMEADO;5.00;Y5758;RAM-03;31/08/2026 21:35:23;1/09/2026 00:11:48;931CEE;SANDSTONE 12-4302 TCX  FORTY SEVEN 17840;643.22;;R05;643.22;N;POR DEFINIR;JE005309;JERSEY 30/1 CT 100% ALGODON - COLORES CLAROS Y BLANCO;32;2.60;NORMAL;FORTY SEVEN;FSE-1252;T-EN ALMACEN TENIDO;N;156.00;2;36;0;0;02:36;00:00;91;8.000;JA AU107;FALSO;0.00;4.00;J1663;SANAHUIHER
07;RAMEADO;5.00;Y5759;RAM-03;31/08/2026 21:35:23;1/09/2026 00:11:48;931CEE;SANDSTONE 12-4302 TCX  FORTY SEVEN 17840;87.96;;R05;66.40;N;POR DEFINIR;JE005309;JERSEY 30/1 CT 100% ALGODON - COLORES CLAROS Y BLANCO;4;2.60;NORMAL;FORTY SEVEN;FSE-1252;T-EN ALMACEN TENIDO;N;156.00;2;36;0;0;02:36;00:00;91;8.000;JA AU107;FALSO;0.00;4.00;J1663;SANAHUIHER
07;RAMEADO;6.00;Y5126;RAM-03;1/09/2026 00:11:48;1/09/2026 00:21:21;C00002;PREPARADO PARA ESTAMPAR;0.00;;R05;264.30;N;POR DEFINIR;SE004870;RIB 1X1 30/1 ORGANICA 100% PIMA COTTON;0;0.17;NORMAL;PERUVIAN FIT S.A.C.;;E-EN PRODUCCION;N;10.00;0;10;0;0;00:10;00:00;91;NO TIENE RECETA;;FALSO;0.00;0.00;;SANAHUIHER
07;RAMEADO;4.00;Y4141;RAM-03;1/09/2026 00:21:21;1/09/2026 00:21:35;L00BFW;PARKE STRIPE  ROLLER 17991;25.24;;R05;25.24;N;POR DEFINIR;DE010418;LISTADO 40/1 INTERLOCK PIMA/MODAL - PARKE STRIPE;1;0.00;NORMAL;ROLLER RABBIT;M0000557;D-DESPACHADA;N;0.00;0;0;0;0;00:00;00:00;91;10.000;;FALSO;0.00;0.00;O8856;SANAHUIHER
07;RAMEADO;5.00;Y4954;RAM-03;1/09/2026 00:21:35;1/09/2026 01:36:46;L00BFW;PARKE STRIPE  ROLLER 17991;83.00;;R05;83.00;N;POR DEFINIR;DE010418;LISTADO 40/1 INTERLOCK PIMA/MODAL - PARKE STRIPE;4;1.25;NORMAL;HIALPESA;;D-DESPACHADA;N;75.00;1;15;0;0;01:15;00:00;91;10.000;46784;FALSO;0.00;0.00;;SANAHUIHER
07;RAMEADO;5.00;Y4975;RAM-03;1/09/2026 10:11:14;1/09/2026 11:52:20;633D1B;COUNTRY BLUE 18-3912 TCX VARSITY 16086;630.56;ACABADO S/HUMEDO;R05;630.56;N;POR DEFINIR;FT000406;FRENCH TERRY 2 HILOS DIAGONAL CALADO 1-1 (X2 CABOS) - OSCUROS;25;1.68;NORMAL;VARSITY;VAR-299;T-EN ALMACEN TENIDO;N;101.00;1;41;0;0;01:41;00:00;91;8.000;LOTE  -  VS084  // J;FALSO;0.00;3.12;I9743;MEMESAN
07;RAMEADO;2.00;Y5650;RAM-03;1/09/2026 11:51:46;1/09/2026 23:53:38;6329NZ;MARINA BLUE STANDARD VARSITY 16086 SP23;302.18;;R05;214.24;N;POR DEFINIR;FT000406;FRENCH TERRY 2 HILOS DIAGONAL CALADO 1-1 (X2 CABOS) - OSCUROS;11;12.03;NORMAL;VARSITY;VAR-299;T-EN ALMACEN TENIDO;N;722.00;12;2;0;0;12:02;00:00;91;6.000;JA AU107;FALSO;0.00;2.59;I9741;MALUJU
07;RAMEADO;5.00;Y5650;RAM-03;1/09/2026 11:52:20;1/09/2026 15:22:12;6329NZ;MARINA BLUE STANDARD VARSITY 16086 SP23;302.18;;R05;302.18;N;POR DEFINIR;FT000406;FRENCH TERRY 2 HILOS DIAGONAL CALADO 1-1 (X2 CABOS) - OSCUROS;11;3.50;NORMAL;VARSITY;VAR-299;T-EN ALMACEN TENIDO;N;210.00;3;30;0;0;03:30;00:00;91;6.000;JA AU107;FALSO;0.00;2.59;I9741;ANCVILLR
07;RAMEADO;5.00;Y5649;RAM-03;1/09/2026 11:53:19;1/09/2026 13:22:29;6329NZ;MARINA BLUE STANDARD VARSITY 16086 SP23;205.99;;R05;205.99;N;POR DEFINIR;FT000406;FRENCH TERRY 2 HILOS DIAGONAL CALADO 1-1 (X2 CABOS) - OSCUROS;11;1.48;NORMAL;VARSITY;VAR-299;T-EN ALMACEN TENIDO;N;89.00;1;29;0;0;01:29;00:00;91;6.000;LOTE  -  VS084  // J;FALSO;0.00;2.59;I9741;ANCVILLR
07;RAMEADO;5.00;Y5312;RAM-03;1/09/2026 13:22:29;1/09/2026 15:22:12;6329L4;MARINE BLUE-DISCHARGE VARSITY 15318 SP23;545.06;ACABADO S/HUMEDO;R05;545.06;N;POR DEFINIR;JE005382;JERSEY FLAME (20/1 FLAME CO + 20/1 CO) - C/OSCUROS;24;2.00;NORMAL;VARSITY;VAR-298;T-EN ALMACEN TENIDO;N;120.00;2;0;0;0;02:00;00:00;91;6.000;JA AU107;FALSO;0.00;3.29;I9735;MEMESAN
07;RAMEADO;5.00;Y4116;RAM-03;1/09/2026 15:28:21;1/09/2026 15:42:35;N33BBV;WASHED BLACK VINCE MENS 17861 SPRING27;577.62;ACABADO S/HUMEDO;R05;577.62;N;POR DEFINIR;JE005267;JERSEY SOLIDO / 20/1COTTON/ OSCUROS(DESGASTEPRENDA);29;0.23;NORMAL;VINCE;VNC-814;T-EN ALMACEN TENIDO;N;14.00;0;14;0;0;00:14;00:00;91;10.000;JA AU107;FALSO;0.00;3.97;I9221;MEMESAN
07;RAMEADO;6.00;Y2046;RAM-03;1/09/2026 15:42:35;1/09/2026 15:43:31;433BLH;PORT WINE VINCE MENS 17927 PREFALL27;22.42;RESIGNADO;R05;22.42;N;POR DEFINIR;DE010404;MERCERIZED JERSEY 100% SUPIMA COTTON 150GSM;1;0.02;NORMAL;VINCE;M0000550;D-DESPACHADA;N;1.00;0;1;0;0;00:01;00:00;91;10.000;;FALSO;0.00;4.67;O8479;AGUIJATO
07;RAMEADO;6.00;Y1826;RAM-03;1/09/2026 15:43:31;1/09/2026 15:43:53;9339OG;ASH VINCE MENS 17927 PREFALL27;20.48;;R05;20.48;N;POR DEFINIR;DE010404;MERCERIZED JERSEY 100% SUPIMA COTTON 150GSM;1;0.00;NORMAL;VINCE;M0000550;D-DESPACHADA;N;0.00;0;0;0;0;00:00;00:00;91;15.000;;FALSO;0.00;4.67;O8480;AGUIJATO
07;RAMEADO;6.00;Y2164;RAM-03;1/09/2026 15:43:32;1/09/2026 15:43:53;9339OG;ASH VINCE MENS 17927 PREFALL27;5.02;;R05;5.02;N;POR DEFINIR;DE010404;MERCERIZED JERSEY 100% SUPIMA COTTON 150GSM;1;0.00;NORMAL;VINCE;M0000550;D-DESPACHADA;N;0.00;0;0;0;0;00:00;00:00;91;15.000;JA PA53;FALSO;0.00;4.67;O8480;AGUIJATO
07;RAMEADO;4.00;Y5422;RAM-03;1/09/2026 17:04:35;1/09/2026 20:03:32;6739CS;TRUE NAVY  COFACO 8897;631.50;ACABADO S/HUMEDO;R05;631.50;N;POR DEFINIR;SE004986;JERSEY 40/1 VORTEX ORG PIMA/LYOCELL;26;2.98;NORMAL;COFACO INDUSTRIES S.A.C.;;T-EN ALMACEN TENIDO;N;179.00;2;59;0;0;02:59;00:00;91;10.000;;FALSO;0.00;0.00;;MEMESAN
07;RAMEADO;5.00;Y5119;RAM-03;1/09/2026 20:03:49;1/09/2026 20:04:05;3339D6;MECCA ORANGE TOMMY BAHAMAS 17837 F27;18.40;;R05;18.40;N;POR DEFINIR;JE004890;JERSEY 30/1 AC COMPACTADO - OSCUROS (GG24)(BCI);1;0.02;NORMAL;TOMMY BAHAMA;M0000564;E-EN PRODUCCION;N;1.00;0;1;0;0;00:01;00:00;91;15.000;JA AU104;FALSO;0.00;0.00;O8986;HEESELOY
07;RAMEADO;5.00;Y5121;RAM-03;1/09/2026 20:04:05;1/09/2026 20:04:21;9339NM;CHOCOLATE SPICE TOMMY BAHAMAS 17837 F27;8.23;;R05;8.23;N;POR DEFINIR;RI002642;RIB 1X1 30/1 AC - COMPACTADO (COMPLEMENTO)(BCI);1;0.00;NORMAL;TOMMY BAHAMA;M0000564;E-EN PRODUCCION;N;0.00;0;0;0;0;00:00;00:00;91;10.000;;FALSO;0.00;0.00;O8982;HEESELOY
07;RAMEADO;5.00;Y4995;RAM-03;1/09/2026 20:04:21;1/09/2026 20:04:43;9339NM;CHOCOLATE SPICE TOMMY BAHAMAS 17837 F27;20.08;;R05;20.08;N;POR DEFINIR;JE004890;JERSEY 30/1 AC COMPACTADO - OSCUROS (GG24)(BCI);1;0.00;NORMAL;TOMMY BAHAMA;M0000564;E-EN PRODUCCION;N;0.00;0;0;0;0;00:00;00:00;91;10.000;JA AU104;FALSO;0.00;0.00;O8982;HEESELOY
07;RAMEADO;5.00;Y4993;RAM-03;1/09/2026 20:04:43;1/09/2026 21:19:35;633DNB;KINGFISH TOMMY BAHAMAS 17837 F27;11.02;;R05;11.02;N;POR DEFINIR;JE004890;JERSEY 30/1 AC COMPACTADO - OSCUROS (GG24)(BCI);1;1.25;NORMAL;TOMMY BAHAMA;M0000564;E-EN PRODUCCION;N;75.00;1;15;0;0;01:15;00:00;91;15.000;JA AU104;FALSO;0.00;0.00;O8985;HEESELOY
07;RAMEADO;5.00;Y5122;RAM-03;1/09/2026 20:04:46;1/09/2026 21:19:36;633DNB;KINGFISH TOMMY BAHAMAS 17837 F27;8.23;;R05;8.23;N;POR DEFINIR;RI002642;RIB 1X1 30/1 AC - COMPACTADO (COMPLEMENTO)(BCI);2;1.25;NORMAL;TOMMY BAHAMA;M0000564;E-EN PRODUCCION;N;75.00;1;15;0;0;01:15;00:00;91;15.000;;FALSO;0.00;0.00;O8985;HEESELOY
07;RAMEADO;5.00;Y4078;RAM-03;1/09/2026 21:19:36;2/09/2026 08:13:48;931BJM;VINTAGE WHITE STANDARD VARSITY 16086 SP23;508.26;;R05;508.26;N;POR DEFINIR;FT000407;FRENCH TERRY 2 HILOS DIAGONAL CALADO 1-1 (X2 CABOS) - CLAROS;18;10.90;NORMAL;VARSITY;VAR-299;T-EN ALMACEN TENIDO;N;654.00;10;54;0;0;10:54;00:00;91;6.000;LOTE -  VS084  //  J;FALSO;0.00;0.00;I9742;RCASAN
07;RAMEADO;6.00;Y5221;RAM-03;1/09/2026 22:46:34;2/09/2026 00:40:51;L00BDC;OFF WHITE/PALE BAY VINCE WOMENS 17854 SP27;313.70;;R05;313.70;N;POR DEFINIR;IN000249;INTERLOCK FEEDSTRIPE / 50/1PP/ 185BW;14;1.90;NORMAL;VINCE WOMENS;VCW-664;E-EN PRODUCCION;N;114.00;1;54;0;0;01:54;00:00;91;10.000;46607;FALSO;0.00;0.00;I8974;RCASAN
07;RAMEADO;5.00;Y4380;RAM-03;2/09/2026 02:03:14;2/09/2026 03:05:25;633DGC;NAVY BLAZER #19-3923 TCX TRAVIS MATHEW 17410 SS27;344.74;;R05;55.34;N;POR DEFINIR;FT000368;FRENCH TERRY W/SPANDEX 30/1 PP+40DN 290AW/OSCUROS;13;1.03;NORMAL;TRAVIS MATHEW;TMW-2320;T-EN ALMACEN TENIDO;N;62.00;1;2;0;0;01:02;00:00;91;7.000;JA PIP-27;FALSO;0.00;4.17;I9310;RCASAN
07;RAMEADO;6.10;Y4380;RAM-03;2/09/2026 02:03:14;2/09/2026 03:05:25;633DGC;NAVY BLAZER #19-3923 TCX TRAVIS MATHEW 17410 SS27;344.74;;R05;260.05;N;POR DEFINIR;FT000368;FRENCH TERRY W/SPANDEX 30/1 PP+40DN 290AW/OSCUROS;13;1.03;NORMAL;TRAVIS MATHEW;TMW-2320;T-EN ALMACEN TENIDO;N;62.00;1;2;0;0;01:02;00:00;91;7.000;JA PIP-27;FALSO;0.00;4.17;I9310;RCASAN
07;RAMEADO;6.00;Y3196;RAM-03;2/09/2026 04:06:31;2/09/2026 05:36:23;111AW3;BLANCO  TEXT SUR 7977;561.24;;R05;561.24;N;POR DEFINIR;PI000300;PIQUE LICRADO NE 30/1 ACABADO ABIERTO, COLORES CLAROS;28;1.50;NORMAL;TEXTILES DEL SUR S.A.;;E-EN PRODUCCION;N;90.00;1;30;0;0;01:30;00:00;91;8.000;JA AU106;FALSO;0.00;0.00;;ESOSOAL
07;RAMEADO;5.00;Y4832;RAM-03;2/09/2026 05:36:23;2/09/2026 08:13:48;931CEE;SANDSTONE 12-4302 TCX  FORTY SEVEN 17840;688.30;;R05;688.30;N;POR DEFINIR;JE005309;JERSEY 30/1 CT 100% ALGODON - COLORES CLAROS Y BLANCO;33;2.62;NORMAL;FORTY SEVEN;FSE-1228;T-EN ALMACEN TENIDO;N;157.00;2;37;0;0;02:37;00:00;91;8.000;JA AU107;FALSO;0.00;0.00;J1169;ESOSOAL
07;RAMEADO;5.00;Y4746;RAM-03;2/09/2026 08:14:36;2/09/2026 08:52:24;N319N7;VAPOR VINCE MENS 17864 SP27;113.82;ACABADO S/HUMEDO;R05;113.82;N;POR DEFINIR;JE003190;JERSEY 40/1 P. PIMA  C/CLARO 1% ANTIP 135 A/W;5;0.63;NORMAL;VINCE;VNC-813;E-EN PRODUCCION;N;38.00;0;38;0;0;00:38;00:00;91;10.000;;FALSO;0.00;0.00;I9202;MEMESAN
07;RAMEADO;5.00;Y4745;RAM-03;2/09/2026 08:52:24;2/09/2026 09:52:47;7319V0;MOUNT DUME VINCE MENS 17864 SP27;125.04;ACABADO S/HUMEDO;R05;125.04;N;POR DEFINIR;JE003190;JERSEY 40/1 P. PIMA  C/CLARO 1% ANTIP 135 A/W;5;1.00;NORMAL;VINCE;VNC-813;E-EN PRODUCCION;N;60.00;1;0;0;0;01:00;00:00;91;10.000;;FALSO;0.00;0.00;I9203;MEMESAN
07;RAMEADO;6.00;Y4942;RAM-03;2/09/2026 09:52:47;2/09/2026 09:59:32;C00002;PREPARADO PARA ESTAMPAR;0.00;ACABADO S/HUMEDO;R05;158.80;N;POR DEFINIR;SE005044;FRENCH TERRY 30/1 PIMA PEINADO C/LYCRA;0;0.12;NORMAL;ABUCORP PERU SAC.;;E-EN PRODUCCION;N;7.00;0;7;0;0;00:07;00:00;91;NO TIENE RECETA;;FALSO;0.00;0.00;;MEMESAN
07;RAMEADO;6.00;Y4944;RAM-03;2/09/2026 10:06:31;2/09/2026 10:07:08;C00002;PREPARADO PARA ESTAMPAR;0.00;ACABADO S/HUMEDO;R05;17.10;N;POR DEFINIR;SE004784;RIB 1X1 30/1 100% ORGANICO PIMA COTTON;0;0.02;NORMAL;PERUVIAN FIT S.A.C.;;P-PROGRAMADA;N;1.00;0;1;0;0;00:01;00:00;91;NO TIENE RECETA;;FALSO;0.00;0.00;;MEMESAN
07;RAMEADO;6.00;Y5203;RAM-03;2/09/2026 10:07:08;2/09/2026 10:54:18;C00002;PREPARADO PARA ESTAMPAR;0.00;ACABADO S/HUMEDO;R05;14.10;N;POR DEFINIR;SE004784;RIB 1X1 30/1 100% ORGANICO PIMA COTTON;0;0.78;NORMAL;PERUVIAN FIT S.A.C.;;P-PROGRAMADA;N;47.00;0;47;0;0;00:47;00:00;91;NO TIENE RECETA;;FALSO;0.00;0.00;;MEMESAN
07;RAMEADO;8.50;Y3755;RAM-03;2/09/2026 10:54:18;2/09/2026 11:56:13;111B6N;WHITE  ROLLER RABBIT 1722;488.52;ACABADO S/HUMEDO;R05;488.52;N;POR DEFINIR;IN000229;INTERLOCK ESTAMPADO PIGMENTO FULL COBERTURA 50/1 NE;24;1.03;NORMAL;ROLLER RABBIT;RRT-012B;T-EN ALMACEN TENIDO;N;62.00;1;2;0;0;01:02;00:00;91;8.000;JA PIP-27;FALSO;0.00;3.32;I9636;MEMESAN
07;RAMEADO;6.00;Y4757;RAM-03;2/09/2026 11:56:13;2/09/2026 11:56:17;111B6N;WHITE  ROLLER RABBIT 1722;10.56;ACABADO S/SECO;R05;10.56;N;POR DEFINIR;IN000232;INTERLOCK SOLIDO 50/1 PP - COMPLEMENTO;1;0.00;NORMAL;ROLLER RABBIT;RRT-012B;E-EN PRODUCCION;N;0.00;0;0;0;0;00:00;00:00;91;8.000;JA PIP-27;FALSO;0.00;3.62;I9642;MEMESAN
07;RAMEADO;5.00;Y4758;RAM-03;2/09/2026 11:56:13;2/09/2026 11:56:17;111B6N;WHITE  ROLLER RABBIT 1722;14.14;ACABADO S/SECO;R05;14.14;N;POR DEFINIR;RI002964;RIB 1X1 40/1 PP - COMPLEMENTO;1;0.00;NORMAL;ROLLER RABBIT;RRT-012B;E-EN PRODUCCION;N;0.00;0;0;0;0;00:00;00:00;91;8.000;JA PA48;FALSO;0.00;3.42;I9646;MEMESAN
07;RAMEADO;8.50;Y4756;RAM-03;2/09/2026 11:56:17;2/09/2026 13:43:19;111B6N;WHITE  ROLLER RABBIT 1722;413.78;ACABADO S/SECO;R05;413.78;N;POR DEFINIR;IN000229;INTERLOCK ESTAMPADO PIGMENTO FULL COBERTURA 50/1 NE;21;1.78;NORMAL;ROLLER RABBIT;RRT-012B;T-EN ALMACEN TENIDO;N;107.00;1;47;0;0;01:47;00:00;91;8.000;JA PIP-27;FALSO;0.00;3.32;I9639;MEMESAN
07;RAMEADO;5.00;Y4408;RAM-03;2/09/2026 13:43:20;2/09/2026 17:03:12;N33BBI;BLACK 19-0303 TCX FORTY SEVEN 17840;537.14;ACABADO /HUMEDO;R05;537.14;N;POR DEFINIR;JE005298;JERSEY 30/1 CT 100% ALGODON - OSCUROS Y MEDIOS;25;3.33;NORMAL;FORTY SEVEN;FSE-1228;T-EN ALMACEN TENIDO;N;200.00;3;20;0;0;03:20;00:00;91;6.000;TAU-31;FALSO;0.00;3.32;J1174;MEMESAN
07;RAMEADO;3.00;Y6007;RAM-03;2/09/2026 20:17:57;2/09/2026 23:24:23;633CWA;INDIGO STANDARD VARSITY 16086 SP23;657.10;;R05;544.76;N;POR DEFINIR;FT000406;FRENCH TERRY 2 HILOS DIAGONAL CALADO 1-1 (X2 CABOS) - OSCUROS;27;3.12;NORMAL;VARSITY;VAR-299;E-EN PRODUCCION;N;187.00;3;7;0;0;03:07;00:00;91;8.000;JA AU107;FALSO;0.00;2.59;I9741;MALUJU
07;RAMEADO;5.00;Y4741;RAM-03;2/09/2026 23:24:23;2/09/2026 23:27:52;2319AQ;SORBET VINCE MENS 17864 SP27;113.46;;R05;113.46;N;POR DEFINIR;JE003190;JERSEY 40/1 P. PIMA  C/CLARO 1% ANTIP 135 A/W;5;0.05;NORMAL;VINCE;VNC-813;E-EN PRODUCCION;N;3.00;0;3;0;0;00:03;00:00;91;10.000;;FALSO;0.00;0.00;I9204;MALUJU
07;RAMEADO;10.00;Y3308;RAM-03;2/09/2026 23:27:52;3/09/2026 01:11:22;171168;OPTIC WHITE TRAVIS MATHEW 17469 SS27;636.67;;R05;636.67;N;POR DEFINIR;PI000326;FALSO PIQUE C/SPANDEX ESTAMP SUBLIMADO C/CLAROS - 75/72 POLY + 40/1 PP/POLY + 20D SPANDEX;32;1.73;NORMAL;TRAVIS MATHEW;TMW-2304;T-EN ALMACEN TENIDO;N;104.00;1;44;0;0;01:44;00:00;91;10.000;PIP27 GPB1;FALSO;0.00;0.00;I8824;MALUJU
07;RAMEADO;5.00;Y5765;RAM-03;3/09/2026 01:11:22;3/09/2026 01:14:15;931BJM;VINTAGE WHITE STANDARD VARSITY 16086 SP23;243.50;;R05;243.50;N;POR DEFINIR;FT000407;FRENCH TERRY 2 HILOS DIAGONAL CALADO 1-1 (X2 CABOS) - CLAROS;9;0.05;NORMAL;VARSITY;VAR-299;T-EN ALMACEN TENIDO;N;3.00;0;3;0;0;00:03;00:00;91;6.000;LOTE -  VS084  //  J;FALSO;0.00;3.12;I9742;ALELOARTE
07;RAMEADO;5.00;Y5764;RAM-03;3/09/2026 01:11:23;3/09/2026 02:12:52;931BJM;VINTAGE WHITE STANDARD VARSITY 16086 SP23;253.34;;R05;201.06;N;POR DEFINIR;FT000407;FRENCH TERRY 2 HILOS DIAGONAL CALADO 1-1 (X2 CABOS) - CLAROS;10;1.02;NORMAL;VARSITY;VAR-299;T-EN ALMACEN TENIDO;N;61.00;1;1;0;0;01:01;00:00;91;6.000;LOTE  -  JA AU105  /;FALSO;0.00;3.12;I9744;ALELOARTE
07;RAMEADO;6.00;Y4479;RAM-03;3/09/2026 02:12:53;3/09/2026 02:13:08;C00002;PREPARADO PARA ESTAMPAR;0.00;;R05;172.70;N;POR DEFINIR;SE005010;HEAVY JERSEY 10/1 100% ORGANICO PIMA COTTONS;0;0.02;NORMAL;PERUVIAN FIT S.A.C.;;P-PROGRAMADA;N;1.00;0;1;0;0;00:01;00:00;91;NO TIENE RECETA;;FALSO;0.00;0.00;;MALUJU
07;RAMEADO;6.00;Y5201;RAM-03;3/09/2026 02:13:08;3/09/2026 04:23:36;C00002;PREPARADO PARA ESTAMPAR;0.00;;R05;365.30;N;POR DEFINIR;SE004870;RIB 1X1 30/1 ORGANICA 100% PIMA COTTON;0;2.17;NORMAL;PERUVIAN FIT S.A.C.;;E-EN PRODUCCION;N;130.00;2;10;0;0;02:10;00:00;91;NO TIENE RECETA;;FALSO;0.00;0.00;;MALUJU
07;RAMEADO;5.00;Y4062;RAM-03;3/09/2026 17:56:34;3/09/2026 19:31:52;6329V6;JETTY VARSITY 1779;424.98;ACABADO S/HUMEDO;R05;424.98;N;POR DEFINIR;FT000406;FRENCH TERRY 2 HILOS DIAGONAL CALADO 1-1 (X2 CABOS) - OSCUROS;18;1.58;NORMAL;VARSITY;VAR-299;E-EN PRODUCCION;N;95.00;1;35;0;0;01:35;00:00;91;6.000;JA AU107;FALSO;0.00;0.00;I9744;MEMESAN
07;RAMEADO;5.00;Y5889;RAM-03;3/09/2026 21:22:57;3/09/2026 23:33:28;N33BBI;BLACK 19-0303 TCX FORTY SEVEN 17840;534.96;;R05;534.96;N;POR DEFINIR;JE005298;JERSEY 30/1 CT 100% ALGODON - OSCUROS Y MEDIOS;25;2.18;NORMAL;FORTY SEVEN;FSE-1252;E-EN PRODUCCION;N;131.00;2;11;0;0;02:11;00:00;91;6.000;TAU-31;FALSO;0.00;4.00;J1661;MEMESAN
07;RAMEADO;5.00;Y4494;RAM-03;3/09/2026 23:33:28;4/09/2026 04:14:47;633D10;COASTAL  VINCE WOMENS FT313 PREFALL25;581.44;;R05;581.44;N;POR DEFINIR;FT000314;FRENCH TERRY 3 HILOS -30/1 PP + 10/1 TC - OSCUROS;23;4.68;NORMAL;VINCE WOMENS;VCW-662;E-EN PRODUCCION;N;281.00;4;41;0;0;04:41;00:00;91;9.000;R-JA PA53;FALSO;0.00;0.00;I8959;MEMESAN
07;RAMEADO;4.10;Y3572;RAM-03;4/09/2026 00:50:56;4/09/2026 13:45:04;N73725;NEGRO COFACO 8897;657.95;;R05;657.95;N;POR DEFINIR;SE004986;JERSEY 40/1 VORTEX ORG PIMA/LYOCELL;25;12.92;NORMAL;COFACO INDUSTRIES S.A.C.;;E-EN PRODUCCION;N;775.00;12;55;0;0;12:55;00:00;91;10.000;;FALSO;0.00;0.00;;HAMATEO
07;RAMEADO;6.00;Y5790;RAM-03;4/09/2026 04:14:47;4/09/2026 05:20:40;111B92;OPTIC WHITE   VINCE WOMENS 17401 PREFALL26;509.89;;R05;509.89;N;POR DEFINIR;IN000242;INTERLOCK SOLIDO / 50/1PP / 185BW / CLAROS;23;1.10;NORMAL;VINCE WOMENS;VCW-672;E-EN PRODUCCION;N;66.00;1;6;0;0;01:06;00:00;91;8.000;02P-26;FALSO;0.00;3.82;I9330;MEMESAN
07;RAMEADO;6.00;Y4532;RAM-03;4/09/2026 05:36:40;4/09/2026 08:59:15;93299V;ALMOND VINCE WOMENS 17842 SPRING27;619.92;;R05;619.92;N;POR DEFINIR;IN000242;INTERLOCK SOLIDO / 50/1PP / 185BW / CLAROS;28;3.38;NORMAL;VINCE WOMENS;VCW-663;E-EN PRODUCCION;N;203.00;3;23;0;0;03:23;00:00;91;9.000;02P-26;FALSO;0.00;3.82;I8967;RCASAN
07;RAMEADO;5.30;Y5378;RAM-03;4/09/2026 10:41:40;4/09/2026 13:06:42;N33BBI;BLACK 19-0303 TCX FORTY SEVEN 17840;541.66;ACABADO S/HUMEDO;R05;541.66;N;POR DEFINIR;JE005298;JERSEY 30/1 CT 100% ALGODON - OSCUROS Y MEDIOS;25;2.42;NORMAL;FORTY SEVEN;FSE-1228;E-EN PRODUCCION;N;145.00;2;25;0;0;02:25;00:00;91;6.000;TAU-31;FALSO;0.00;3.32;J1170;MEMESAN
07;RAMEADO;5.00;Y5890;RAM-03;4/09/2026 13:06:42;4/09/2026 14:44:16;N33BBI;BLACK 19-0303 TCX FORTY SEVEN 17840;534.72;ACABADO S/HUMEDO;R05;534.72;N;POR DEFINIR;JE005298;JERSEY 30/1 CT 100% ALGODON - OSCUROS Y MEDIOS;25;1.63;NORMAL;FORTY SEVEN;FSE-1252;E-EN PRODUCCION;N;98.00;1;38;0;0;01:38;00:00;91;6.000;TAU-31;FALSO;0.00;4.00;J1661;MEMESAN
07;RAMEADO;5.00;Y5971;RAM-03;4/09/2026 14:44:16;4/09/2026 16:59:13;N33BBI;BLACK 19-0303 TCX FORTY SEVEN 17840;477.46;ACABADO S/HUMEDO;R05;477.46;N;POR DEFINIR;JE005298;JERSEY 30/1 CT 100% ALGODON - OSCUROS Y MEDIOS;23;2.25;NORMAL;FORTY SEVEN;FSE-1252;E-EN PRODUCCION;N;135.00;2;15;0;0;02:15;00:00;91;6.000;TAU-31;FALSO;0.00;4.00;J1661;MEMESAN
07;RAMEADO;5.00;Y5972;RAM-03;4/09/2026 14:44:17;4/09/2026 16:59:13;N33BBI;BLACK 19-0303 TCX FORTY SEVEN 17840;59.62;ACABADO S/HUMEDO;R05;29.06;N;POR DEFINIR;JE005298;JERSEY 30/1 CT 100% ALGODON - OSCUROS Y MEDIOS;2;2.25;NORMAL;FORTY SEVEN;FSE-1252;E-EN PRODUCCION;N;135.00;2;15;0;0;02:15;00:00;91;6.000;TAU-31;FALSO;0.00;4.00;J1661;MEMESAN
12;ESMERILADO;6.00;Y5005;ESME-01;29/08/2026 02:54:16;29/08/2026 02:54:31;111B9E;WHITE  PETIT HOURS 17576  PRESPRING26;31.38;;R05;31.38;N;;JE005433;JERSEY ESTAMPADO PIGMENTO 36/1 PP - 135 BW;3;0.00;NORMAL;PETITE PLUME;PTP-007A;E-EN PRODUCCION;N;0.00;0;0;0;0;00:00;00:00;7;8.000;JA PIP-27;FALSO;0.00;1.95;I9389;GARBUWU
12;ESMERILADO;5.00;Y5195;ESME-01;29/08/2026 14:00:49;29/08/2026 15:00:11;L00BF7;BURGUNDY SMOKE MELANGE FAHERTY 17975 FALL26;20.16;;R05;20.16;N;;DE009307;JERSEY SOLIDO SUEDED / PRENDA 7;1;1.00;NORMAL;FAHERTY BRAND;M0000559;D-DESPACHADA;N;60.00;1;0;0;0;01:00;00:00;7;10.000;;FALSO;0.00;4.82;O8889;RSIERRA
12;ESMERILADO;5.00;Y5196;ESME-01;29/08/2026 14:05:30;29/08/2026 14:50:37;L00BF7;BURGUNDY SMOKE MELANGE FAHERTY 17975 FALL26;24.24;;R05;24.24;N;;DE009307;JERSEY SOLIDO SUEDED / PRENDA 7;2;0.75;NORMAL;FAHERTY BRAND;M0000559;D-DESPACHADA;N;45.00;0;45;0;0;00:45;00:00;7;10.000;;FALSO;0.00;4.82;O8889;RSIERRA
12;ESMERILADO;6.00;Y4717;ESME-01;31/08/2026 18:34:13;31/08/2026 18:34:18;111B9E;WHITE  PETIT HOURS 17576  PRESPRING26;207.12;;R05;207.12;N;;JE005433;JERSEY ESTAMPADO PIGMENTO 36/1 PP - 135 BW;10;0.00;NORMAL;PETITE PLUME;PTP-007A;E-EN PRODUCCION;N;0.00;0;0;0;0;00:00;00:00;7;8.000;JA PIP-27;FALSO;0.00;1.95;I9385;CACHILUI
12;ESMERILADO;6.00;Y5792;ESME-01;1/09/2026 08:39:06;1/09/2026 08:39:21;531967;WALLPAPER PIPING PETIT 17582 FALL26;10.28;;R05;10.28;N;;JE005389;JERSEY SOLIDO ESMERILADO 30/1 PP - 150 AW - COMPLEMENTO/CLAROS;1;0.00;NORMAL;HIALPESA;;D-DESPACHADA;N;0.00;0;0;0;0;00:00;00:00;7;20.000;JA PIP-27;FALSO;0.00;0.00;;GARBUWU
12;ESMERILADO;6.00;Y3323;ESME-01;2/09/2026 07:51:26;2/09/2026 07:51:32;111B9E;WHITE  PETIT HOURS 17576  PRESPRING26;303.94;LIMPIEZA;R05;303.94;N;;JE005433;JERSEY ESTAMPADO PIGMENTO 36/1 PP - 135 BW;15;0.00;NORMAL;PETITE PLUME;PTP-007;T-EN ALMACEN TENIDO;N;0.00;0;0;0;0;00:00;00:00;7;10.000;JA PIP-27;FALSO;0.00;1.95;I9379;ALELOARTE
12;ESMERILADO;6.00;Y3324;ESME-01;2/09/2026 07:53:18;2/09/2026 07:53:24;111B9E;WHITE  PETIT HOURS 17576  PRESPRING26;122.36;;R05;122.36;N;;JE005433;JERSEY ESTAMPADO PIGMENTO 36/1 PP - 135 BW;6;0.00;NORMAL;PETITE PLUME;PTP-007;T-EN ALMACEN TENIDO;N;0.00;0;0;0;0;00:00;00:00;7;10.000;JA PIP-27;FALSO;0.00;1.95;I9383;ALELOARTE
22;VAPORIZADO / POLIMERIZADO;2.10;Y5126;ESVP-01;31/08/2026 10:12:28;31/08/2026 10:12:37;C00002;PREPARADO PARA ESTAMPAR;0.00;;R05;264.30;N;;SE004870;RIB 1X1 30/1 ORGANICA 100% PIMA COTTON;0;0.00;NORMAL;PERUVIAN FIT S.A.C.;;E-EN PRODUCCION;N;0.00;0;0;0;0;00:00;00:00;28;NO TIENE RECETA;;FALSO;0.00;0.00;;LHERNANDEZ
22;VAPORIZADO / POLIMERIZADO;8.10;Y3757;ESVP-01;31/08/2026 16:14:15;31/08/2026 16:14:24;111B6N;WHITE  ROLLER RABBIT 1722;520.36;;R05;520.36;N;;IN000229;INTERLOCK ESTAMPADO PIGMENTO FULL COBERTURA 50/1 NE;25;0.00;NORMAL;ROLLER RABBIT;RRT-012B;T-EN ALMACEN TENIDO;N;0.00;0;0;0;0;00:00;00:00;28;8.000;JA PIP-27;FALSO;0.00;2.25;I9637;LHERNANDEZ
22;VAPORIZADO / POLIMERIZADO;2.10;Y3864;ESVP-01;31/08/2026 18:40:47;31/08/2026 18:40:56;C00002;PREPARADO PARA ESTAMPAR;0.00;;R05;224.05;N;;SE004868;JERSEY FULL SPANDEX 30/1 PIMA ORGANICO - MODAL 50/;0;0.00;NORMAL;INTRATESA S.A.C.;;E-EN PRODUCCION;N;0.00;0;0;0;0;00:00;00:00;28;NO TIENE RECETA;;FALSO;0.00;0.00;;LHERNANDEZ
22;VAPORIZADO / POLIMERIZADO;2.10;Y3863;ESVP-01;31/08/2026 18:41:42;31/08/2026 18:41:51;C00002;PREPARADO PARA ESTAMPAR;0.00;;R05;104.30;N;;SE004868;JERSEY FULL SPANDEX 30/1 PIMA ORGANICO - MODAL 50/;0;0.00;NORMAL;INTRATESA S.A.C.;;E-EN PRODUCCION;N;0.00;0;0;0;0;00:00;00:00;28;NO TIENE RECETA;;FALSO;0.00;0.00;;LHERNANDEZ
22;VAPORIZADO / POLIMERIZADO;8.10;Y3755;ESVP-01;1/09/2026 10:07:19;1/09/2026 10:07:29;111B6N;WHITE  ROLLER RABBIT 1722;488.52;;R05;488.52;N;;IN000229;INTERLOCK ESTAMPADO PIGMENTO FULL COBERTURA 50/1 NE;24;0.00;NORMAL;ROLLER RABBIT;RRT-012B;T-EN ALMACEN TENIDO;N;0.00;0;0;0;0;00:00;00:00;28;8.000;JA PIP-27;FALSO;0.00;3.32;I9636;LHERNANDEZ
22;VAPORIZADO / POLIMERIZADO;8.10;Y4756;ESVP-01;1/09/2026 10:08:00;1/09/2026 10:08:10;111B6N;WHITE  ROLLER RABBIT 1722;413.78;;R05;413.78;N;;IN000229;INTERLOCK ESTAMPADO PIGMENTO FULL COBERTURA 50/1 NE;21;0.02;NORMAL;ROLLER RABBIT;RRT-012B;T-EN ALMACEN TENIDO;N;1.00;0;1;0;0;00:01;00:00;28;8.000;JA PIP-27;FALSO;0.00;3.32;I9639;LHERNANDEZ
22;VAPORIZADO / POLIMERIZADO;8.20;Y3617;ESVP-01;1/09/2026 10:34:44;1/09/2026 10:34:53;111B9E;WHITE  PETIT HOURS 17576  PRESPRING26;83.38;;R05;83.38;N;;DE010165;JERSEY 44/1 ESTAMPADO;4;0.00;NORMAL;HIALPESA;;T-EN ALMACEN TENIDO;N;0.00;0;0;0;0;00:00;00:00;28;9.000;10165;FALSO;0.00;0.00;;LHERNANDEZ
22;VAPORIZADO / POLIMERIZADO;2.10;Y4945;ESVP-01;1/09/2026 11:24:27;1/09/2026 11:24:36;C00002;PREPARADO PARA ESTAMPAR;0.00;;R05;14.10;N;;SE004784;RIB 1X1 30/1 100% ORGANICO PIMA COTTON;0;0.00;NORMAL;PERUVIAN FIT S.A.C.;;E-EN PRODUCCION;N;0.00;0;0;0;0;00:00;00:00;28;NO TIENE RECETA;;FALSO;0.00;0.00;;LHERNANDEZ
22;VAPORIZADO / POLIMERIZADO;2.10;Y4325;ESVP-01;1/09/2026 11:25:38;1/09/2026 11:25:49;C00002;PREPARADO PARA ESTAMPAR;0.00;;R05;25.25;N;;SE005024;FRENCH TERRY 20/1 100% ALGODÓN ORGANIC;0;0.00;NORMAL;PERUVIAN FIT S.A.C.;;P-PROGRAMADA;N;0.00;0;0;0;0;00:00;00:00;28;NO TIENE RECETA;;FALSO;0.00;0.00;;LHERNANDEZ
22;VAPORIZADO / POLIMERIZADO;2.10;Y3833;ESVP-01;1/09/2026 13:59:22;1/09/2026 13:59:31;C00002;PREPARADO PARA ESTAMPAR;0.00;;R05;19.10;N;;SE004784;RIB 1X1 30/1 100% ORGANICO PIMA COTTON;0;0.00;NORMAL;PERUVIAN FIT S.A.C.;;P-PROGRAMADA;N;0.00;0;0;0;0;00:00;00:00;28;NO TIENE RECETA;;FALSO;0.00;0.00;;LHERNANDEZ
22;VAPORIZADO / POLIMERIZADO;2.10;Y5202;ESVP-01;1/09/2026 14:26:56;1/09/2026 14:27:06;C00002;PREPARADO PARA ESTAMPAR;0.00;;R05;14.10;N;;SE004784;RIB 1X1 30/1 100% ORGANICO PIMA COTTON;0;0.02;NORMAL;PERUVIAN FIT S.A.C.;;P-PROGRAMADA;N;1.00;0;1;0;0;00:01;00:00;28;NO TIENE RECETA;;FALSO;0.00;0.00;;LHERNANDEZ
22;VAPORIZADO / POLIMERIZADO;2.10;Y4983;ESVP-01;1/09/2026 15:55:36;1/09/2026 15:55:52;C00002;PREPARADO PARA ESTAMPAR;0.00;;R05;18.50;N;;SE005045;INTERLOCK 50/ 1 PIMA PEINADO;0;0.00;NORMAL;ABUCORP PERU SAC.;;P-PROGRAMADA;N;0.00;0;0;0;0;00:00;00:00;28;NO TIENE RECETA;;FALSO;0.00;0.00;;LHERNANDEZ
22;VAPORIZADO / POLIMERIZADO;2.10;Y5450;ESVP-01;1/09/2026 15:58:08;1/09/2026 15:58:21;C00002;PREPARADO PARA ESTAMPAR;0.00;;R05;18.05;N;;SE005045;INTERLOCK 50/ 1 PIMA PEINADO;0;0.00;NORMAL;ABUCORP PERU SAC.;;E-EN PRODUCCION;N;0.00;0;0;0;0;00:00;00:00;28;NO TIENE RECETA;;FALSO;0.00;0.00;;LHERNANDEZ
22;VAPORIZADO / POLIMERIZADO;2.10;Y4942;ESVP-01;1/09/2026 15:59:52;1/09/2026 16:00:02;C00002;PREPARADO PARA ESTAMPAR;0.00;;R05;158.80;N;;SE005044;FRENCH TERRY 30/1 PIMA PEINADO C/LYCRA;0;0.02;NORMAL;ABUCORP PERU SAC.;;E-EN PRODUCCION;N;1.00;0;1;0;0;00:01;00:00;28;NO TIENE RECETA;;FALSO;0.00;0.00;;LHERNANDEZ
22;VAPORIZADO / POLIMERIZADO;2.10;Y4944;ESVP-01;1/09/2026 16:04:38;1/09/2026 16:04:51;C00002;PREPARADO PARA ESTAMPAR;0.00;;R05;17.10;N;;SE004784;RIB 1X1 30/1 100% ORGANICO PIMA COTTON;0;0.00;NORMAL;PERUVIAN FIT S.A.C.;;P-PROGRAMADA;N;0.00;0;0;0;0;00:00;00:00;28;NO TIENE RECETA;;FALSO;0.00;0.00;;LHERNANDEZ
22;VAPORIZADO / POLIMERIZADO;2.10;Y5203;ESVP-01;1/09/2026 16:06:01;1/09/2026 16:06:09;C00002;PREPARADO PARA ESTAMPAR;0.00;;R05;14.10;N;;SE004784;RIB 1X1 30/1 100% ORGANICO PIMA COTTON;0;0.00;NORMAL;PERUVIAN FIT S.A.C.;;P-PROGRAMADA;N;0.00;0;0;0;0;00:00;00:00;28;NO TIENE RECETA;;FALSO;0.00;0.00;;LHERNANDEZ
22;VAPORIZADO / POLIMERIZADO;2.10;Y4479;ESVP-01;2/09/2026 16:24:22;2/09/2026 16:24:31;C00002;PREPARADO PARA ESTAMPAR;0.00;;R05;172.70;N;;SE005010;HEAVY JERSEY 10/1 100% ORGANICO PIMA COTTONS;0;0.00;NORMAL;PERUVIAN FIT S.A.C.;;P-PROGRAMADA;N;0.00;0;0;0;0;00:00;00:00;28;NO TIENE RECETA;;FALSO;0.00;0.00;;LHERNANDEZ
22;VAPORIZADO / POLIMERIZADO;2.10;Y5201;ESVP-01;2/09/2026 16:25:30;2/09/2026 16:25:42;C00002;PREPARADO PARA ESTAMPAR;0.00;;R05;365.30;N;;SE004870;RIB 1X1 30/1 ORGANICA 100% PIMA COTTON;0;0.00;NORMAL;PERUVIAN FIT S.A.C.;;E-EN PRODUCCION;N;0.00;0;0;0;0;00:00;00:00;28;NO TIENE RECETA;;FALSO;0.00;0.00;;LHERNANDEZ
22;VAPORIZADO / POLIMERIZADO;2.10;Y4943;ESVP-01;2/09/2026 17:52:17;2/09/2026 17:52:27;C00002;PREPARADO PARA ESTAMPAR;0.00;;R05;58.80;N;;SE004856;JERSEY 30/1 P. PEINADO;0;0.00;NORMAL;ABUCORP PERU SAC.;;E-EN PRODUCCION;N;0.00;0;0;0;0;00:00;00:00;28;NO TIENE RECETA;;FALSO;0.00;0.00;;LHERNANDEZ
22;VAPORIZADO / POLIMERIZADO;8.10;Y3761;ESVP-01;3/09/2026 09:57:21;3/09/2026 09:57:36;111B6N;WHITE  ROLLER RABBIT 1722;477.94;;R05;477.94;N;;IN000229;INTERLOCK ESTAMPADO PIGMENTO FULL COBERTURA 50/1 NE;23;0.00;NORMAL;ROLLER RABBIT;RRT-012D;T-EN ALMACEN TENIDO;N;0.00;0;0;0;0;00:00;00:00;28;8.000;;FALSO;0.00;3.32;I9650;LHERNANDEZ
22;VAPORIZADO / POLIMERIZADO;8.10;Y4857;ESVP-01;3/09/2026 13:18:14;3/09/2026 13:18:23;111B6N;WHITE  ROLLER RABBIT 1722;343.54;;R05;343.54;N;;IN000229;INTERLOCK ESTAMPADO PIGMENTO FULL COBERTURA 50/1 NE;17;0.00;NORMAL;ROLLER RABBIT;RRT-012C;T-EN ALMACEN TENIDO;N;0.00;0;0;0;0;00:00;00:00;28;8.000;JA PIP-27;FALSO;0.00;3.32;I9656;LHERNANDEZ
22;VAPORIZADO / POLIMERIZADO;8.10;Y4858;ESVP-01;3/09/2026 13:18:59;3/09/2026 13:19:11;111B6N;WHITE  ROLLER RABBIT 1722;38.08;;R05;38.08;N;;IN000229;INTERLOCK ESTAMPADO PIGMENTO FULL COBERTURA 50/1 NE;2;0.02;NORMAL;ROLLER RABBIT;RRT-012C;T-EN ALMACEN TENIDO;N;1.00;0;1;0;0;00:01;00:00;28;8.000;JA PIP-27;FALSO;0.00;3.32;I9658;LHERNANDEZ
22;VAPORIZADO / POLIMERIZADO;2.10;Y3806;ESVP-01;3/09/2026 16:47:07;3/09/2026 16:47:30;C00002;PREPARADO PARA ESTAMPAR;0.00;;R05;145.60;N;;SE005025;JERSEY 40/1 PIMA ORGANICO - PPT;0;0.00;NORMAL;INTRATESA S.A.C.;;E-EN PRODUCCION;N;0.00;0;0;0;0;00:00;00:00;28;NO TIENE RECETA;;FALSO;0.00;0.00;;LHERNANDEZ
22;VAPORIZADO / POLIMERIZADO;2.10;Y3803;ESVP-01;3/09/2026 16:49:11;3/09/2026 16:49:30;C00002;PREPARADO PARA ESTAMPAR;0.00;;R05;32.45;N;;SE005025;JERSEY 40/1 PIMA ORGANICO - PPT;0;0.00;NORMAL;INTRATESA S.A.C.;;P-PROGRAMADA;N;0.00;0;0;0;0;00:00;00:00;28;NO TIENE RECETA;;FALSO;0.00;0.00;;LHERNANDEZ
22;VAPORIZADO / POLIMERIZADO;2.10;Y3873;ESVP-01;4/09/2026 10:36:35;4/09/2026 10:36:45;C00002;PREPARADO PARA ESTAMPAR;0.00;;R05;364.00;N;;SE004868;JERSEY FULL SPANDEX 30/1 PIMA ORGANICO - MODAL 50/;0;0.00;NORMAL;INTRATESA S.A.C.;;E-EN PRODUCCION;N;0.00;0;0;0;0;00:00;00:00;28;NO TIENE RECETA;;FALSO;0.00;0.00;;LHERNANDEZ
22;VAPORIZADO / POLIMERIZADO;2.10;Y3811;ESVP-01;4/09/2026 15:36:04;4/09/2026 15:36:15;C00002;PREPARADO PARA ESTAMPAR;0.00;;R05;226.20;N;;SE005026;JERSEY FULL SPANDEX 30/1 PIMA - MODAL 50/50 - COLO;0;0.00;NORMAL;INTRATESA S.A.C.;;P-PROGRAMADA;N;0.00;0;0;0;0;00:00;00:00;28;NO TIENE RECETA;;FALSO;0.00;0.00;;LHERNANDEZ
22;VAPORIZADO / POLIMERIZADO;2.10;Y3810;ESVP-01;4/09/2026 16:05:19;4/09/2026 16:05:28;C00002;PREPARADO PARA ESTAMPAR;0.00;;R05;168.00;N;;SE005026;JERSEY FULL SPANDEX 30/1 PIMA - MODAL 50/50 - COLO;0;0.00;NORMAL;INTRATESA S.A.C.;;P-PROGRAMADA;N;0.00;0;0;0;0;00:00;00:00;28;NO TIENE RECETA;;FALSO;0.00;0.00;;LHERNANDEZ
22;VAPORIZADO / POLIMERIZADO;2.10;Y3809;ESVP-01;4/09/2026 16:33:28;4/09/2026 16:33:37;C00002;PREPARADO PARA ESTAMPAR;0.00;;R05;223.55;N;;SE005026;JERSEY FULL SPANDEX 30/1 PIMA - MODAL 50/50 - COLO;0;0.00;NORMAL;INTRATESA S.A.C.;;P-PROGRAMADA;N;0.00;0;0;0;0;00:00;00:00;28;NO TIENE RECETA;;FALSO;0.00;0.00;;LHERNANDEZ
28;EMBOBINADO;6.00;Y1173;RAM-02;2/09/2026 02:55:25;2/09/2026 04:36:06;931CAV;COCONUT W/TIOTAN LILLY PULITZER 17680 R26;345.54;;R05;345.54;N;;JE005354;JERSEY SOLIDO PRINTED/PPEFCOBREACTIVO/30/1PP/165 A/W CLAROS;17;1.68;NORMAL;LILLY PULITZER;LLP-751A;T-EN ALMACEN TENIDO;N;101.00;1;41;0;0;01:41;00:00;1;8.000;;FALSO;0.00;2.90;I8615;RCASAN
25;SANFORIZADO;5.00;Y4959;COM-01;28/08/2026 16:54:19;28/08/2026 21:52:37;532483;UVA 18-1027TCX  TEXT HEAWOOK 8851;446.40;;R05;446.40;N;;SE005035;INTERLOCK 50/1 PEINADO;21;4.97;NORMAL;THT EXPORT SAC;;D-DESPACHADA;N;298.00;4;58;0;0;04:58;00:00;44;6.000;;FALSO;0.00;0.00;;GARBUWU
25;SANFORIZADO;6.00;Y4720;COM-01;29/08/2026 02:37:08;29/08/2026 02:37:20;111B6N;WHITE  ROLLER RABBIT 1722;21.46;;R05;21.46;N;;RI002964;RIB 1X1 40/1 PP - COMPLEMENTO;6;0.00;NORMAL;ROLLER RABBIT;RRT-011L;T-EN ALMACEN TENIDO;N;0.00;0;0;0;0;00:00;00:00;44;8.000;JA PA48;FALSO;0.00;3.42;I9364;GARBUWU
25;SANFORIZADO;8.00;Y4719;COM-01;29/08/2026 03:07:18;29/08/2026 03:07:29;111B6N;WHITE  ROLLER RABBIT 1722;15.10;;R05;15.10;N;;IN000232;INTERLOCK SOLIDO 50/1 PP - COMPLEMENTO;5;0.00;NORMAL;ROLLER RABBIT;RRT-011L;T-EN ALMACEN TENIDO;N;0.00;0;0;0;0;00:00;00:00;44;8.000;JA PIP-27;FALSO;0.00;3.62;I9364;GARBUWU
25;SANFORIZADO;11.00;Y3318;COM-01;29/08/2026 03:07:39;29/08/2026 06:38:24;171168;OPTIC WHITE TRAVIS MATHEW 17469 SS27;633.90;;R05;633.90;N;;PI000326;FALSO PIQUE C/SPANDEX ESTAMP SUBLIMADO C/CLAROS - 75/72 POLY + 40/1 PP/POLY + 20D SPANDEX;33;3.52;NORMAL;TRAVIS MATHEW;TMW-2304;D-DESPACHADA;N;211.00;3;31;0;0;03:31;00:00;44;10.000;PA54 GPB1;FALSO;0.00;0.00;I8819;GARBUWU
25;SANFORIZADO;11.00;Y4015;COM-01;29/08/2026 06:38:33;29/08/2026 09:27:04;171168;OPTIC WHITE TRAVIS MATHEW 17469 SS27;313.09;;R05;313.09;N;;PI000326;FALSO PIQUE C/SPANDEX ESTAMP SUBLIMADO C/CLAROS - 75/72 POLY + 40/1 PP/POLY + 20D SPANDEX;16;2.82;NORMAL;TRAVIS MATHEW;TMW-2304;D-DESPACHADA;N;169.00;2;49;0;0;02:49;00:00;44;10.000;PA54 GPB1;FALSO;0.00;0.00;I8819;GARBUWU
25;SANFORIZADO;3.10;Y4140;COM-01;29/08/2026 09:00:28;29/08/2026 09:30:25;633DNT;NAUTI-DISCHARGE  BILLY DRADY  17814 F27;50.88;;R05;50.88;N;;DE010437;MUESTRA FISICA ENTREGADA - DESARROLLAR TAL CUAL LA TELA ENTREGADA;4;0.50;NORMAL;HIALPESA;;E-EN PRODUCCION;N;30.00;0;30;0;0;00:30;00:00;44;11.000;;FALSO;0.00;0.00;;RSIERRA
25;SANFORIZADO;6.10;Y4028;COM-01;29/08/2026 10:00:25;29/08/2026 10:30:07;633DNT;NAUTI-DISCHARGE  BILLY DRADY  17814 F27;51.54;;R05;51.54;N;;DE010437;MUESTRA FISICA ENTREGADA - DESARROLLAR TAL CUAL LA TELA ENTREGADA;4;0.50;NORMAL;HIALPESA;;E-EN PRODUCCION;N;30.00;0;30;0;0;00:30;00:00;44;11.000;JA PIP-27;FALSO;0.00;0.00;;RSIERRA
25;SANFORIZADO;8.00;Y4366;COM-01;29/08/2026 10:35:38;29/08/2026 10:36:39;111BB8;WHITE PANTONE 11-0601 FAHERTY 17789 SP27;28.00;;R05;28.00;N;;DE009841;JERSEY 40/1 PIMA PEINA;2;0.02;NORMAL;HIALPESA;;D-DESPACHADA;N;1.00;0;1;0;0;00:01;00:00;44;10.000;JA PA51;FALSO;0.00;0.00;;GARBUWU
25;SANFORIZADO;11.00;Y4017;COM-01;29/08/2026 10:38:11;29/08/2026 10:59:28;6739BN;TOTAL ECLIPSE TRAVIS MATHEW 17469 SS27;587.48;;R05;587.48;N;;PI000330;FALSO PIQUE C/SPANDEX ESTAMP SUBLIMADO C/OSCUROS- 75/72 POLY + 40/1 PP/POLY + 20D SPANDEX;30;0.35;NORMAL;TRAVIS MATHEW;TMW-2310;D-DESPACHADA;N;21.00;0;21;0;0;00:21;00:00;44;9.000;TPA13 GPB1;FALSO;0.00;0.00;I8817;GARBUWU
25;SANFORIZADO;11.00;Y4036;COM-01;31/08/2026 08:45:34;31/08/2026 13:13:11;171168;OPTIC WHITE TRAVIS MATHEW 17469 SS27;339.08;;R05;339.08;N;;PI000326;FALSO PIQUE C/SPANDEX ESTAMP SUBLIMADO C/CLAROS - 75/72 POLY + 40/1 PP/POLY + 20D SPANDEX;17;4.47;NORMAL;TRAVIS MATHEW;TMW-2304;T-EN ALMACEN TENIDO;N;268.00;4;28;0;0;04:28;00:00;44;10.000;PA54 GPB1;FALSO;0.00;0.00;I8815;GARBUWU
25;SANFORIZADO;11.00;Y3305;COM-01;31/08/2026 13:13:23;31/08/2026 17:15:27;6739BN;TOTAL ECLIPSE TRAVIS MATHEW 17469 SS27;604.10;;R05;604.10;N;;PI000330;FALSO PIQUE C/SPANDEX ESTAMP SUBLIMADO C/OSCUROS- 75/72 POLY + 40/1 PP/POLY + 20D SPANDEX;30;4.03;NORMAL;TRAVIS MATHEW;TMW-2310;T-EN ALMACEN TENIDO;N;242.00;4;2;0;0;04:02;00:00;44;9.000;TPA13 GPB1;FALSO;0.00;0.00;I8823;GARBUWU
25;SANFORIZADO;11.00;Y4016;COM-01;31/08/2026 17:33:18;31/08/2026 17:53:43;171168;OPTIC WHITE TRAVIS MATHEW 17469 SS27;317.88;;R05;317.88;N;;PI000326;FALSO PIQUE C/SPANDEX ESTAMP SUBLIMADO C/CLAROS - 75/72 POLY + 40/1 PP/POLY + 20D SPANDEX;16;0.33;NORMAL;TRAVIS MATHEW;TMW-2304;T-EN ALMACEN TENIDO;N;20.00;0;20;0;0;00:20;00:00;44;10.000;PA54 GPB1;FALSO;0.00;0.00;I8819;GARBUWU
25;SANFORIZADO;11.00;Y4034;COM-01;31/08/2026 17:53:43;31/08/2026 17:54:18;171168;OPTIC WHITE TRAVIS MATHEW 17469 SS27;183.32;;R05;183.32;N;;PI000326;FALSO PIQUE C/SPANDEX ESTAMP SUBLIMADO C/CLAROS - 75/72 POLY + 40/1 PP/POLY + 20D SPANDEX;9;0.02;NORMAL;TRAVIS MATHEW;TMW-2304;T-EN ALMACEN TENIDO;N;1.00;0;1;0;0;00:01;00:00;44;10.000;PA54 GPB1;FALSO;0.00;0.00;I8820;CACHILUI
25;SANFORIZADO;8.00;Y3760;COM-01;1/09/2026 00:02:39;1/09/2026 00:02:58;633DBO;DELFT  ROLLER RABBIT 17225 HOLLIDAY25;52.18;;R05;52.18;N;;IN000232;INTERLOCK SOLIDO 50/1 PP - COMPLEMENTO;3;0.00;NORMAL;ROLLER RABBIT;RRT-012D;E-EN PRODUCCION;N;0.00;0;0;0;0;00:00;00:00;44;10.000;JA PIP-27;FALSO;0.00;3.62;I9650;GARBUWU
25;SANFORIZADO;8.00;Y3754;COM-01;1/09/2026 00:02:58;1/09/2026 00:03:18;633DBN;TRUE BLUE  (HEARTS BL)  ROLLER RABBIT 17225;107.32;;R05;107.32;N;;IN000232;INTERLOCK SOLIDO 50/1 PP - COMPLEMENTO;6;0.02;NORMAL;ROLLER RABBIT;RRT-012B;E-EN PRODUCCION;N;1.00;0;1;0;0;00:01;00:00;44;10.000;JA PIP-27;FALSO;0.00;3.62;I9636;GARBUWU
25;SANFORIZADO;8.00;Y5178;COM-01;1/09/2026 00:03:18;1/09/2026 00:03:35;631AX9;SPLISH SPLASH 16-4520 TCX ROLLER 17225;93.04;;R05;93.04;N;;IN000232;INTERLOCK SOLIDO 50/1 PP - COMPLEMENTO;5;0.00;NORMAL;ROLLER RABBIT;RRT-012G;E-EN PRODUCCION;N;0.00;0;0;0;0;00:00;00:00;44;9.000;02P-26;FALSO;0.00;3.62;J1553;GARBUWU
25;SANFORIZADO;8.00;Y3752;COM-01;1/09/2026 00:03:35;1/09/2026 00:03:52;631AY9;LITTLE BOY BLUE_HATHI HEARTS PINK ROLLER 17225;51.98;;R05;51.98;N;;IN000232;INTERLOCK SOLIDO 50/1 PP - COMPLEMENTO;3;0.00;NORMAL;ROLLER RABBIT;RRT-012A;E-EN PRODUCCION;N;0.00;0;0;0;0;00:00;00:00;44;10.000;;FALSO;0.00;3.62;I9626;GARBUWU
25;SANFORIZADO;8.00;Y3749;COM-01;1/09/2026 00:03:52;1/09/2026 00:04:10;633DBM;NAVY PEONY (HAITI B) ROLLER RABBIT 17225 HOLLIDAY2;10.34;;R05;10.34;N;;IN000232;INTERLOCK SOLIDO 50/1 PP - COMPLEMENTO;1;0.02;NORMAL;ROLLER RABBIT;RRT-011P;E-EN PRODUCCION;N;1.00;0;1;0;0;00:01;00:00;44;20.000;;FALSO;0.00;3.62;I9622;GARBUWU
25;SANFORIZADO;5.00;Y4957;COM-01;1/09/2026 01:30:43;1/09/2026 04:04:51;9339O1;MARROM JAVA 19-1016 TCX  TEXT HEAWOOK 8851;471.45;;R05;471.45;N;;SE005035;INTERLOCK 50/1 PEINADO;22;2.57;NORMAL;THT EXPORT SAC;;D-DESPACHADA;N;154.00;2;34;0;0;02:34;00:00;44;6.000;;FALSO;0.00;0.00;;GARBUWU
25;SANFORIZADO;5.00;Y4031;COM-01;1/09/2026 04:04:51;1/09/2026 08:04:34;9339I2;FRIAR BOWN 19-1230TPX TEXT HEAWOOK 8393;412.50;;R05;412.50;N;;SE004885;INTERLOCK 50/1 PEINADO 100% COTTON;19;4.00;NORMAL;THT EXPORT SAC;;D-DESPACHADA;N;240.00;4;0;0;0;04:00;00:00;44;6.000;;FALSO;0.00;0.00;;GARBUWU
25;SANFORIZADO;9.00;Y3757;COM-01;1/09/2026 08:04:34;1/09/2026 11:08:59;111B6N;WHITE  ROLLER RABBIT 1722;520.36;;R05;520.36;N;;IN000229;INTERLOCK ESTAMPADO PIGMENTO FULL COBERTURA 50/1 NE;25;3.07;NORMAL;ROLLER RABBIT;RRT-012B;T-EN ALMACEN TENIDO;N;184.00;3;4;0;0;03:04;00:00;44;8.000;JA PIP-27;FALSO;0.00;2.25;I9637;GARBUWU
25;SANFORIZADO;9.00;Y4603;COM-01;1/09/2026 14:54:57;1/09/2026 14:55:21;6329W4;BLUE SWEEP 18-3936 TCX  NORDSTROM 18039 F27;12.86;;R05;12.86;N;;JE005459;JERSEY 20/1 PP OSCUROS B/W;2;0.02;NORMAL;HIALPESA;;D-DESPACHADA;N;1.00;0;1;0;0;00:01;00:00;44;12.000;;FALSO;0.00;0.00;;GARBUWU
25;SANFORIZADO;9.00;Y4604;COM-01;1/09/2026 14:55:21;1/09/2026 14:55:53;7329XY;GREEN CITY 19-0404 TCX   NORDSTROM 18039 F27;12.84;;R05;12.84;N;;JE005459;JERSEY 20/1 PP OSCUROS B/W;1;0.00;NORMAL;HIALPESA;;D-DESPACHADA;N;0.00;0;0;0;0;00:00;00:00;44;10.000;;FALSO;0.00;0.00;;GARBUWU
25;SANFORIZADO;9.00;Y4606;COM-01;1/09/2026 15:01:29;1/09/2026 15:02:08;9339P7;RUST SEQUOIA 19-1333 TCX  NORDSTROM 18039 F27;12.34;;R05;12.34;N;;JE005459;JERSEY 20/1 PP OSCUROS B/W;1;0.02;NORMAL;HIALPESA;;D-DESPACHADA;N;1.00;0;1;0;0;00:01;00:00;44;8.000;;FALSO;0.00;0.00;;GARBUWU
25;SANFORIZADO;9.00;Y4996;COM-01;1/09/2026 15:01:48;1/09/2026 15:02:08;9339P7;RUST SEQUOIA 19-1333 TCX  NORDSTROM 18039 F27;5.16;;R05;5.16;N;;RI003120;RIB 1X1 20/1 PP - COMPL B/W;1;0.02;NORMAL;HIALPESA;;D-DESPACHADA;N;1.00;0;1;0;0;00:01;00:00;44;8.000;;FALSO;0.00;0.00;;GARBUWU
25;SANFORIZADO;9.00;Y4602;COM-01;1/09/2026 15:02:08;1/09/2026 15:14:05;N319NW;BEIGE SILVER 14-4501 TCX  NORDSTROM 18039 F27;12.48;;R05;12.48;N;;JE005460;JERSEY 20/1 PP CLAROS B/W;1;0.20;NORMAL;HIALPESA;;D-DESPACHADA;N;12.00;0;12;0;0;00:12;00:00;44;10.000;JA PA50;FALSO;0.00;0.00;;GARBUWU
25;SANFORIZADO;9.00;Y5002;COM-01;1/09/2026 15:02:29;1/09/2026 15:14:05;N319NW;BEIGE SILVER 14-4501 TCX  NORDSTROM 18039 F27;5.16;;R05;5.16;N;;RI003120;RIB 1X1 20/1 PP - COMPL B/W;1;0.20;NORMAL;HIALPESA;;D-DESPACHADA;N;12.00;0;12;0;0;00:12;00:00;44;10.000;;FALSO;0.00;0.00;;GARBUWU
25;SANFORIZADO;7.00;Y1824;COM-01;1/09/2026 15:14:05;1/09/2026 15:14:15;931CGT;OPTIC WHITE VINCE MENS 17927 PREFALL27;20.78;;R05;20.78;N;;DE010404;MERCERIZED JERSEY 100% SUPIMA COTTON 150GSM;1;0.00;NORMAL;VINCE;M0000550;D-DESPACHADA;N;0.00;0;0;0;0;00:00;00:00;44;10.000;;FALSO;0.00;4.67;O8480;GARBUWU
25;SANFORIZADO;7.00;Y4826;COM-01;1/09/2026 15:14:31;1/09/2026 15:14:42;631B0X;VENICE CANAL VINCE MENS 17927 PREFALL27;23.36;;R05;23.36;N;;DE010404;MERCERIZED JERSEY 100% SUPIMA COTTON 150GSM;2;0.00;NORMAL;VINCE;M0000550;D-DESPACHADA;N;0.00;0;0;0;0;00:00;00:00;44;10.000;;FALSO;0.00;4.67;O8957;GARBUWU
25;SANFORIZADO;7.00;Y2161;COM-01;1/09/2026 15:14:58;1/09/2026 15:15:12;733BQZ;MEDITERRANEAN SEA VINCE MENS 17924 PREFALL27;5.29;;R05;5.29;N;;DE010404;MERCERIZED JERSEY 100% SUPIMA COTTON 150GSM;1;0.02;NORMAL;VINCE;M0000550;D-DESPACHADA;N;1.00;0;1;0;0;00:01;00:00;44;10.000;JA PA53;FALSO;0.00;4.67;O8479;GARBUWU
25;SANFORIZADO;7.00;Y2047;COM-01;1/09/2026 15:15:27;1/09/2026 15:15:40;733BQZ;MEDITERRANEAN SEA VINCE MENS 17924 PREFALL27;20.50;;R05;20.50;N;;DE010404;MERCERIZED JERSEY 100% SUPIMA COTTON 150GSM;1;0.00;NORMAL;VINCE;M0000550;D-DESPACHADA;N;0.00;0;0;0;0;00:00;00:00;44;10.000;;FALSO;0.00;4.67;O8479;GARBUWU
25;SANFORIZADO;7.00;Y2160;COM-01;1/09/2026 15:15:55;1/09/2026 15:40:31;433BLH;PORT WINE VINCE MENS 17927 PREFALL27;5.29;;R05;5.29;N;;DE010404;MERCERIZED JERSEY 100% SUPIMA COTTON 150GSM;1;0.42;NORMAL;VINCE;M0000550;D-DESPACHADA;N;25.00;0;25;0;0;00:25;00:00;44;10.000;JA PA53;FALSO;0.00;4.67;O8479;GARBUWU
25;SANFORIZADO;7.00;Y4526;COM-01;1/09/2026 18:41:22;1/09/2026 18:41:38;631AZP;VISTA BLUE VINCE WOMENS 17842 SPRING27;499.80;;R05;455.22;N;;IN000242;INTERLOCK SOLIDO / 50/1PP / 185BW / CLAROS;23;0.00;NORMAL;VINCE WOMENS;VCW-663;E-EN PRODUCCION;N;0.00;0;0;0;0;00:00;00:00;44;6.000;02P-26;FALSO;0.00;3.82;I8967;MOPRACES
25;SANFORIZADO;7.00;Y4531;COM-01;1/09/2026 20:45:11;1/09/2026 23:18:43;7319UV;PALE BAY VINCE WOMENS 17842 SPRING27;350.98;;R05;314.54;N;;IN000242;INTERLOCK SOLIDO / 50/1PP / 185BW / CLAROS;16;2.55;NORMAL;VINCE WOMENS;VCW-663;E-EN PRODUCCION;N;153.00;2;33;0;0;02:33;00:00;44;7.000;02P-26;FALSO;0.00;3.82;I8967;MOPRACES
25;SANFORIZADO;7.00;Y5221;COM-01;2/09/2026 02:18:53;2/09/2026 08:09:58;L00BDC;OFF WHITE/PALE BAY VINCE WOMENS 17854 SP27;313.70;;R05;313.70;N;;IN000249;INTERLOCK FEEDSTRIPE / 50/1PP/ 185BW;14;5.85;NORMAL;VINCE WOMENS;VCW-664;E-EN PRODUCCION;N;351.00;5;51;0;0;05:51;00:00;44;10.000;46607;FALSO;0.00;0.00;I8974;MOPRACES
25;SANFORIZADO;5.00;Y4769;COM-01;2/09/2026 08:09:59;2/09/2026 11:05:42;931CFN;CARAMELO 16-1336TCX   TEXT HEAWOOK 8851;593.00;;R05;593.00;N;;SE005035;INTERLOCK 50/1 PEINADO;28;2.93;NORMAL;THT EXPORT SAC;;D-DESPACHADA;N;176.00;2;56;0;0;02:56;00:00;44;9.000;;FALSO;0.00;0.00;;MOPRACES
25;SANFORIZADO;9.00;Y3755;COM-01;2/09/2026 12:31:49;2/09/2026 14:49:39;111B6N;WHITE  ROLLER RABBIT 1722;488.52;;R05;488.52;N;;IN000229;INTERLOCK ESTAMPADO PIGMENTO FULL COBERTURA 50/1 NE;24;2.30;NORMAL;ROLLER RABBIT;RRT-012B;T-EN ALMACEN TENIDO;N;138.00;2;18;0;0;02:18;00:00;44;8.000;JA PIP-27;FALSO;0.00;3.32;I9636;MOPRACES
25;SANFORIZADO;9.00;Y4756;COM-01;2/09/2026 14:49:57;2/09/2026 16:28:15;111B6N;WHITE  ROLLER RABBIT 1722;413.78;;R05;413.78;N;;IN000229;INTERLOCK ESTAMPADO PIGMENTO FULL COBERTURA 50/1 NE;21;1.65;NORMAL;ROLLER RABBIT;RRT-012B;T-EN ALMACEN TENIDO;N;99.00;1;39;0;0;01:39;00:00;44;8.000;JA PIP-27;FALSO;0.00;3.32;I9639;MOPRACES
25;SANFORIZADO;11.00;Y3308;COM-01;3/09/2026 04:34:04;3/09/2026 08:48:57;171168;OPTIC WHITE TRAVIS MATHEW 17469 SS27;636.67;;R05;636.67;N;;PI000326;FALSO PIQUE C/SPANDEX ESTAMP SUBLIMADO C/CLAROS - 75/72 POLY + 40/1 PP/POLY + 20D SPANDEX;32;4.23;NORMAL;TRAVIS MATHEW;TMW-2304;T-EN ALMACEN TENIDO;N;254.00;4;14;0;0;04:14;00:00;44;10.000;PIP27 GPB1;FALSO;0.00;0.00;I8824;MOPRACES
25;SANFORIZADO;7.00;Y5790;COM-01;4/09/2026 09:01:20;4/09/2026 13:20:04;111B92;OPTIC WHITE   VINCE WOMENS 17401 PREFALL26;509.89;;R05;468.43;N;;IN000242;INTERLOCK SOLIDO / 50/1PP / 185BW / CLAROS;23;4.32;NORMAL;VINCE WOMENS;VCW-672;E-EN PRODUCCION;N;259.00;4;19;0;0;04:19;00:00;44;8.000;02P-26;FALSO;0.00;3.82;I9330;LIFEFRANK
25;SANFORIZADO;7.00;Y5874;COM-01;4/09/2026 14:00:17;4/09/2026 15:00:23;633DNT;NAUTI-DISCHARGE  BILLY DRADY  17814 F27;31.72;;R05;31.72;N;;DE010437;MUESTRA FISICA ENTREGADA - DESARROLLAR TAL CUAL LA TELA ENTREGADA;2;1.00;NORMAL;HIALPESA;;E-EN PRODUCCION;N;60.00;1;0;0;0;01:00;00:00;44;11.000;;FALSO;0.00;0.00;;LMORAN
25;SANFORIZADO;6.00;Y5729;COM-01;4/09/2026 14:05:35;4/09/2026 17:05:45;B00004;BLANQUEO PARA PIGMENTAR;35.03;;R05;35.03;N;;DE010479;SOJOURN - 100% REGENERATIVE ORGANIC CERTIFIED PIMA COTTON;1;3.00;NORMAL;HIALPESA;;E-EN PRODUCCION;N;180.00;3;0;0;0;03:00;00:00;44;10.000;JA PA48;FALSO;0.00;0.00;;LMORAN
25;SANFORIZADO;8.00;Y5472;COM-01;4/09/2026 16:54:38;4/09/2026 16:55:55;633DSD;NAVY(IGUAL AL COD.633DNI DE LA CARTA 17840 FORTY S;10.03;;R05;10.03;N;;DE010417;JERSEY 24/1 100% COTTON;1;0.02;NORMAL;HIALPESA;;E-EN PRODUCCION;N;1.00;0;1;0;0;00:01;00:00;44;20.000;JA AU106;FALSO;0.00;0.00;;LMORAN
25;SANFORIZADO;8.00;Y5474;COM-01;4/09/2026 16:56:55;4/09/2026 16:58:00;111BDF;WHITE FORTY SEVEN  18095;10.60;;R05;10.60;N;;DE010417;JERSEY 24/1 100% COTTON;1;0.03;NORMAL;HIALPESA;;E-EN PRODUCCION;N;2.00;0;2;0;0;00:02;00:00;44;20.000;;FALSO;0.00;0.00;;LMORAN
26;ESTAMPADO;2.00;Y5126;ESTT-01;31/08/2026 10:12:03;31/08/2026 10:12:16;C00002;PREPARADO PARA ESTAMPAR;0.00;;R05;264.30;N;;SE004870;RIB 1X1 30/1 ORGANICA 100% PIMA COTTON;0;0.00;NORMAL;PERUVIAN FIT S.A.C.;;E-EN PRODUCCION;N;0.00;0;0;0;0;00:00;00:00;50;NO TIENE RECETA;;FALSO;0.00;0.00;;LHERNANDEZ
26;ESTAMPADO;3.00;Y5126;ESTT-01;31/08/2026 10:12:49;31/08/2026 10:13:01;C00002;PREPARADO PARA ESTAMPAR;0.00;;R05;264.30;N;;SE004870;RIB 1X1 30/1 ORGANICA 100% PIMA COTTON;0;0.02;NORMAL;PERUVIAN FIT S.A.C.;;E-EN PRODUCCION;N;1.00;0;1;0;0;00:01;00:00;50;NO TIENE RECETA;;FALSO;0.00;0.00;;LHERNANDEZ
26;ESTAMPADO;8.00;Y3757;ESTT-01;31/08/2026 16:13:57;31/08/2026 16:14:06;111B6N;WHITE  ROLLER RABBIT 1722;520.36;;R05;520.36;N;;IN000229;INTERLOCK ESTAMPADO PIGMENTO FULL COBERTURA 50/1 NE;25;0.02;NORMAL;ROLLER RABBIT;RRT-012B;T-EN ALMACEN TENIDO;N;1.00;0;1;0;0;00:01;00:00;50;8.000;JA PIP-27;FALSO;0.00;2.25;I9637;LHERNANDEZ
26;ESTAMPADO;2.00;Y3864;ESTT-01;31/08/2026 18:40:26;31/08/2026 18:40:34;C00002;PREPARADO PARA ESTAMPAR;0.00;;R05;224.05;N;;SE004868;JERSEY FULL SPANDEX 30/1 PIMA ORGANICO - MODAL 50/;0;0.00;NORMAL;INTRATESA S.A.C.;;E-EN PRODUCCION;N;0.00;0;0;0;0;00:00;00:00;50;NO TIENE RECETA;;FALSO;0.00;0.00;;LHERNANDEZ
26;ESTAMPADO;3.00;Y3864;ESTT-01;31/08/2026 18:41:07;31/08/2026 18:41:15;C00002;PREPARADO PARA ESTAMPAR;0.00;;R05;224.05;N;;SE004868;JERSEY FULL SPANDEX 30/1 PIMA ORGANICO - MODAL 50/;0;0.00;NORMAL;INTRATESA S.A.C.;;E-EN PRODUCCION;N;0.00;0;0;0;0;00:00;00:00;50;NO TIENE RECETA;;FALSO;0.00;0.00;;LHERNANDEZ
26;ESTAMPADO;2.00;Y3863;ESTT-01;31/08/2026 18:41:27;31/08/2026 18:41:27;C00002;PREPARADO PARA ESTAMPAR;0.00;;R05;104.30;N;;SE004868;JERSEY FULL SPANDEX 30/1 PIMA ORGANICO - MODAL 50/;0;0.00;NORMAL;INTRATESA S.A.C.;;E-EN PRODUCCION;N;0.00;0;0;0;0;00:00;00:00;50;NO TIENE RECETA;;FALSO;0.00;0.00;;LHERNANDEZ
26;ESTAMPADO;3.00;Y3863;ESTT-01;31/08/2026 18:42:04;31/08/2026 18:42:13;C00002;PREPARADO PARA ESTAMPAR;0.00;;R05;104.30;N;;SE004868;JERSEY FULL SPANDEX 30/1 PIMA ORGANICO - MODAL 50/;0;0.00;NORMAL;INTRATESA S.A.C.;;E-EN PRODUCCION;N;0.00;0;0;0;0;00:00;00:00;50;NO TIENE RECETA;;FALSO;0.00;0.00;;LHERNANDEZ
26;ESTAMPADO;8.00;Y3755;ESTT-01;1/09/2026 10:06:58;1/09/2026 10:07:07;111B6N;WHITE  ROLLER RABBIT 1722;488.52;;R05;488.52;N;;IN000229;INTERLOCK ESTAMPADO PIGMENTO FULL COBERTURA 50/1 NE;24;0.02;NORMAL;ROLLER RABBIT;RRT-012B;T-EN ALMACEN TENIDO;N;1.00;0;1;0;0;00:01;00:00;50;8.000;JA PIP-27;FALSO;0.00;3.32;I9636;LHERNANDEZ
26;ESTAMPADO;8.00;Y4756;ESTT-01;1/09/2026 10:07:42;1/09/2026 10:07:51;111B6N;WHITE  ROLLER RABBIT 1722;413.78;;R05;413.78;N;;IN000229;INTERLOCK ESTAMPADO PIGMENTO FULL COBERTURA 50/1 NE;21;0.00;NORMAL;ROLLER RABBIT;RRT-012B;T-EN ALMACEN TENIDO;N;0.00;0;0;0;0;00:00;00:00;50;8.000;JA PIP-27;FALSO;0.00;3.32;I9639;LHERNANDEZ
26;ESTAMPADO;8.10;Y3617;ESTT-01;1/09/2026 10:34:25;1/09/2026 10:34:34;111B9E;WHITE  PETIT HOURS 17576  PRESPRING26;83.38;;R05;83.38;N;;DE010165;JERSEY 44/1 ESTAMPADO;4;0.00;NORMAL;HIALPESA;;T-EN ALMACEN TENIDO;N;0.00;0;0;0;0;00:00;00:00;50;9.000;10165;FALSO;0.00;0.00;;LHERNANDEZ
26;ESTAMPADO;2.00;Y4945;ESTT-01;1/09/2026 11:24:09;1/09/2026 11:24:18;C00002;PREPARADO PARA ESTAMPAR;0.00;;R05;14.10;N;;SE004784;RIB 1X1 30/1 100% ORGANICO PIMA COTTON;0;0.00;NORMAL;PERUVIAN FIT S.A.C.;;E-EN PRODUCCION;N;0.00;0;0;0;0;00:00;00:00;50;NO TIENE RECETA;;FALSO;0.00;0.00;;LHERNANDEZ
26;ESTAMPADO;3.00;Y4945;ESTT-01;1/09/2026 11:24:50;1/09/2026 11:25:04;C00002;PREPARADO PARA ESTAMPAR;0.00;;R05;14.10;N;;SE004784;RIB 1X1 30/1 100% ORGANICO PIMA COTTON;0;0.02;NORMAL;PERUVIAN FIT S.A.C.;;E-EN PRODUCCION;N;1.00;0;1;0;0;00:01;00:00;50;NO TIENE RECETA;;FALSO;0.00;0.00;;LHERNANDEZ
26;ESTAMPADO;3.00;Y4325;ESTT-01;1/09/2026 11:26:00;1/09/2026 11:26:10;C00002;PREPARADO PARA ESTAMPAR;0.00;;R05;25.25;N;;SE005024;FRENCH TERRY 20/1 100% ALGODÓN ORGANIC;0;0.00;NORMAL;PERUVIAN FIT S.A.C.;;P-PROGRAMADA;N;0.00;0;0;0;0;00:00;00:00;50;NO TIENE RECETA;;FALSO;0.00;0.00;;LHERNANDEZ
26;ESTAMPADO;3.00;Y3833;ESTT-01;1/09/2026 13:59:41;1/09/2026 13:59:51;C00002;PREPARADO PARA ESTAMPAR;0.00;;R05;19.10;N;;SE004784;RIB 1X1 30/1 100% ORGANICO PIMA COTTON;0;0.00;NORMAL;PERUVIAN FIT S.A.C.;;P-PROGRAMADA;N;0.00;0;0;0;0;00:00;00:00;50;NO TIENE RECETA;;FALSO;0.00;0.00;;LHERNANDEZ
26;ESTAMPADO;2.00;Y5202;ESTT-01;1/09/2026 14:26:37;1/09/2026 14:26:46;C00002;PREPARADO PARA ESTAMPAR;0.00;;R05;14.10;N;;SE004784;RIB 1X1 30/1 100% ORGANICO PIMA COTTON;0;0.00;NORMAL;PERUVIAN FIT S.A.C.;;P-PROGRAMADA;N;0.00;0;0;0;0;00:00;00:00;50;NO TIENE RECETA;;FALSO;0.00;0.00;;LHERNANDEZ
26;ESTAMPADO;3.00;Y5202;ESTT-01;1/09/2026 14:27:18;1/09/2026 14:27:28;C00002;PREPARADO PARA ESTAMPAR;0.00;;R05;14.10;N;;SE004784;RIB 1X1 30/1 100% ORGANICO PIMA COTTON;0;0.00;NORMAL;PERUVIAN FIT S.A.C.;;P-PROGRAMADA;N;0.00;0;0;0;0;00:00;00:00;50;NO TIENE RECETA;;FALSO;0.00;0.00;;LHERNANDEZ
26;ESTAMPADO;2.00;Y4983;ESTT-01;1/09/2026 15:54:50;1/09/2026 15:55:19;C00002;PREPARADO PARA ESTAMPAR;0.00;;R05;18.50;N;;SE005045;INTERLOCK 50/ 1 PIMA PEINADO;0;0.02;NORMAL;ABUCORP PERU SAC.;;P-PROGRAMADA;N;1.00;0;1;0;0;00:01;00:00;50;NO TIENE RECETA;;FALSO;0.00;0.00;;LHERNANDEZ
26;ESTAMPADO;3.00;Y4983;ESTT-01;1/09/2026 15:57:14;1/09/2026 15:57:25;C00002;PREPARADO PARA ESTAMPAR;0.00;;R05;18.50;N;;SE005045;INTERLOCK 50/ 1 PIMA PEINADO;0;0.00;NORMAL;ABUCORP PERU SAC.;;P-PROGRAMADA;N;0.00;0;0;0;0;00:00;00:00;50;NO TIENE RECETA;;FALSO;0.00;0.00;;LHERNANDEZ
26;ESTAMPADO;2.00;Y5450;ESTT-01;1/09/2026 15:57:46;1/09/2026 15:57:56;C00002;PREPARADO PARA ESTAMPAR;0.00;;R05;18.05;N;;SE005045;INTERLOCK 50/ 1 PIMA PEINADO;0;0.00;NORMAL;ABUCORP PERU SAC.;;E-EN PRODUCCION;N;0.00;0;0;0;0;00:00;00:00;50;NO TIENE RECETA;;FALSO;0.00;0.00;;LHERNANDEZ
26;ESTAMPADO;3.00;Y5450;ESTT-01;1/09/2026 15:58:33;1/09/2026 15:58:43;C00002;PREPARADO PARA ESTAMPAR;0.00;;R05;18.05;N;;SE005045;INTERLOCK 50/ 1 PIMA PEINADO;0;0.00;NORMAL;ABUCORP PERU SAC.;;E-EN PRODUCCION;N;0.00;0;0;0;0;00:00;00:00;50;NO TIENE RECETA;;FALSO;0.00;0.00;;LHERNANDEZ
26;ESTAMPADO;2.00;Y4942;ESTT-01;1/09/2026 15:59:16;1/09/2026 15:59:42;C00002;PREPARADO PARA ESTAMPAR;0.00;;R05;158.80;N;;SE005044;FRENCH TERRY 30/1 PIMA PEINADO C/LYCRA;0;0.00;NORMAL;ABUCORP PERU SAC.;;E-EN PRODUCCION;N;0.00;0;0;0;0;00:00;00:00;50;NO TIENE RECETA;;FALSO;0.00;0.00;;LHERNANDEZ
26;ESTAMPADO;3.00;Y4942;ESTT-01;1/09/2026 16:00:28;1/09/2026 16:00:39;C00002;PREPARADO PARA ESTAMPAR;0.00;;R05;158.80;N;;SE005044;FRENCH TERRY 30/1 PIMA PEINADO C/LYCRA;0;0.00;NORMAL;ABUCORP PERU SAC.;;E-EN PRODUCCION;N;0.00;0;0;0;0;00:00;00:00;50;NO TIENE RECETA;;FALSO;0.00;0.00;;LHERNANDEZ
26;ESTAMPADO;2.00;Y4944;ESTT-01;1/09/2026 16:03:40;1/09/2026 16:04:24;C00002;PREPARADO PARA ESTAMPAR;0.00;;R05;17.10;N;;SE004784;RIB 1X1 30/1 100% ORGANICO PIMA COTTON;0;0.02;NORMAL;PERUVIAN FIT S.A.C.;;P-PROGRAMADA;N;1.00;0;1;0;0;00:01;00:00;50;NO TIENE RECETA;;FALSO;0.00;0.00;;LHERNANDEZ
26;ESTAMPADO;3.00;Y4944;ESTT-01;1/09/2026 16:05:01;1/09/2026 16:05:11;C00002;PREPARADO PARA ESTAMPAR;0.00;;R05;17.10;N;;SE004784;RIB 1X1 30/1 100% ORGANICO PIMA COTTON;0;0.00;NORMAL;PERUVIAN FIT S.A.C.;;P-PROGRAMADA;N;0.00;0;0;0;0;00:00;00:00;50;NO TIENE RECETA;;FALSO;0.00;0.00;;LHERNANDEZ
26;ESTAMPADO;2.00;Y5203;ESTT-01;1/09/2026 16:05:42;1/09/2026 16:05:52;C00002;PREPARADO PARA ESTAMPAR;0.00;;R05;14.10;N;;SE004784;RIB 1X1 30/1 100% ORGANICO PIMA COTTON;0;0.00;NORMAL;PERUVIAN FIT S.A.C.;;P-PROGRAMADA;N;0.00;0;0;0;0;00:00;00:00;50;NO TIENE RECETA;;FALSO;0.00;0.00;;LHERNANDEZ
26;ESTAMPADO;3.00;Y5203;ESTT-01;1/09/2026 16:06:18;1/09/2026 16:06:30;C00002;PREPARADO PARA ESTAMPAR;0.00;;R05;14.10;N;;SE004784;RIB 1X1 30/1 100% ORGANICO PIMA COTTON;0;0.00;NORMAL;PERUVIAN FIT S.A.C.;;P-PROGRAMADA;N;0.00;0;0;0;0;00:00;00:00;50;NO TIENE RECETA;;FALSO;0.00;0.00;;LHERNANDEZ
26;ESTAMPADO;2.00;Y4325;ESTT-01;1/09/2026 16:16:07;1/09/2026 16:16:25;C00002;PREPARADO PARA ESTAMPAR;0.00;;R05;25.25;N;;SE005024;FRENCH TERRY 20/1 100% ALGODÓN ORGANIC;0;0.00;NORMAL;PERUVIAN FIT S.A.C.;;P-PROGRAMADA;N;0.00;0;0;0;0;00:00;00:00;50;NO TIENE RECETA;;FALSO;0.00;0.00;;IZALANDRE
26;ESTAMPADO;2.00;Y3833;ESTT-01;1/09/2026 16:18:37;1/09/2026 16:18:51;C00002;PREPARADO PARA ESTAMPAR;0.00;;R05;19.10;N;;SE004784;RIB 1X1 30/1 100% ORGANICO PIMA COTTON;0;0.00;NORMAL;PERUVIAN FIT S.A.C.;;P-PROGRAMADA;N;0.00;0;0;0;0;00:00;00:00;50;NO TIENE RECETA;;FALSO;0.00;0.00;;IZALANDRE
26;ESTAMPADO;2.00;Y4479;ESTT-01;2/09/2026 16:24:03;2/09/2026 16:24:13;C00002;PREPARADO PARA ESTAMPAR;0.00;;R05;172.70;N;;SE005010;HEAVY JERSEY 10/1 100% ORGANICO PIMA COTTONS;0;0.00;NORMAL;PERUVIAN FIT S.A.C.;;P-PROGRAMADA;N;0.00;0;0;0;0;00:00;00:00;50;NO TIENE RECETA;;FALSO;0.00;0.00;;LHERNANDEZ
26;ESTAMPADO;3.00;Y4479;ESTT-01;2/09/2026 16:24:47;2/09/2026 16:24:56;C00002;PREPARADO PARA ESTAMPAR;0.00;;R05;172.70;N;;SE005010;HEAVY JERSEY 10/1 100% ORGANICO PIMA COTTONS;0;0.00;NORMAL;PERUVIAN FIT S.A.C.;;P-PROGRAMADA;N;0.00;0;0;0;0;00:00;00:00;50;NO TIENE RECETA;;FALSO;0.00;0.00;;LHERNANDEZ
26;ESTAMPADO;2.00;Y5201;ESTT-01;2/09/2026 16:25:11;2/09/2026 16:25:20;C00002;PREPARADO PARA ESTAMPAR;0.00;;R05;365.30;N;;SE004870;RIB 1X1 30/1 ORGANICA 100% PIMA COTTON;0;0.00;NORMAL;PERUVIAN FIT S.A.C.;;E-EN PRODUCCION;N;0.00;0;0;0;0;00:00;00:00;50;NO TIENE RECETA;;FALSO;0.00;0.00;;LHERNANDEZ
26;ESTAMPADO;3.00;Y5201;ESTT-01;2/09/2026 16:25:58;2/09/2026 16:26:08;C00002;PREPARADO PARA ESTAMPAR;0.00;;R05;365.30;N;;SE004870;RIB 1X1 30/1 ORGANICA 100% PIMA COTTON;0;0.02;NORMAL;PERUVIAN FIT S.A.C.;;E-EN PRODUCCION;N;1.00;0;1;0;0;00:01;00:00;50;NO TIENE RECETA;;FALSO;0.00;0.00;;LHERNANDEZ
26;ESTAMPADO;2.00;Y4943;ESTT-01;2/09/2026 17:51:59;2/09/2026 17:52:09;C00002;PREPARADO PARA ESTAMPAR;0.00;;R05;58.80;N;;SE004856;JERSEY 30/1 P. PEINADO;0;0.02;NORMAL;ABUCORP PERU SAC.;;E-EN PRODUCCION;N;1.00;0;1;0;0;00:01;00:00;50;NO TIENE RECETA;;FALSO;0.00;0.00;;LHERNANDEZ
26;ESTAMPADO;8.00;Y3761;ESTT-01;3/09/2026 09:56:45;3/09/2026 09:57:08;111B6N;WHITE  ROLLER RABBIT 1722;477.94;;R05;477.94;N;;IN000229;INTERLOCK ESTAMPADO PIGMENTO FULL COBERTURA 50/1 NE;23;0.02;NORMAL;ROLLER RABBIT;RRT-012D;T-EN ALMACEN TENIDO;N;1.00;0;1;0;0;00:01;00:00;50;8.000;;FALSO;0.00;3.32;I9650;LHERNANDEZ
26;ESTAMPADO;8.00;Y4857;ESTT-01;3/09/2026 13:17:55;3/09/2026 13:18:04;111B6N;WHITE  ROLLER RABBIT 1722;343.54;;R05;343.54;N;;IN000229;INTERLOCK ESTAMPADO PIGMENTO FULL COBERTURA 50/1 NE;17;0.02;NORMAL;ROLLER RABBIT;RRT-012C;T-EN ALMACEN TENIDO;N;1.00;0;1;0;0;00:01;00:00;50;8.000;JA PIP-27;FALSO;0.00;3.32;I9656;LHERNANDEZ
26;ESTAMPADO;8.00;Y4858;ESTT-01;3/09/2026 13:18:40;3/09/2026 13:18:49;111B6N;WHITE  ROLLER RABBIT 1722;38.08;;R05;38.08;N;;IN000229;INTERLOCK ESTAMPADO PIGMENTO FULL COBERTURA 50/1 NE;2;0.00;NORMAL;ROLLER RABBIT;RRT-012C;T-EN ALMACEN TENIDO;N;0.00;0;0;0;0;00:00;00:00;50;8.000;JA PIP-27;FALSO;0.00;3.32;I9658;LHERNANDEZ
26;ESTAMPADO;8.30;Y2381;ESTT-01;3/09/2026 14:08:48;3/09/2026 14:08:58;111B9E;WHITE  PETIT HOURS 17576  PRESPRING26;125.22;;R05;125.22;N;;JE005388;JERSEY ESMERILADO ESTAMPADO PIGMENTO 30/1 PP - 150 AW;6;0.00;NORMAL;HIALPESA;;E-EN PRODUCCION;N;0.00;0;0;0;0;00:00;00:00;50;9.000;;FALSO;0.00;0.00;;LHERNANDEZ
26;ESTAMPADO;8.40;Y2381;ESTT-01;3/09/2026 14:09:30;3/09/2026 14:09:40;111B9E;WHITE  PETIT HOURS 17576  PRESPRING26;125.22;;R05;125.22;N;;JE005388;JERSEY ESMERILADO ESTAMPADO PIGMENTO 30/1 PP - 150 AW;6;0.00;NORMAL;HIALPESA;;E-EN PRODUCCION;N;0.00;0;0;0;0;00:00;00:00;50;9.000;;FALSO;0.00;0.00;;LHERNANDEZ
26;ESTAMPADO;2.00;Y3806;ESTT-01;3/09/2026 16:45:18;3/09/2026 16:45:30;C00002;PREPARADO PARA ESTAMPAR;0.00;;R05;145.60;N;;SE005025;JERSEY 40/1 PIMA ORGANICO - PPT;0;0.00;NORMAL;INTRATESA S.A.C.;;E-EN PRODUCCION;N;0.00;0;0;0;0;00:00;00:00;50;NO TIENE RECETA;;FALSO;0.00;0.00;;LHERNANDEZ
26;ESTAMPADO;3.00;Y3806;ESTT-01;3/09/2026 16:47:44;3/09/2026 16:48:15;C00002;PREPARADO PARA ESTAMPAR;0.00;;R05;145.60;N;;SE005025;JERSEY 40/1 PIMA ORGANICO - PPT;0;0.02;NORMAL;INTRATESA S.A.C.;;E-EN PRODUCCION;N;1.00;0;1;0;0;00:01;00:00;50;NO TIENE RECETA;;FALSO;0.00;0.00;;LHERNANDEZ
26;ESTAMPADO;2.00;Y3803;ESTT-01;3/09/2026 16:48:47;3/09/2026 16:48:57;C00002;PREPARADO PARA ESTAMPAR;0.00;;R05;32.45;N;;SE005025;JERSEY 40/1 PIMA ORGANICO - PPT;0;0.00;NORMAL;INTRATESA S.A.C.;;P-PROGRAMADA;N;0.00;0;0;0;0;00:00;00:00;50;NO TIENE RECETA;;FALSO;0.00;0.00;;LHERNANDEZ
26;ESTAMPADO;3.00;Y3803;ESTT-01;3/09/2026 16:49:41;3/09/2026 16:49:51;C00002;PREPARADO PARA ESTAMPAR;0.00;;R05;32.45;N;;SE005025;JERSEY 40/1 PIMA ORGANICO - PPT;0;0.00;NORMAL;INTRATESA S.A.C.;;P-PROGRAMADA;N;0.00;0;0;0;0;00:00;00:00;50;NO TIENE RECETA;;FALSO;0.00;0.00;;LHERNANDEZ
26;ESTAMPADO;2.00;Y3873;ESTT-01;4/09/2026 10:36:13;4/09/2026 10:36:24;C00002;PREPARADO PARA ESTAMPAR;0.00;;R05;364.00;N;;SE004868;JERSEY FULL SPANDEX 30/1 PIMA ORGANICO - MODAL 50/;0;0.00;NORMAL;INTRATESA S.A.C.;;E-EN PRODUCCION;N;0.00;0;0;0;0;00:00;00:00;50;NO TIENE RECETA;;FALSO;0.00;0.00;;LHERNANDEZ
26;ESTAMPADO;3.00;Y3873;ESTT-01;4/09/2026 10:36:55;4/09/2026 10:37:07;C00002;PREPARADO PARA ESTAMPAR;0.00;;R05;364.00;N;;SE004868;JERSEY FULL SPANDEX 30/1 PIMA ORGANICO - MODAL 50/;0;0.02;NORMAL;INTRATESA S.A.C.;;E-EN PRODUCCION;N;1.00;0;1;0;0;00:01;00:00;50;NO TIENE RECETA;;FALSO;0.00;0.00;;LHERNANDEZ
26;ESTAMPADO;2.00;Y3811;ESTT-01;4/09/2026 15:35:43;4/09/2026 15:35:54;C00002;PREPARADO PARA ESTAMPAR;0.00;;R05;226.20;N;;SE005026;JERSEY FULL SPANDEX 30/1 PIMA - MODAL 50/50 - COLO;0;0.00;NORMAL;INTRATESA S.A.C.;;P-PROGRAMADA;N;0.00;0;0;0;0;00:00;00:00;50;NO TIENE RECETA;;FALSO;0.00;0.00;;LHERNANDEZ
26;ESTAMPADO;3.00;Y3811;ESTT-01;4/09/2026 15:36:27;4/09/2026 15:36:37;C00002;PREPARADO PARA ESTAMPAR;0.00;;R05;226.20;N;;SE005026;JERSEY FULL SPANDEX 30/1 PIMA - MODAL 50/50 - COLO;0;0.00;NORMAL;INTRATESA S.A.C.;;P-PROGRAMADA;N;0.00;0;0;0;0;00:00;00:00;50;NO TIENE RECETA;;FALSO;0.00;0.00;;LHERNANDEZ
26;ESTAMPADO;2.00;Y3810;ESTT-01;4/09/2026 16:04:39;4/09/2026 16:04:49;C00002;PREPARADO PARA ESTAMPAR;0.00;;R05;168.00;N;;SE005026;JERSEY FULL SPANDEX 30/1 PIMA - MODAL 50/50 - COLO;0;0.00;NORMAL;INTRATESA S.A.C.;;P-PROGRAMADA;N;0.00;0;0;0;0;00:00;00:00;50;NO TIENE RECETA;;FALSO;0.00;0.00;;LHERNANDEZ
26;ESTAMPADO;3.00;Y3810;ESTT-01;4/09/2026 16:05:38;4/09/2026 16:05:46;C00002;PREPARADO PARA ESTAMPAR;0.00;;R05;168.00;N;;SE005026;JERSEY FULL SPANDEX 30/1 PIMA - MODAL 50/50 - COLO;0;0.00;NORMAL;INTRATESA S.A.C.;;P-PROGRAMADA;N;0.00;0;0;0;0;00:00;00:00;50;NO TIENE RECETA;;FALSO;0.00;0.00;;LHERNANDEZ
26;ESTAMPADO;2.00;Y3809;ESTT-01;4/09/2026 16:33:12;4/09/2026 16:33:20;C00002;PREPARADO PARA ESTAMPAR;0.00;;R05;223.55;N;;SE005026;JERSEY FULL SPANDEX 30/1 PIMA - MODAL 50/50 - COLO;0;0.00;NORMAL;INTRATESA S.A.C.;;P-PROGRAMADA;N;0.00;0;0;0;0;00:00;00:00;50;NO TIENE RECETA;;FALSO;0.00;0.00;;LHERNANDEZ
26;ESTAMPADO;3.00;Y3809;ESTT-01;4/09/2026 16:33:45;4/09/2026 16:33:53;C00002;PREPARADO PARA ESTAMPAR;0.00;;R05;223.55;N;;SE005026;JERSEY FULL SPANDEX 30/1 PIMA - MODAL 50/50 - COLO;0;0.00;NORMAL;INTRATESA S.A.C.;;P-PROGRAMADA;N;0.00;0;0;0;0;00:00;00:00;50;NO TIENE RECETA;;FALSO;0.00;0.00;;LHERNANDEZ
